Product Card Id,Product Name,Forecast_Date,Forecasted_Demand,Actual_Demand,Forecast_Transactions,Supplier_Risk_Available,Average_Daily_Demand,Demand_Std_Dev,Average_Lead_Time,Lead_Time_Std_Dev,Disruption_Probability,Supplier_Trust_Score,Risk_Available,Risk_Adjusted_Lead_Time_Factor,Risk_Adjusted_Lead_Time,Forecast_Lead_Time_Demand,Risk_Adjusted_Safety_Stock,Forecast_Risk_Aware_Reorder_Point,Forecast_Risk_Aware_Reorder_Quantity
37,adidas Kids' F5 Messi FG Soccer Cleat,2015-11-16,1.01,1,1,0,3.3663793103448274,1.8770172509230503,3.4618320610687023,1.6059257134051421,,,False,,,,,,
37,adidas Kids' F5 Messi FG Soccer Cleat,2015-11-17,3.01,3,1,0,3.3663793103448274,1.8770172509230503,3.4618320610687023,1.6059257134051421,,,False,,,,,,
37,adidas Kids' F5 Messi FG Soccer Cleat,2015-11-18,7.0,7,2,0,3.3663793103448274,1.8770172509230503,3.4618320610687023,1.6059257134051421,,,False,,,,,,
37,adidas Kids' F5 Messi FG Soccer Cleat,2015-11-21,5.03,5,1,0,3.3663793103448274,1.8770172509230503,3.4618320610687023,1.6059257134051421,,,False,,,,,,
37,adidas Kids' F5 Messi FG Soccer Cleat,2015-11-23,1.0,1,1,0,3.3663793103448274,1.8770172509230503,3.4618320610687023,1.6059257134051421,,,False,,,,,,
37,adidas Kids' F5 Messi FG Soccer Cleat,2015-11-29,5.0,5,1,0,3.3663793103448274,1.8770172509230503,3.4618320610687023,1.6059257134051421,,,False,,,,,,
37,adidas Kids' F5 Messi FG Soccer Cleat,2015-11-30,3.0,3,1,0,3.3663793103448274,1.8770172509230503,3.4618320610687023,1.6059257134051421,,,False,,,,,,
37,adidas Kids' F5 Messi FG Soccer Cleat,2015-12-03,2.0,2,1,0,3.3663793103448274,1.8770172509230503,3.4618320610687023,1.6059257134051421,,,False,,,,,,
37,adidas Kids' F5 Messi FG Soccer Cleat,2015-12-07,6.02,6,2,0,3.3663793103448274,1.8770172509230503,3.4618320610687023,1.6059257134051421,,,False,,,,,,
37,adidas Kids' F5 Messi FG Soccer Cleat,2015-12-09,3.01,3,1,0,3.3663793103448274,1.8770172509230503,3.4618320610687023,1.6059257134051421,,,False,,,,,,
37,adidas Kids' F5 Messi FG Soccer Cleat,2015-12-12,3.0,3,1,0,3.3663793103448274,1.8770172509230503,3.4618320610687023,1.6059257134051421,,,False,,,,,,
37,adidas Kids' F5 Messi FG Soccer Cleat,2015-12-14,1.0,1,1,0,3.3663793103448274,1.8770172509230503,3.4618320610687023,1.6059257134051421,,,False,,,,,,
37,adidas Kids' F5 Messi FG Soccer Cleat,2015-12-16,5.0,5,1,0,3.3663793103448274,1.8770172509230503,3.4618320610687023,1.6059257134051421,,,False,,,,,,
37,adidas Kids' F5 Messi FG Soccer Cleat,2015-12-18,3.0,3,1,0,3.3663793103448274,1.8770172509230503,3.4618320610687023,1.6059257134051421,,,False,,,,,,
37,adidas Kids' F5 Messi FG Soccer Cleat,2015-12-21,1.0,1,1,0,3.3663793103448274,1.8770172509230503,3.4618320610687023,1.6059257134051421,,,False,,,,,,
37,adidas Kids' F5 Messi FG Soccer Cleat,2015-12-23,3.97,4,1,0,3.3663793103448274,1.8770172509230503,3.4618320610687023,1.6059257134051421,,,False,,,,,,
37,adidas Kids' F5 Messi FG Soccer Cleat,2015-12-26,5.01,5,1,0,3.3663793103448274,1.8770172509230503,3.4618320610687023,1.6059257134051421,,,False,,,,,,
37,adidas Kids' F5 Messi FG Soccer Cleat,2015-12-27,3.01,3,1,0,3.3663793103448274,1.8770172509230503,3.4618320610687023,1.6059257134051421,,,False,,,,,,
37,adidas Kids' F5 Messi FG Soccer Cleat,2015-12-29,2.98,3,1,0,3.3663793103448274,1.8770172509230503,3.4618320610687023,1.6059257134051421,,,False,,,,,,
37,adidas Kids' F5 Messi FG Soccer Cleat,2016-01-01,1.01,1,1,0,3.3663793103448274,1.8770172509230503,3.4618320610687023,1.6059257134051421,,,False,,,,,,
37,adidas Kids' F5 Messi FG Soccer Cleat,2016-01-04,2.0,2,1,0,3.3663793103448274,1.8770172509230503,3.4618320610687023,1.6059257134051421,,,False,,,,,,
37,adidas Kids' F5 Messi FG Soccer Cleat,2016-01-10,4.02,4,1,0,3.3663793103448274,1.8770172509230503,3.4618320610687023,1.6059257134051421,,,False,,,,,,
37,adidas Kids' F5 Messi FG Soccer Cleat,2016-01-12,6.970000000000001,7,2,0,3.3663793103448274,1.8770172509230503,3.4618320610687023,1.6059257134051421,,,False,,,,,,
37,adidas Kids' F5 Messi FG Soccer Cleat,2016-01-22,4.02,4,1,0,3.3663793103448274,1.8770172509230503,3.4618320610687023,1.6059257134051421,,,False,,,,,,
37,adidas Kids' F5 Messi FG Soccer Cleat,2016-01-26,2.01,2,1,0,3.3663793103448274,1.8770172509230503,3.4618320610687023,1.6059257134051421,,,False,,,,,,
37,adidas Kids' F5 Messi FG Soccer Cleat,2016-01-29,2.99,3,1,0,3.3663793103448274,1.8770172509230503,3.4618320610687023,1.6059257134051421,,,False,,,,,,
37,adidas Kids' F5 Messi FG Soccer Cleat,2016-01-31,2.0,2,1,0,3.3663793103448274,1.8770172509230503,3.4618320610687023,1.6059257134051421,,,False,,,,,,
44,adidas Men's F10 Messi TRX FG Soccer Cleat,2015-12-02,1.0,1,1,1,3.5977011494252875,2.2211904471819888,3.5114754098360654,1.5999689923656306,0.9795,2.05,True,1.9795,6.950965573770492,6.950965573770492,9.986354447269552,16.937320021040044,13.8565
44,adidas Men's F10 Messi TRX FG Soccer Cleat,2015-12-03,3.0,3,1,1,3.5977011494252875,2.2211904471819888,3.5114754098360654,1.5999689923656306,0.9795,2.05,True,1.9795,6.950965573770492,20.852896721311474,12.455702273939009,33.308598995250485,41.5695
44,adidas Men's F10 Messi TRX FG Soccer Cleat,2015-12-04,3.0,3,1,1,3.5977011494252875,2.2211904471819888,3.5114754098360654,1.5999689923656306,0.9795,2.05,True,1.9795,6.950965573770492,20.852896721311474,12.455702273939009,33.308598995250485,41.5695
44,adidas Men's F10 Messi TRX FG Soccer Cleat,2015-12-06,1.0,1,1,1,3.5977011494252875,2.2211904471819888,3.5114754098360654,1.5999689923656306,0.9795,2.05,True,1.9795,6.950965573770492,6.950965573770492,9.986354447269552,16.937320021040044,13.8565
44,adidas Men's F10 Messi TRX FG Soccer Cleat,2015-12-08,5.0,5,2,1,3.5977011494252875,2.2211904471819888,3.5114754098360654,1.5999689923656306,0.9795,2.05,True,1.9795,6.950965573770492,34.75482786885246,16.30886283951237,51.06369070836483,69.2825
44,adidas Men's F10 Messi TRX FG Soccer Cleat,2015-12-10,5.0,5,1,1,3.5977011494252875,2.2211904471819888,3.5114754098360654,1.5999689923656306,0.9795,2.05,True,1.9795,6.950965573770492,34.75482786885246,16.30886283951237,51.06369070836483,69.2825
44,adidas Men's F10 Messi TRX FG Soccer Cleat,2015-12-13,8.0,8,2,1,3.5977011494252875,2.2211904471819888,3.5114754098360654,1.5999689923656306,0.9795,2.05,True,1.9795,6.950965573770492,55.60772459016393,23.154655505356995,78.76238009552092,110.852
44,adidas Men's F10 Messi TRX FG Soccer Cleat,2015-12-19,5.0,5,1,1,3.5977011494252875,2.2211904471819888,3.5114754098360654,1.5999689923656306,0.9795,2.05,True,1.9795,6.950965573770492,34.75482786885246,16.30886283951237,51.06369070836483,69.2825
44,adidas Men's F10 Messi TRX FG Soccer Cleat,2015-12-22,4.0,4,1,1,3.5977011494252875,2.2211904471819888,3.5114754098360654,1.5999689923656306,0.9795,2.05,True,1.9795,6.950965573770492,27.803862295081966,14.270059832695335,42.0739221277773,55.426
44,adidas Men's F10 Messi TRX FG Soccer Cleat,2015-12-30,2.0,2,1,1,3.5977011494252875,2.2211904471819888,3.5114754098360654,1.5999689923656306,0.9795,2.05,True,1.9795,6.950965573770492,13.901931147540983,10.977647363754278,24.87957851129526,27.713
44,adidas Men's F10 Messi TRX FG Soccer Cleat,2016-01-04,2.0,2,1,1,3.5977011494252875,2.2211904471819888,3.5114754098360654,1.5999689923656306,0.9795,2.05,True,1.9795,6.950965573770492,13.901931147540983,10.977647363754278,24.87957851129526,27.713
44,adidas Men's F10 Messi TRX FG Soccer Cleat,2016-01-19,1.04,1,1,1,3.5977011494252875,2.2211904471819888,3.5114754098360654,1.5999689923656306,0.9795,2.05,True,1.9795,6.950965573770492,7.229004196721312,10.014615870576542,17.243620067297854,14.410760000000002
44,adidas Men's F10 Messi TRX FG Soccer Cleat,2016-01-21,5.0,5,1,1,3.5977011494252875,2.2211904471819888,3.5114754098360654,1.5999689923656306,0.9795,2.05,True,1.9795,6.950965573770492,34.75482786885246,16.30886283951237,51.06369070836483,69.2825
44,adidas Men's F10 Messi TRX FG Soccer Cleat,2016-01-22,2.0,2,1,1,3.5977011494252875,2.2211904471819888,3.5114754098360654,1.5999689923656306,0.9795,2.05,True,1.9795,6.950965573770492,13.901931147540983,10.977647363754278,24.87957851129526,27.713
44,adidas Men's F10 Messi TRX FG Soccer Cleat,2016-01-24,7.0,7,2,1,3.5977011494252875,2.2211904471819888,3.5114754098360654,1.5999689923656306,0.9795,2.05,True,1.9795,6.950965573770492,48.656759016393444,20.79015966965032,69.44691868604376,96.9955
44,adidas Men's F10 Messi TRX FG Soccer Cleat,2016-01-25,2.0,2,1,1,3.5977011494252875,2.2211904471819888,3.5114754098360654,1.5999689923656306,0.9795,2.05,True,1.9795,6.950965573770492,13.901931147540983,10.977647363754278,24.87957851129526,27.713
93,Under Armour Men's Tech II T-Shirt,2015-11-20,2.0,2,1,0,3.4221311475409837,1.8981477779258302,3.6214285714285714,1.6262535044787738,,,False,,,,,,
93,Under Armour Men's Tech II T-Shirt,2015-11-28,2.0,2,1,0,3.4221311475409837,1.8981477779258302,3.6214285714285714,1.6262535044787738,,,False,,,,,,
93,Under Armour Men's Tech II T-Shirt,2015-11-29,0.99,1,1,0,3.4221311475409837,1.8981477779258302,3.6214285714285714,1.6262535044787738,,,False,,,,,,
93,Under Armour Men's Tech II T-Shirt,2015-11-30,5.0,5,1,0,3.4221311475409837,1.8981477779258302,3.6214285714285714,1.6262535044787738,,,False,,,,,,
93,Under Armour Men's Tech II T-Shirt,2015-12-04,1.0,1,1,0,3.4221311475409837,1.8981477779258302,3.6214285714285714,1.6262535044787738,,,False,,,,,,
93,Under Armour Men's Tech II T-Shirt,2015-12-05,7.0,7,2,0,3.4221311475409837,1.8981477779258302,3.6214285714285714,1.6262535044787738,,,False,,,,,,
93,Under Armour Men's Tech II T-Shirt,2015-12-06,2.0,2,1,0,3.4221311475409837,1.8981477779258302,3.6214285714285714,1.6262535044787738,,,False,,,,,,
93,Under Armour Men's Tech II T-Shirt,2015-12-09,2.0,2,1,0,3.4221311475409837,1.8981477779258302,3.6214285714285714,1.6262535044787738,,,False,,,,,,
93,Under Armour Men's Tech II T-Shirt,2015-12-15,5.01,5,1,0,3.4221311475409837,1.8981477779258302,3.6214285714285714,1.6262535044787738,,,False,,,,,,
93,Under Armour Men's Tech II T-Shirt,2015-12-22,2.0,2,1,0,3.4221311475409837,1.8981477779258302,3.6214285714285714,1.6262535044787738,,,False,,,,,,
93,Under Armour Men's Tech II T-Shirt,2015-12-26,5.0,5,1,0,3.4221311475409837,1.8981477779258302,3.6214285714285714,1.6262535044787738,,,False,,,,,,
93,Under Armour Men's Tech II T-Shirt,2015-12-27,4.99,5,2,0,3.4221311475409837,1.8981477779258302,3.6214285714285714,1.6262535044787738,,,False,,,,,,
93,Under Armour Men's Tech II T-Shirt,2016-01-11,2.0,2,1,0,3.4221311475409837,1.8981477779258302,3.6214285714285714,1.6262535044787738,,,False,,,,,,
93,Under Armour Men's Tech II T-Shirt,2016-01-18,3.0,3,1,0,3.4221311475409837,1.8981477779258302,3.6214285714285714,1.6262535044787738,,,False,,,,,,
93,Under Armour Men's Tech II T-Shirt,2016-01-27,9.0,9,2,0,3.4221311475409837,1.8981477779258302,3.6214285714285714,1.6262535044787738,,,False,,,,,,
93,Under Armour Men's Tech II T-Shirt,2016-01-30,4.0,4,1,0,3.4221311475409837,1.8981477779258302,3.6214285714285714,1.6262535044787738,,,False,,,,,,
116,Nike Men's Comfort 2 Slide,2015-11-16,1.99,2,1,0,3.7116104868913857,2.122909416122729,3.542682926829268,1.662136754388355,,,False,,,,,,
116,Nike Men's Comfort 2 Slide,2015-11-19,5.02,5,1,0,3.7116104868913857,2.122909416122729,3.542682926829268,1.662136754388355,,,False,,,,,,
116,Nike Men's Comfort 2 Slide,2015-11-22,2.01,2,1,0,3.7116104868913857,2.122909416122729,3.542682926829268,1.662136754388355,,,False,,,,,,
116,Nike Men's Comfort 2 Slide,2015-11-27,9.02,9,2,0,3.7116104868913857,2.122909416122729,3.542682926829268,1.662136754388355,,,False,,,,,,
116,Nike Men's Comfort 2 Slide,2015-11-28,4.0,4,1,0,3.7116104868913857,2.122909416122729,3.542682926829268,1.662136754388355,,,False,,,,,,
116,Nike Men's Comfort 2 Slide,2015-12-07,4.02,4,1,0,3.7116104868913857,2.122909416122729,3.542682926829268,1.662136754388355,,,False,,,,,,
116,Nike Men's Comfort 2 Slide,2015-12-10,1.0,1,1,0,3.7116104868913857,2.122909416122729,3.542682926829268,1.662136754388355,,,False,,,,,,
116,Nike Men's Comfort 2 Slide,2015-12-11,3.99,4,2,0,3.7116104868913857,2.122909416122729,3.542682926829268,1.662136754388355,,,False,,,,,,
116,Nike Men's Comfort 2 Slide,2015-12-12,6.01,6,2,0,3.7116104868913857,2.122909416122729,3.542682926829268,1.662136754388355,,,False,,,,,,
116,Nike Men's Comfort 2 Slide,2015-12-13,0.99,1,1,0,3.7116104868913857,2.122909416122729,3.542682926829268,1.662136754388355,,,False,,,,,,
116,Nike Men's Comfort 2 Slide,2015-12-18,3.03,3,1,0,3.7116104868913857,2.122909416122729,3.542682926829268,1.662136754388355,,,False,,,,,,
116,Nike Men's Comfort 2 Slide,2015-12-19,7.98,8,2,0,3.7116104868913857,2.122909416122729,3.542682926829268,1.662136754388355,,,False,,,,,,
116,Nike Men's Comfort 2 Slide,2015-12-20,1.0,1,1,0,3.7116104868913857,2.122909416122729,3.542682926829268,1.662136754388355,,,False,,,,,,
116,Nike Men's Comfort 2 Slide,2015-12-23,2.0,2,1,0,3.7116104868913857,2.122909416122729,3.542682926829268,1.662136754388355,,,False,,,,,,
116,Nike Men's Comfort 2 Slide,2015-12-26,1.0,1,1,0,3.7116104868913857,2.122909416122729,3.542682926829268,1.662136754388355,,,False,,,,,,
116,Nike Men's Comfort 2 Slide,2015-12-31,4.99,5,1,0,3.7116104868913857,2.122909416122729,3.542682926829268,1.662136754388355,,,False,,,,,,
116,Nike Men's Comfort 2 Slide,2016-01-01,2.01,2,1,0,3.7116104868913857,2.122909416122729,3.542682926829268,1.662136754388355,,,False,,,,,,
116,Nike Men's Comfort 2 Slide,2016-01-03,5.0,5,1,0,3.7116104868913857,2.122909416122729,3.542682926829268,1.662136754388355,,,False,,,,,,
116,Nike Men's Comfort 2 Slide,2016-01-04,4.99,5,1,0,3.7116104868913857,2.122909416122729,3.542682926829268,1.662136754388355,,,False,,,,,,
116,Nike Men's Comfort 2 Slide,2016-01-05,4.99,5,1,0,3.7116104868913857,2.122909416122729,3.542682926829268,1.662136754388355,,,False,,,,,,
116,Nike Men's Comfort 2 Slide,2016-01-17,1.01,1,1,0,3.7116104868913857,2.122909416122729,3.542682926829268,1.662136754388355,,,False,,,,,,
116,Nike Men's Comfort 2 Slide,2016-01-18,3.0,3,1,0,3.7116104868913857,2.122909416122729,3.542682926829268,1.662136754388355,,,False,,,,,,
116,Nike Men's Comfort 2 Slide,2016-01-22,2.99,3,1,0,3.7116104868913857,2.122909416122729,3.542682926829268,1.662136754388355,,,False,,,,,,
116,Nike Men's Comfort 2 Slide,2016-01-26,1.0,1,1,0,3.7116104868913857,2.122909416122729,3.542682926829268,1.662136754388355,,,False,,,,,,
116,Nike Men's Comfort 2 Slide,2016-01-30,3.01,3,1,0,3.7116104868913857,2.122909416122729,3.542682926829268,1.662136754388355,,,False,,,,,,
134,Nike Women's Legend V-Neck T-Shirt,2015-11-17,1.0,1,1,0,3.3940677966101696,1.9355044368771912,3.3978494623655915,1.6499822428490967,,,False,,,,,,
134,Nike Women's Legend V-Neck T-Shirt,2015-11-20,2.0,2,1,0,3.3940677966101696,1.9355044368771912,3.3978494623655915,1.6499822428490967,,,False,,,,,,
134,Nike Women's Legend V-Neck T-Shirt,2015-11-21,2.0,2,2,0,3.3940677966101696,1.9355044368771912,3.3978494623655915,1.6499822428490967,,,False,,,,,,
134,Nike Women's Legend V-Neck T-Shirt,2015-11-22,2.0,2,1,0,3.3940677966101696,1.9355044368771912,3.3978494623655915,1.6499822428490967,,,False,,,,,,
134,Nike Women's Legend V-Neck T-Shirt,2015-11-27,3.03,3,1,0,3.3940677966101696,1.9355044368771912,3.3978494623655915,1.6499822428490967,,,False,,,,,,
134,Nike Women's Legend V-Neck T-Shirt,2015-12-02,1.0,1,1,0,3.3940677966101696,1.9355044368771912,3.3978494623655915,1.6499822428490967,,,False,,,,,,
134,Nike Women's Legend V-Neck T-Shirt,2015-12-03,1.99,2,1,0,3.3940677966101696,1.9355044368771912,3.3978494623655915,1.6499822428490967,,,False,,,,,,
134,Nike Women's Legend V-Neck T-Shirt,2015-12-04,1.98,2,1,0,3.3940677966101696,1.9355044368771912,3.3978494623655915,1.6499822428490967,,,False,,,,,,
134,Nike Women's Legend V-Neck T-Shirt,2015-12-07,1.0,1,1,0,3.3940677966101696,1.9355044368771912,3.3978494623655915,1.6499822428490967,,,False,,,,,,
134,Nike Women's Legend V-Neck T-Shirt,2015-12-08,5.01,5,1,0,3.3940677966101696,1.9355044368771912,3.3978494623655915,1.6499822428490967,,,False,,,,,,
134,Nike Women's Legend V-Neck T-Shirt,2015-12-09,1.0,1,1,0,3.3940677966101696,1.9355044368771912,3.3978494623655915,1.6499822428490967,,,False,,,,,,
134,Nike Women's Legend V-Neck T-Shirt,2015-12-11,9.0,9,2,0,3.3940677966101696,1.9355044368771912,3.3978494623655915,1.6499822428490967,,,False,,,,,,
134,Nike Women's Legend V-Neck T-Shirt,2015-12-12,5.0,5,1,0,3.3940677966101696,1.9355044368771912,3.3978494623655915,1.6499822428490967,,,False,,,,,,
134,Nike Women's Legend V-Neck T-Shirt,2015-12-15,5.0,5,1,0,3.3940677966101696,1.9355044368771912,3.3978494623655915,1.6499822428490967,,,False,,,,,,
134,Nike Women's Legend V-Neck T-Shirt,2015-12-18,4.99,5,2,0,3.3940677966101696,1.9355044368771912,3.3978494623655915,1.6499822428490967,,,False,,,,,,
134,Nike Women's Legend V-Neck T-Shirt,2015-12-19,1.99,2,1,0,3.3940677966101696,1.9355044368771912,3.3978494623655915,1.6499822428490967,,,False,,,,,,
134,Nike Women's Legend V-Neck T-Shirt,2015-12-21,1.01,1,1,0,3.3940677966101696,1.9355044368771912,3.3978494623655915,1.6499822428490967,,,False,,,,,,
134,Nike Women's Legend V-Neck T-Shirt,2015-12-22,1.0,1,1,0,3.3940677966101696,1.9355044368771912,3.3978494623655915,1.6499822428490967,,,False,,,,,,
134,Nike Women's Legend V-Neck T-Shirt,2015-12-23,4.0,4,1,0,3.3940677966101696,1.9355044368771912,3.3978494623655915,1.6499822428490967,,,False,,,,,,
134,Nike Women's Legend V-Neck T-Shirt,2015-12-30,1.0,1,1,0,3.3940677966101696,1.9355044368771912,3.3978494623655915,1.6499822428490967,,,False,,,,,,
134,Nike Women's Legend V-Neck T-Shirt,2015-12-31,1.0,1,1,0,3.3940677966101696,1.9355044368771912,3.3978494623655915,1.6499822428490967,,,False,,,,,,
134,Nike Women's Legend V-Neck T-Shirt,2016-01-01,1.0,1,1,0,3.3940677966101696,1.9355044368771912,3.3978494623655915,1.6499822428490967,,,False,,,,,,
134,Nike Women's Legend V-Neck T-Shirt,2016-01-02,1.99,2,1,0,3.3940677966101696,1.9355044368771912,3.3978494623655915,1.6499822428490967,,,False,,,,,,
134,Nike Women's Legend V-Neck T-Shirt,2016-01-05,8.0,8,2,0,3.3940677966101696,1.9355044368771912,3.3978494623655915,1.6499822428490967,,,False,,,,,,
134,Nike Women's Legend V-Neck T-Shirt,2016-01-07,5.0,5,1,0,3.3940677966101696,1.9355044368771912,3.3978494623655915,1.6499822428490967,,,False,,,,,,
134,Nike Women's Legend V-Neck T-Shirt,2016-01-08,1.05,1,1,0,3.3940677966101696,1.9355044368771912,3.3978494623655915,1.6499822428490967,,,False,,,,,,
134,Nike Women's Legend V-Neck T-Shirt,2016-01-13,3.0,3,1,0,3.3940677966101696,1.9355044368771912,3.3978494623655915,1.6499822428490967,,,False,,,,,,
134,Nike Women's Legend V-Neck T-Shirt,2016-01-19,1.0,1,1,0,3.3940677966101696,1.9355044368771912,3.3978494623655915,1.6499822428490967,,,False,,,,,,
134,Nike Women's Legend V-Neck T-Shirt,2016-01-28,7.0,7,2,0,3.3940677966101696,1.9355044368771912,3.3978494623655915,1.6499822428490967,,,False,,,,,,
134,Nike Women's Legend V-Neck T-Shirt,2016-01-29,2.0,2,1,0,3.3940677966101696,1.9355044368771912,3.3978494623655915,1.6499822428490967,,,False,,,,,,
134,Nike Women's Legend V-Neck T-Shirt,2016-01-31,1.0,1,1,0,3.3940677966101696,1.9355044368771912,3.3978494623655915,1.6499822428490967,,,False,,,,,,
135,Nike Dri-FIT Crew Sock 6 Pack,2015-11-21,2.98,3,1,0,3.4092664092664093,1.8745725720749833,3.4415584415584415,1.644206145832588,,,False,,,,,,
135,Nike Dri-FIT Crew Sock 6 Pack,2015-11-22,4.97,5,1,0,3.4092664092664093,1.8745725720749833,3.4415584415584415,1.644206145832588,,,False,,,,,,
135,Nike Dri-FIT Crew Sock 6 Pack,2015-11-24,2.99,3,1,0,3.4092664092664093,1.8745725720749833,3.4415584415584415,1.644206145832588,,,False,,,,,,
135,Nike Dri-FIT Crew Sock 6 Pack,2015-12-02,4.94,5,1,0,3.4092664092664093,1.8745725720749833,3.4415584415584415,1.644206145832588,,,False,,,,,,
135,Nike Dri-FIT Crew Sock 6 Pack,2015-12-03,4.95,5,1,0,3.4092664092664093,1.8745725720749833,3.4415584415584415,1.644206145832588,,,False,,,,,,
135,Nike Dri-FIT Crew Sock 6 Pack,2015-12-05,4.02,4,1,0,3.4092664092664093,1.8745725720749833,3.4415584415584415,1.644206145832588,,,False,,,,,,
135,Nike Dri-FIT Crew Sock 6 Pack,2015-12-10,4.98,5,1,0,3.4092664092664093,1.8745725720749833,3.4415584415584415,1.644206145832588,,,False,,,,,,
135,Nike Dri-FIT Crew Sock 6 Pack,2015-12-11,5.0,5,1,0,3.4092664092664093,1.8745725720749833,3.4415584415584415,1.644206145832588,,,False,,,,,,
135,Nike Dri-FIT Crew Sock 6 Pack,2015-12-19,1.99,2,1,0,3.4092664092664093,1.8745725720749833,3.4415584415584415,1.644206145832588,,,False,,,,,,
135,Nike Dri-FIT Crew Sock 6 Pack,2015-12-20,4.97,5,1,0,3.4092664092664093,1.8745725720749833,3.4415584415584415,1.644206145832588,,,False,,,,,,
135,Nike Dri-FIT Crew Sock 6 Pack,2015-12-25,2.0,2,1,0,3.4092664092664093,1.8745725720749833,3.4415584415584415,1.644206145832588,,,False,,,,,,
135,Nike Dri-FIT Crew Sock 6 Pack,2015-12-28,2.98,3,1,0,3.4092664092664093,1.8745725720749833,3.4415584415584415,1.644206145832588,,,False,,,,,,
135,Nike Dri-FIT Crew Sock 6 Pack,2015-12-30,2.01,2,1,0,3.4092664092664093,1.8745725720749833,3.4415584415584415,1.644206145832588,,,False,,,,,,
135,Nike Dri-FIT Crew Sock 6 Pack,2015-12-31,2.01,2,1,0,3.4092664092664093,1.8745725720749833,3.4415584415584415,1.644206145832588,,,False,,,,,,
135,Nike Dri-FIT Crew Sock 6 Pack,2016-01-01,4.02,4,1,0,3.4092664092664093,1.8745725720749833,3.4415584415584415,1.644206145832588,,,False,,,,,,
135,Nike Dri-FIT Crew Sock 6 Pack,2016-01-03,1.02,1,1,0,3.4092664092664093,1.8745725720749833,3.4415584415584415,1.644206145832588,,,False,,,,,,
135,Nike Dri-FIT Crew Sock 6 Pack,2016-01-09,1.05,1,1,0,3.4092664092664093,1.8745725720749833,3.4415584415584415,1.644206145832588,,,False,,,,,,
135,Nike Dri-FIT Crew Sock 6 Pack,2016-01-14,3.9800000000000004,4,2,0,3.4092664092664093,1.8745725720749833,3.4415584415584415,1.644206145832588,,,False,,,,,,
135,Nike Dri-FIT Crew Sock 6 Pack,2016-01-15,5.02,5,1,0,3.4092664092664093,1.8745725720749833,3.4415584415584415,1.644206145832588,,,False,,,,,,
135,Nike Dri-FIT Crew Sock 6 Pack,2016-01-17,9.04,9,2,0,3.4092664092664093,1.8745725720749833,3.4415584415584415,1.644206145832588,,,False,,,,,,
135,Nike Dri-FIT Crew Sock 6 Pack,2016-01-18,4.98,5,2,0,3.4092664092664093,1.8745725720749833,3.4415584415584415,1.644206145832588,,,False,,,,,,
135,Nike Dri-FIT Crew Sock 6 Pack,2016-01-22,4.04,4,1,0,3.4092664092664093,1.8745725720749833,3.4415584415584415,1.644206145832588,,,False,,,,,,
135,Nike Dri-FIT Crew Sock 6 Pack,2016-01-23,4.03,4,1,0,3.4092664092664093,1.8745725720749833,3.4415584415584415,1.644206145832588,,,False,,,,,,
135,Nike Dri-FIT Crew Sock 6 Pack,2016-01-24,5.01,5,1,0,3.4092664092664093,1.8745725720749833,3.4415584415584415,1.644206145832588,,,False,,,,,,
135,Nike Dri-FIT Crew Sock 6 Pack,2016-01-27,2.01,2,1,0,3.4092664092664093,1.8745725720749833,3.4415584415584415,1.644206145832588,,,False,,,,,,
135,Nike Dri-FIT Crew Sock 6 Pack,2016-01-28,5.01,5,2,0,3.4092664092664093,1.8745725720749833,3.4415584415584415,1.644206145832588,,,False,,,,,,
172,Nike Women's Tempo Shorts,2015-11-15,2.02,2,1,0,3.475095785440613,2.1971030949913635,3.5440251572327046,1.6306253254645924,,,False,,,,,,
172,Nike Women's Tempo Shorts,2015-11-20,1.0,1,1,0,3.475095785440613,2.1971030949913635,3.5440251572327046,1.6306253254645924,,,False,,,,,,
172,Nike Women's Tempo Shorts,2015-11-21,2.02,2,1,0,3.475095785440613,2.1971030949913635,3.5440251572327046,1.6306253254645924,,,False,,,,,,
172,Nike Women's Tempo Shorts,2015-11-25,1.0,1,1,0,3.475095785440613,2.1971030949913635,3.5440251572327046,1.6306253254645924,,,False,,,,,,
172,Nike Women's Tempo Shorts,2015-11-29,2.0,2,1,0,3.475095785440613,2.1971030949913635,3.5440251572327046,1.6306253254645924,,,False,,,,,,
172,Nike Women's Tempo Shorts,2015-12-06,4.01,4,2,0,3.475095785440613,2.1971030949913635,3.5440251572327046,1.6306253254645924,,,False,,,,,,
172,Nike Women's Tempo Shorts,2015-12-09,8.01,8,2,0,3.475095785440613,2.1971030949913635,3.5440251572327046,1.6306253254645924,,,False,,,,,,
172,Nike Women's Tempo Shorts,2015-12-17,2.99,3,1,0,3.475095785440613,2.1971030949913635,3.5440251572327046,1.6306253254645924,,,False,,,,,,
172,Nike Women's Tempo Shorts,2015-12-21,3.0,3,1,0,3.475095785440613,2.1971030949913635,3.5440251572327046,1.6306253254645924,,,False,,,,,,
172,Nike Women's Tempo Shorts,2015-12-29,6.0,6,2,0,3.475095785440613,2.1971030949913635,3.5440251572327046,1.6306253254645924,,,False,,,,,,
172,Nike Women's Tempo Shorts,2016-01-05,4.01,4,1,0,3.475095785440613,2.1971030949913635,3.5440251572327046,1.6306253254645924,,,False,,,,,,
172,Nike Women's Tempo Shorts,2016-01-06,4.01,4,1,0,3.475095785440613,2.1971030949913635,3.5440251572327046,1.6306253254645924,,,False,,,,,,
172,Nike Women's Tempo Shorts,2016-01-07,4.99,5,1,0,3.475095785440613,2.1971030949913635,3.5440251572327046,1.6306253254645924,,,False,,,,,,
172,Nike Women's Tempo Shorts,2016-01-09,4.99,5,1,0,3.475095785440613,2.1971030949913635,3.5440251572327046,1.6306253254645924,,,False,,,,,,
172,Nike Women's Tempo Shorts,2016-01-10,4.02,4,1,0,3.475095785440613,2.1971030949913635,3.5440251572327046,1.6306253254645924,,,False,,,,,,
172,Nike Women's Tempo Shorts,2016-01-21,2.99,3,1,0,3.475095785440613,2.1971030949913635,3.5440251572327046,1.6306253254645924,,,False,,,,,,
172,Nike Women's Tempo Shorts,2016-01-27,5.0,5,1,0,3.475095785440613,2.1971030949913635,3.5440251572327046,1.6306253254645924,,,False,,,,,,
191,Nike Men's Free 5.0+ Running Shoe,2015-11-14,14.0,14,6,1,36.47011952191235,12.086597786288523,3.492631925578332,1.6208669985179305,0.8215714285714286,17.842857142857145,True,1.8215714285714286,6.362078526149902,89.06909936609863,62.517418297328476,151.58651766342712,178.514
191,Nike Men's Free 5.0+ Running Shoe,2015-11-15,20.0,20,7,1,36.47011952191235,12.086597786288523,3.492631925578332,1.6208669985179305,0.8215714285714286,17.842857142857145,True,1.8215714285714286,6.362078526149902,127.24157052299803,73.20330502654483,200.44487554954287,255.02
191,Nike Men's Free 5.0+ Running Shoe,2015-11-16,47.0,47,18,1,36.47011952191235,12.086597786288523,3.492631925578332,1.6208669985179305,0.8215714285714286,17.842857142857145,True,1.8215714285714286,6.362078526149902,299.0176907290454,134.97940352248884,433.99709425153424,599.297
191,Nike Men's Free 5.0+ Running Shoe,2015-11-17,30.009999999999998,30,9,1,36.47011952191235,12.086597786288523,3.492631925578332,1.6208669985179305,0.8215714285714286,17.842857142857145,True,1.8215714285714286,6.362078526149902,190.92597656975855,94.4332456866732,285.35922225643174,382.65751
191,Nike Men's Free 5.0+ Running Shoe,2015-11-18,53.0,53,14,1,36.47011952191235,12.086597786288523,3.492631925578332,1.6208669985179305,0.8215714285714286,17.842857142857145,True,1.8215714285714286,6.362078526149902,337.1901618859448,149.95004721027595,487.14020909622076,675.803
191,Nike Men's Free 5.0+ Running Shoe,2015-11-19,45.99,46,14,1,36.47011952191235,12.086597786288523,3.492631925578332,1.6208669985179305,0.8215714285714286,17.842857142857145,True,1.8215714285714286,6.362078526149902,292.591991417634,132.48296137807841,425.0749527957124,586.41849
191,Nike Men's Free 5.0+ Running Shoe,2015-11-20,37.0,37,14,1,36.47011952191235,12.086597786288523,3.492631925578332,1.6208669985179305,0.8215714285714286,17.842857142857145,True,1.8215714285714286,6.362078526149902,235.39690546754636,110.6690163459444,346.0659218134908,471.78700000000003
191,Nike Men's Free 5.0+ Running Shoe,2015-11-21,46.0,46,17,1,36.47011952191235,12.086597786288523,3.492631925578332,1.6208669985179305,0.8215714285714286,17.842857142857145,True,1.8215714285714286,6.362078526149902,292.6556122028955,132.50764089821357,425.16325310110904,586.546
191,Nike Men's Free 5.0+ Running Shoe,2015-11-22,22.0,22,9,1,36.47011952191235,12.086597786288523,3.492631925578332,1.6208669985179305,0.8215714285714286,17.842857142857145,True,1.8215714285714286,6.362078526149902,139.96572757529785,77.174508009058,217.14023558435585,280.522
191,Nike Men's Free 5.0+ Running Shoe,2015-11-23,53.0,53,16,1,36.47011952191235,12.086597786288523,3.492631925578332,1.6208669985179305,0.8215714285714286,17.842857142857145,True,1.8215714285714286,6.362078526149902,337.1901618859448,149.95004721027595,487.14020909622076,675.803
191,Nike Men's Free 5.0+ Running Shoe,2015-11-24,26.0,26,9,1,36.47011952191235,12.086597786288523,3.492631925578332,1.6208669985179305,0.8215714285714286,17.842857142857145,True,1.8215714285714286,6.362078526149902,165.41404167989745,85.56219619098633,250.97623787088378,331.526
191,Nike Men's Free 5.0+ Running Shoe,2015-11-25,34.980000000000004,35,12,1,36.47011952191235,12.086597786288523,3.492631925578332,1.6208669985179305,0.8215714285714286,17.842857142857145,True,1.8215714285714286,6.362078526149902,222.54550684472358,105.89590389197345,328.44141073669704,446.02998
191,Nike Men's Free 5.0+ Running Shoe,2015-11-26,36.0,36,11,1,36.47011952191235,12.086597786288523,3.492631925578332,1.6208669985179305,0.8215714285714286,17.842857142857145,True,1.8215714285714286,6.362078526149902,229.03482694139646,108.29890400894118,337.33373095033767,459.036
191,Nike Men's Free 5.0+ Running Shoe,2015-11-27,40.0,40,16,1,36.47011952191235,12.086597786288523,3.492631925578332,1.6208669985179305,0.8215714285714286,17.842857142857145,True,1.8215714285714286,6.362078526149902,254.48314104599606,117.85532840293473,372.3384694489308,510.04
191,Nike Men's Free 5.0+ Running Shoe,2015-11-28,50.0,50,16,1,36.47011952191235,12.086597786288523,3.492631925578332,1.6208669985179305,0.8215714285714286,17.842857142857145,True,1.8215714285714286,6.362078526149902,318.1039263074951,142.43680829609764,460.54073460359274,637.5500000000001
191,Nike Men's Free 5.0+ Running Shoe,2015-11-29,44.0,44,14,1,36.47011952191235,12.086597786288523,3.492631925578332,1.6208669985179305,0.8215714285714286,17.842857142857145,True,1.8215714285714286,6.362078526149902,279.9314551505957,127.58762366110116,407.5190788116969,561.044
191,Nike Men's Free 5.0+ Running Shoe,2015-11-30,15.0,15,5,1,36.47011952191235,12.086597786288523,3.492631925578332,1.6208669985179305,0.8215714285714286,17.842857142857145,True,1.8215714285714286,6.362078526149902,95.43117789224853,64.14512576373362,159.57630365598214,191.26500000000001
191,Nike Men's Free 5.0+ Running Shoe,2015-12-01,43.99,44,16,1,36.47011952191235,12.086597786288523,3.492631925578332,1.6208669985179305,0.8215714285714286,17.842857142857145,True,1.8215714285714286,6.362078526149902,279.8678343653342,127.5631069016475,407.4309412669817,560.9164900000001
191,Nike Men's Free 5.0+ Running Shoe,2015-12-02,40.01,40,15,1,36.47011952191235,12.086597786288523,3.492631925578332,1.6208669985179305,0.8215714285714286,17.842857142857145,True,1.8215714285714286,6.362078526149902,254.54676183125756,117.87945783838073,372.4262196696383,510.16751
191,Nike Men's Free 5.0+ Running Shoe,2015-12-03,31.0,31,11,1,36.47011952191235,12.086597786288523,3.492631925578332,1.6208669985179305,0.8215714285714286,17.842857142857145,True,1.8215714285714286,6.362078526149902,197.22443431064696,96.68008391849102,293.904518229138,395.281
191,Nike Men's Free 5.0+ Running Shoe,2015-12-04,34.0,34,10,1,36.47011952191235,12.086597786288523,3.492631925578332,1.6208669985179305,0.8215714285714286,17.842857142857145,True,1.8215714285714286,6.362078526149902,216.31066988909666,103.60188822355765,319.9125581126543,433.534
191,Nike Men's Free 5.0+ Running Shoe,2015-12-05,39.01,39,16,1,36.47011952191235,12.086597786288523,3.492631925578332,1.6208669985179305,0.8215714285714286,17.842857142857145,True,1.8215714285714286,6.362078526149902,248.18468330510765,115.47203147121525,363.65671477632293,497.41651
191,Nike Men's Free 5.0+ Running Shoe,2015-12-06,31.98,32,11,1,36.47011952191235,12.086597786288523,3.492631925578332,1.6208669985179305,0.8215714285714286,17.842857142857145,True,1.8215714285714286,6.362078526149902,203.45927126627387,98.92333994929537,302.3826112155692,407.77698000000004
191,Nike Men's Free 5.0+ Running Shoe,2015-12-07,57.0,57,16,1,36.47011952191235,12.086597786288523,3.492631925578332,1.6208669985179305,0.8215714285714286,17.842857142857145,True,1.8215714285714286,6.362078526149902,362.6384759905444,160.04095308999467,522.6794290805391,726.807
191,Nike Men's Free 5.0+ Running Shoe,2015-12-08,27.009999999999998,27,9,1,36.47011952191235,12.086597786288523,3.492631925578332,1.6208669985179305,0.8215714285714286,17.842857142857145,True,1.8215714285714286,6.362078526149902,171.83974099130884,87.75831474859973,259.59805573990855,344.40451
191,Nike Men's Free 5.0+ Running Shoe,2015-12-09,34.0,34,9,1,36.47011952191235,12.086597786288523,3.492631925578332,1.6208669985179305,0.8215714285714286,17.842857142857145,True,1.8215714285714286,6.362078526149902,216.31066988909666,103.60188822355765,319.9125581126543,433.534
191,Nike Men's Free 5.0+ Running Shoe,2015-12-10,27.0,27,10,1,36.47011952191235,12.086597786288523,3.492631925578332,1.6208669985179305,0.8215714285714286,17.842857142857145,True,1.8215714285714286,6.362078526149902,171.77612020604735,87.73643528791206,259.51255549395944,344.277
191,Nike Men's Free 5.0+ Running Shoe,2015-12-11,44.01,44,15,1,36.47011952191235,12.086597786288523,3.492631925578332,1.6208669985179305,0.8215714285714286,17.842857142857145,True,1.8215714285714286,6.362078526149902,279.9950759358572,127.61214128142944,407.60721721728663,561.17151
191,Nike Men's Free 5.0+ Running Shoe,2015-12-12,49.01,49,16,1,36.47011952191235,12.086597786288523,3.492631925578332,1.6208669985179305,0.8215714285714286,17.842857142857145,True,1.8215714285714286,6.362078526149902,311.8054685666067,139.96925350363006,451.77472207023675,624.92651
191,Nike Men's Free 5.0+ Running Shoe,2015-12-13,46.97,47,14,1,36.47011952191235,12.086597786288523,3.492631925578332,1.6208669985179305,0.8215714285714286,17.842857142857145,True,1.8215714285714286,6.362078526149902,298.82682837326087,134.9051428242168,433.73197119747766,598.9144699999999
191,Nike Men's Free 5.0+ Running Shoe,2015-12-14,36.01,36,11,1,36.47011952191235,12.086597786288523,3.492631925578332,1.6208669985179305,0.8215714285714286,17.842857142857145,True,1.8215714285714286,6.362078526149902,229.09844772665795,108.32253695887619,337.4209846855341,459.16351
191,Nike Men's Free 5.0+ Running Shoe,2015-12-15,47.0,47,13,1,36.47011952191235,12.086597786288523,3.492631925578332,1.6208669985179305,0.8215714285714286,17.842857142857145,True,1.8215714285714286,6.362078526149902,299.0176907290454,134.97940352248884,433.99709425153424,599.297
191,Nike Men's Free 5.0+ Running Shoe,2015-12-16,57.0,57,17,1,36.47011952191235,12.086597786288523,3.492631925578332,1.6208669985179305,0.8215714285714286,17.842857142857145,True,1.8215714285714286,6.362078526149902,362.6384759905444,160.04095308999467,522.6794290805391,726.807
191,Nike Men's Free 5.0+ Running Shoe,2015-12-17,19.0,19,6,1,36.47011952191235,12.086597786288523,3.492631925578332,1.6208669985179305,0.8215714285714286,17.842857142857145,True,1.8215714285714286,6.362078526149902,120.87949199684813,71.28436955889663,192.16386155574475,242.269
191,Nike Men's Free 5.0+ Running Shoe,2015-12-18,27.0,27,8,1,36.47011952191235,12.086597786288523,3.492631925578332,1.6208669985179305,0.8215714285714286,17.842857142857145,True,1.8215714285714286,6.362078526149902,171.77612020604735,87.73643528791206,259.51255549395944,344.277
191,Nike Men's Free 5.0+ Running Shoe,2015-12-19,34.98,35,14,1,36.47011952191235,12.086597786288523,3.492631925578332,1.6208669985179305,0.8215714285714286,17.842857142857145,True,1.8215714285714286,6.362078526149902,222.54550684472355,105.89590389197343,328.441410736697,446.02997999999997
191,Nike Men's Free 5.0+ Running Shoe,2015-12-20,22.0,22,5,1,36.47011952191235,12.086597786288523,3.492631925578332,1.6208669985179305,0.8215714285714286,17.842857142857145,True,1.8215714285714286,6.362078526149902,139.96572757529785,77.174508009058,217.14023558435585,280.522
191,Nike Men's Free 5.0+ Running Shoe,2015-12-21,29.0,29,10,1,36.47011952191235,12.086597786288523,3.492631925578332,1.6208669985179305,0.8215714285714286,17.842857142857145,True,1.8215714285714286,6.362078526149902,184.50027725834715,92.16248244199504,276.6627597003422,369.779
191,Nike Men's Free 5.0+ Running Shoe,2015-12-22,54.0,54,16,1,36.47011952191235,12.086597786288523,3.492631925578332,1.6208669985179305,0.8215714285714286,17.842857142857145,True,1.8215714285714286,6.362078526149902,343.5522404120947,152.46544288410433,496.01768329619904,688.554
191,Nike Men's Free 5.0+ Running Shoe,2015-12-23,39.0,39,11,1,36.47011952191235,12.086597786288523,3.492631925578332,1.6208669985179305,0.8215714285714286,17.842857142857145,True,1.8215714285714286,6.362078526149902,248.12106251984616,115.44801466760603,363.5690771874522,497.289
191,Nike Men's Free 5.0+ Running Shoe,2015-12-24,16.0,16,5,1,36.47011952191235,12.086597786288523,3.492631925578332,1.6208669985179305,0.8215714285714286,17.842857142857145,True,1.8215714285714286,6.362078526149902,101.79325641839843,65.84060539568915,167.6338618140876,204.01600000000002
191,Nike Men's Free 5.0+ Running Shoe,2015-12-25,31.0,31,9,1,36.47011952191235,12.086597786288523,3.492631925578332,1.6208669985179305,0.8215714285714286,17.842857142857145,True,1.8215714285714286,6.362078526149902,197.22443431064696,96.68008391849102,293.904518229138,395.281
191,Nike Men's Free 5.0+ Running Shoe,2015-12-26,40.0,40,10,1,36.47011952191235,12.086597786288523,3.492631925578332,1.6208669985179305,0.8215714285714286,17.842857142857145,True,1.8215714285714286,6.362078526149902,254.48314104599606,117.85532840293473,372.3384694489308,510.04
191,Nike Men's Free 5.0+ Running Shoe,2015-12-27,39.0,39,14,1,36.47011952191235,12.086597786288523,3.492631925578332,1.6208669985179305,0.8215714285714286,17.842857142857145,True,1.8215714285714286,6.362078526149902,248.12106251984616,115.44801466760603,363.5690771874522,497.289
191,Nike Men's Free 5.0+ Running Shoe,2015-12-28,30.009999999999998,30,12,1,36.47011952191235,12.086597786288523,3.492631925578332,1.6208669985179305,0.8215714285714286,17.842857142857145,True,1.8215714285714286,6.362078526149902,190.92597656975855,94.4332456866732,285.35922225643174,382.65751
191,Nike Men's Free 5.0+ Running Shoe,2015-12-29,42.97,43,13,1,36.47011952191235,12.086597786288523,3.492631925578332,1.6208669985179305,0.8215714285714286,17.842857142857145,True,1.8215714285714286,6.362078526149902,273.37851426866126,125.06701172367272,398.44552599233396,547.9104699999999
191,Nike Men's Free 5.0+ Running Shoe,2015-12-30,33.0,33,13,1,36.47011952191235,12.086597786288523,3.492631925578332,1.6208669985179305,0.8215714285714286,17.842857142857145,True,1.8215714285714286,6.362078526149902,209.94859136294676,101.27698873325694,311.2255800962037,420.783
191,Nike Men's Free 5.0+ Running Shoe,2015-12-31,36.0,36,12,1,36.47011952191235,12.086597786288523,3.492631925578332,1.6208669985179305,0.8215714285714286,17.842857142857145,True,1.8215714285714286,6.362078526149902,229.03482694139646,108.29890400894118,337.33373095033767,459.036
191,Nike Men's Free 5.0+ Running Shoe,2016-01-01,48.01,48,16,1,36.47011952191235,12.086597786288523,3.492631925578332,1.6208669985179305,0.8215714285714286,17.842857142857145,True,1.8215714285714286,6.362078526149902,305.4433900404568,137.48326472589267,442.92665476634943,612.17551
191,Nike Men's Free 5.0+ Running Shoe,2016-01-02,29.009999999999998,29,12,1,36.47011952191235,12.086597786288523,3.492631925578332,1.6208669985179305,0.8215714285714286,17.842857142857145,True,1.8215714285714286,6.362078526149902,184.56389804360865,92.18485381110192,276.7487518547106,369.90651
191,Nike Men's Free 5.0+ Running Shoe,2016-01-03,53.0,53,17,1,36.47011952191235,12.086597786288523,3.492631925578332,1.6208669985179305,0.8215714285714286,17.842857142857145,True,1.8215714285714286,6.362078526149902,337.1901618859448,149.95004721027595,487.14020909622076,675.803
191,Nike Men's Free 5.0+ Running Shoe,2016-01-04,25.0,25,7,1,36.47011952191235,12.086597786288523,3.492631925578332,1.6208669985179305,0.8215714285714286,17.842857142857145,True,1.8215714285714286,6.362078526149902,159.05196315374755,83.4165172370753,242.46848039082283,318.77500000000003
191,Nike Men's Free 5.0+ Running Shoe,2016-01-05,38.0,38,12,1,36.47011952191235,12.086597786288523,3.492631925578332,1.6208669985179305,0.8215714285714286,17.842857142857145,True,1.8215714285714286,6.362078526149902,241.75898399369626,113.05232566985761,354.81130966355386,484.538
191,Nike Men's Free 5.0+ Running Shoe,2016-01-06,29.0,29,12,1,36.47011952191235,12.086597786288523,3.492631925578332,1.6208669985179305,0.8215714285714286,17.842857142857145,True,1.8215714285714286,6.362078526149902,184.50027725834715,92.16248244199504,276.6627597003422,369.779
191,Nike Men's Free 5.0+ Running Shoe,2016-01-07,37.0,37,10,1,36.47011952191235,12.086597786288523,3.492631925578332,1.6208669985179305,0.8215714285714286,17.842857142857145,True,1.8215714285714286,6.362078526149902,235.39690546754636,110.6690163459444,346.0659218134908,471.78700000000003
191,Nike Men's Free 5.0+ Running Shoe,2016-01-08,46.019999999999996,46,16,1,36.47011952191235,12.086597786288523,3.492631925578332,1.6208669985179305,0.8215714285714286,17.842857142857145,True,1.8215714285714286,6.362078526149902,292.7828537734185,132.55700224354882,425.3398560169673,586.80102
191,Nike Men's Free 5.0+ Running Shoe,2016-01-09,40.0,40,12,1,36.47011952191235,12.086597786288523,3.492631925578332,1.6208669985179305,0.8215714285714286,17.842857142857145,True,1.8215714285714286,6.362078526149902,254.48314104599606,117.85532840293473,372.3384694489308,510.04
191,Nike Men's Free 5.0+ Running Shoe,2016-01-10,34.0,34,11,1,36.47011952191235,12.086597786288523,3.492631925578332,1.6208669985179305,0.8215714285714286,17.842857142857145,True,1.8215714285714286,6.362078526149902,216.31066988909666,103.60188822355765,319.9125581126543,433.534
191,Nike Men's Free 5.0+ Running Shoe,2016-01-11,42.0,42,13,1,36.47011952191235,12.086597786288523,3.492631925578332,1.6208669985179305,0.8215714285714286,17.842857142857145,True,1.8215714285714286,6.362078526149902,267.2072980982959,122.70208999987737,389.9093880981733,535.542
191,Nike Men's Free 5.0+ Running Shoe,2016-01-12,26.0,26,8,1,36.47011952191235,12.086597786288523,3.492631925578332,1.6208669985179305,0.8215714285714286,17.842857142857145,True,1.8215714285714286,6.362078526149902,165.41404167989745,85.56219619098633,250.97623787088378,331.526
191,Nike Men's Free 5.0+ Running Shoe,2016-01-13,56.0,56,20,1,36.47011952191235,12.086597786288523,3.492631925578332,1.6208669985179305,0.8215714285714286,17.842857142857145,True,1.8215714285714286,6.362078526149902,356.2763974643945,157.51113064682454,513.787528111219,714.056
191,Nike Men's Free 5.0+ Running Shoe,2016-01-14,49.0,49,14,1,36.47011952191235,12.086597786288523,3.492631925578332,1.6208669985179305,0.8215714285714286,17.842857142857145,True,1.8215714285714286,6.362078526149902,311.7418477813452,139.94436075051954,451.68620853186474,624.799
191,Nike Men's Free 5.0+ Running Shoe,2016-01-15,15.0,15,6,1,36.47011952191235,12.086597786288523,3.492631925578332,1.6208669985179305,0.8215714285714286,17.842857142857145,True,1.8215714285714286,6.362078526149902,95.43117789224853,64.14512576373362,159.57630365598214,191.26500000000001
191,Nike Men's Free 5.0+ Running Shoe,2016-01-16,57.0,57,18,1,36.47011952191235,12.086597786288523,3.492631925578332,1.6208669985179305,0.8215714285714286,17.842857142857145,True,1.8215714285714286,6.362078526149902,362.6384759905444,160.04095308999467,522.6794290805391,726.807
191,Nike Men's Free 5.0+ Running Shoe,2016-01-17,40.0,40,13,1,36.47011952191235,12.086597786288523,3.492631925578332,1.6208669985179305,0.8215714285714286,17.842857142857145,True,1.8215714285714286,6.362078526149902,254.48314104599606,117.85532840293473,372.3384694489308,510.04
191,Nike Men's Free 5.0+ Running Shoe,2016-01-18,32.0,32,11,1,36.47011952191235,12.086597786288523,3.492631925578332,1.6208669985179305,0.8215714285714286,17.842857142857145,True,1.8215714285714286,6.362078526149902,203.58651283679686,98.96930959246691,302.5558224292638,408.03200000000004
191,Nike Men's Free 5.0+ Running Shoe,2016-01-19,52.0,52,16,1,36.47011952191235,12.086597786288523,3.492631925578332,1.6208669985179305,0.8215714285714286,17.842857142857145,True,1.8215714285714286,6.362078526149902,330.8280833597949,147.439956028973,478.2680393887679,663.052
191,Nike Men's Free 5.0+ Running Shoe,2016-01-20,37.0,37,11,1,36.47011952191235,12.086597786288523,3.492631925578332,1.6208669985179305,0.8215714285714286,17.842857142857145,True,1.8215714285714286,6.362078526149902,235.39690546754636,110.6690163459444,346.0659218134908,471.78700000000003
191,Nike Men's Free 5.0+ Running Shoe,2016-01-21,21.0,21,9,1,36.47011952191235,12.086597786288523,3.492631925578332,1.6208669985179305,0.8215714285714286,17.842857142857145,True,1.8215714285714286,6.362078526149902,133.60364904914795,75.16784539384487,208.77149444299283,267.771
191,Nike Men's Free 5.0+ Running Shoe,2016-01-22,40.0,40,17,1,36.47011952191235,12.086597786288523,3.492631925578332,1.6208669985179305,0.8215714285714286,17.842857142857145,True,1.8215714285714286,6.362078526149902,254.48314104599606,117.85532840293473,372.3384694489308,510.04
191,Nike Men's Free 5.0+ Running Shoe,2016-01-23,34.0,34,14,1,36.47011952191235,12.086597786288523,3.492631925578332,1.6208669985179305,0.8215714285714286,17.842857142857145,True,1.8215714285714286,6.362078526149902,216.31066988909666,103.60188822355765,319.9125581126543,433.534
191,Nike Men's Free 5.0+ Running Shoe,2016-01-24,30.0,30,12,1,36.47011952191235,12.086597786288523,3.492631925578332,1.6208669985179305,0.8215714285714286,17.842857142857145,True,1.8215714285714286,6.362078526149902,190.86235578449705,94.41065407414017,285.27300985863724,382.53000000000003
191,Nike Men's Free 5.0+ Running Shoe,2016-01-25,35.0,35,14,1,36.47011952191235,12.086597786288523,3.492631925578332,1.6208669985179305,0.8215714285714286,17.842857142857145,True,1.8215714285714286,6.362078526149902,222.67274841524656,105.94287437595979,328.61562279120636,446.285
191,Nike Men's Free 5.0+ Running Shoe,2016-01-26,51.0,51,17,1,36.47011952191235,12.086597786288523,3.492631925578332,1.6208669985179305,0.8215714285714286,17.842857142857145,True,1.8215714285714286,6.362078526149902,324.466004833645,144.93544494094806,469.40144977459306,650.301
191,Nike Men's Free 5.0+ Running Shoe,2016-01-27,33.0,33,12,1,36.47011952191235,12.086597786288523,3.492631925578332,1.6208669985179305,0.8215714285714286,17.842857142857145,True,1.8215714285714286,6.362078526149902,209.94859136294676,101.27698873325694,311.2255800962037,420.783
191,Nike Men's Free 5.0+ Running Shoe,2016-01-28,36.0,36,12,1,36.47011952191235,12.086597786288523,3.492631925578332,1.6208669985179305,0.8215714285714286,17.842857142857145,True,1.8215714285714286,6.362078526149902,229.03482694139646,108.29890400894118,337.33373095033767,459.036
191,Nike Men's Free 5.0+ Running Shoe,2016-01-29,24.0,24,7,1,36.47011952191235,12.086597786288523,3.492631925578332,1.6208669985179305,0.8215714285714286,17.842857142857145,True,1.8215714285714286,6.362078526149902,152.68988462759765,81.30165969920489,233.99154432680254,306.024
191,Nike Men's Free 5.0+ Running Shoe,2016-01-30,57.0,57,16,1,36.47011952191235,12.086597786288523,3.492631925578332,1.6208669985179305,0.8215714285714286,17.842857142857145,True,1.8215714285714286,6.362078526149902,362.6384759905444,160.04095308999467,522.6794290805391,726.807
191,Nike Men's Free 5.0+ Running Shoe,2016-01-31,26.0,26,10,1,36.47011952191235,12.086597786288523,3.492631925578332,1.6208669985179305,0.8215714285714286,17.842857142857145,True,1.8215714285714286,6.362078526149902,165.41404167989745,85.56219619098633,250.97623787088378,331.526
191,Nike Men's Free 5.0+ Running Shoe,2016-02-01,10.99,11,4,1,36.47011952191235,12.086597786288523,3.492631925578332,1.6208669985179305,0.8215714285714286,17.842857142857145,True,1.8215714285714286,6.362078526149902,69.91924300238742,58.083277250033454,128.00252025242088,140.13349000000002
235,Under Armour Hustle Storm Medium Duffle Bag,2015-11-15,2.01,2,1,1,3.357142857142857,2.0255904090923575,3.5752508361204014,1.598087002557303,0.9529000000000001,4.71,True,1.9529,6.982107357859532,14.034035789297658,10.26849540118074,24.302531190478398,27.477303
235,Under Armour Hustle Storm Medium Duffle Bag,2015-11-18,4.0,4,1,1,3.357142857142857,2.0255904090923575,3.5752508361204014,1.598087002557303,0.9529000000000001,4.71,True,1.9529,6.982107357859532,27.92842943143813,13.714783871306935,41.64321330274507,54.681200000000004
235,Under Armour Hustle Storm Medium Duffle Bag,2015-11-23,1.0,1,1,1,3.357142857142857,2.0255904090923575,3.5752508361204014,1.598087002557303,0.9529000000000001,4.71,True,1.9529,6.982107357859532,6.982107357859532,9.188703162101486,16.17081051996102,13.670300000000001
235,Under Armour Hustle Storm Medium Duffle Bag,2015-11-25,2.0,2,1,1,3.357142857142857,2.0255904090923575,3.5752508361204014,1.598087002557303,0.9529000000000001,4.71,True,1.9529,6.982107357859532,13.964214715719065,10.254992538676136,24.2192072543952,27.340600000000002
235,Under Armour Hustle Storm Medium Duffle Bag,2015-11-27,2.0,2,1,1,3.357142857142857,2.0255904090923575,3.5752508361204014,1.598087002557303,0.9529000000000001,4.71,True,1.9529,6.982107357859532,13.964214715719065,10.254992538676136,24.2192072543952,27.340600000000002
235,Under Armour Hustle Storm Medium Duffle Bag,2015-11-28,3.01,3,1,1,3.357142857142857,2.0255904090923575,3.5752508361204014,1.598087002557303,0.9529000000000001,4.71,True,1.9529,6.982107357859532,21.01614314715719,11.83784434727594,32.85398749443313,41.147603000000004
235,Under Armour Hustle Storm Medium Duffle Bag,2015-11-30,4.97,5,1,1,3.357142857142857,2.0255904090923575,3.5752508361204014,1.598087002557303,0.9529000000000001,4.71,True,1.9529,6.982107357859532,34.701073568561874,15.755191979251482,50.45626554781336,67.941391
235,Under Armour Hustle Storm Medium Duffle Bag,2015-12-08,1.0,1,1,1,3.357142857142857,2.0255904090923575,3.5752508361204014,1.598087002557303,0.9529000000000001,4.71,True,1.9529,6.982107357859532,6.982107357859532,9.188703162101486,16.17081051996102,13.670300000000001
235,Under Armour Hustle Storm Medium Duffle Bag,2015-12-10,7.029999999999999,7,2,1,3.357142857142857,2.0255904090923575,3.5752508361204014,1.598087002557303,0.9529000000000001,4.71,True,1.9529,6.982107357859532,49.08421472575251,20.471022180631007,69.55523690638351,96.10220899999999
235,Under Armour Hustle Storm Medium Duffle Bag,2015-12-14,2.01,2,1,1,3.357142857142857,2.0255904090923575,3.5752508361204014,1.598087002557303,0.9529000000000001,4.71,True,1.9529,6.982107357859532,14.034035789297658,10.26849540118074,24.302531190478398,27.477303
235,Under Armour Hustle Storm Medium Duffle Bag,2015-12-17,3.0,3,1,1,3.357142857142857,2.0255904090923575,3.5752508361204014,1.598087002557303,0.9529000000000001,4.71,True,1.9529,6.982107357859532,20.946322073578596,11.820288303595598,32.766610377174196,41.0109
235,Under Armour Hustle Storm Medium Duffle Bag,2015-12-19,4.99,5,2,1,3.357142857142857,2.0255904090923575,3.5752508361204014,1.598087002557303,0.9529000000000001,4.71,True,1.9529,6.982107357859532,34.84071571571907,15.798820188626898,50.63953590434597,68.214797
235,Under Armour Hustle Storm Medium Duffle Bag,2015-12-21,4.0,4,1,1,3.357142857142857,2.0255904090923575,3.5752508361204014,1.598087002557303,0.9529000000000001,4.71,True,1.9529,6.982107357859532,27.92842943143813,13.714783871306935,41.64321330274507,54.681200000000004
235,Under Armour Hustle Storm Medium Duffle Bag,2015-12-23,1.96,2,1,1,3.357142857142857,2.0255904090923575,3.5752508361204014,1.598087002557303,0.9529000000000001,4.71,True,1.9529,6.982107357859532,13.684930421404683,10.201479812393933,23.886410233798614,26.793788
235,Under Armour Hustle Storm Medium Duffle Bag,2015-12-24,3.01,3,1,1,3.357142857142857,2.0255904090923575,3.5752508361204014,1.598087002557303,0.9529000000000001,4.71,True,1.9529,6.982107357859532,21.01614314715719,11.83784434727594,32.85398749443313,41.147603000000004
235,Under Armour Hustle Storm Medium Duffle Bag,2015-12-29,1.0,1,1,1,3.357142857142857,2.0255904090923575,3.5752508361204014,1.598087002557303,0.9529000000000001,4.71,True,1.9529,6.982107357859532,6.982107357859532,9.188703162101486,16.17081051996102,13.670300000000001
235,Under Armour Hustle Storm Medium Duffle Bag,2016-01-01,3.01,3,1,1,3.357142857142857,2.0255904090923575,3.5752508361204014,1.598087002557303,0.9529000000000001,4.71,True,1.9529,6.982107357859532,21.01614314715719,11.83784434727594,32.85398749443313,41.147603000000004
235,Under Armour Hustle Storm Medium Duffle Bag,2016-01-06,1.01,1,1,1,3.357142857142857,2.0255904090923575,3.5752508361204014,1.598087002557303,0.9529000000000001,4.71,True,1.9529,6.982107357859532,7.051928431438128,9.19625871006973,16.248187141507856,13.807003000000002
235,Under Armour Hustle Storm Medium Duffle Bag,2016-01-10,1.0,1,1,1,3.357142857142857,2.0255904090923575,3.5752508361204014,1.598087002557303,0.9529000000000001,4.71,True,1.9529,6.982107357859532,6.982107357859532,9.188703162101486,16.17081051996102,13.670300000000001
235,Under Armour Hustle Storm Medium Duffle Bag,2016-01-11,2.99,3,1,1,3.357142857142857,2.0255904090923575,3.5752508361204014,1.598087002557303,0.9529000000000001,4.71,True,1.9529,6.982107357859532,20.876501000000005,11.80276469915627,32.679265699156275,40.874197
235,Under Armour Hustle Storm Medium Duffle Bag,2016-01-12,1.0,1,1,1,3.357142857142857,2.0255904090923575,3.5752508361204014,1.598087002557303,0.9529000000000001,4.71,True,1.9529,6.982107357859532,6.982107357859532,9.188703162101486,16.17081051996102,13.670300000000001
235,Under Armour Hustle Storm Medium Duffle Bag,2016-01-14,4.0,4,1,1,3.357142857142857,2.0255904090923575,3.5752508361204014,1.598087002557303,0.9529000000000001,4.71,True,1.9529,6.982107357859532,27.92842943143813,13.714783871306935,41.64321330274507,54.681200000000004
235,Under Armour Hustle Storm Medium Duffle Bag,2016-01-17,4.0,4,1,1,3.357142857142857,2.0255904090923575,3.5752508361204014,1.598087002557303,0.9529000000000001,4.71,True,1.9529,6.982107357859532,27.92842943143813,13.714783871306935,41.64321330274507,54.681200000000004
235,Under Armour Hustle Storm Medium Duffle Bag,2016-01-19,1.99,2,2,1,3.357142857142857,2.0255904090923575,3.5752508361204014,1.598087002557303,0.9529000000000001,4.71,True,1.9529,6.982107357859532,13.89439364214047,10.24153935237672,24.13593299451719,27.203897
235,Under Armour Hustle Storm Medium Duffle Bag,2016-01-21,3.01,3,1,1,3.357142857142857,2.0255904090923575,3.5752508361204014,1.598087002557303,0.9529000000000001,4.71,True,1.9529,6.982107357859532,21.01614314715719,11.83784434727594,32.85398749443313,41.147603000000004
235,Under Armour Hustle Storm Medium Duffle Bag,2016-01-26,1.99,2,1,1,3.357142857142857,2.0255904090923575,3.5752508361204014,1.598087002557303,0.9529000000000001,4.71,True,1.9529,6.982107357859532,13.89439364214047,10.24153935237672,24.13593299451719,27.203897
235,Under Armour Hustle Storm Medium Duffle Bag,2016-01-27,1.01,1,1,1,3.357142857142857,2.0255904090923575,3.5752508361204014,1.598087002557303,0.9529000000000001,4.71,True,1.9529,6.982107357859532,7.051928431438128,9.19625871006973,16.248187141507856,13.807003000000002
235,Under Armour Hustle Storm Medium Duffle Bag,2016-01-29,3.01,3,1,1,3.357142857142857,2.0255904090923575,3.5752508361204014,1.598087002557303,0.9529000000000001,4.71,True,1.9529,6.982107357859532,21.01614314715719,11.83784434727594,32.85398749443313,41.147603000000004
235,Under Armour Hustle Storm Medium Duffle Bag,2016-01-30,2.0,2,1,1,3.357142857142857,2.0255904090923575,3.5752508361204014,1.598087002557303,0.9529000000000001,4.71,True,1.9529,6.982107357859532,13.964214715719065,10.254992538676136,24.2192072543952,27.340600000000002
249,Under Armour Women's Micro G Skulpt Running S,2015-11-15,2.99,3,1,0,3.5889830508474576,1.918700087362123,3.4494773519163764,1.6355078995591048,,,False,,,,,,
249,Under Armour Women's Micro G Skulpt Running S,2015-11-19,1.03,1,1,0,3.5889830508474576,1.918700087362123,3.4494773519163764,1.6355078995591048,,,False,,,,,,
249,Under Armour Women's Micro G Skulpt Running S,2015-11-20,6.93,7,2,0,3.5889830508474576,1.918700087362123,3.4494773519163764,1.6355078995591048,,,False,,,,,,
249,Under Armour Women's Micro G Skulpt Running S,2015-11-22,3.93,4,1,0,3.5889830508474576,1.918700087362123,3.4494773519163764,1.6355078995591048,,,False,,,,,,
249,Under Armour Women's Micro G Skulpt Running S,2015-11-23,1.02,1,1,0,3.5889830508474576,1.918700087362123,3.4494773519163764,1.6355078995591048,,,False,,,,,,
249,Under Armour Women's Micro G Skulpt Running S,2015-11-24,2.03,2,1,0,3.5889830508474576,1.918700087362123,3.4494773519163764,1.6355078995591048,,,False,,,,,,
249,Under Armour Women's Micro G Skulpt Running S,2015-11-30,2.03,2,1,0,3.5889830508474576,1.918700087362123,3.4494773519163764,1.6355078995591048,,,False,,,,,,
249,Under Armour Women's Micro G Skulpt Running S,2015-12-01,2.98,3,1,0,3.5889830508474576,1.918700087362123,3.4494773519163764,1.6355078995591048,,,False,,,,,,
249,Under Armour Women's Micro G Skulpt Running S,2015-12-04,3.91,4,1,0,3.5889830508474576,1.918700087362123,3.4494773519163764,1.6355078995591048,,,False,,,,,,
249,Under Armour Women's Micro G Skulpt Running S,2015-12-06,4.92,5,1,0,3.5889830508474576,1.918700087362123,3.4494773519163764,1.6355078995591048,,,False,,,,,,
249,Under Armour Women's Micro G Skulpt Running S,2015-12-09,4.91,5,1,0,3.5889830508474576,1.918700087362123,3.4494773519163764,1.6355078995591048,,,False,,,,,,
249,Under Armour Women's Micro G Skulpt Running S,2015-12-10,2.04,2,2,0,3.5889830508474576,1.918700087362123,3.4494773519163764,1.6355078995591048,,,False,,,,,,
249,Under Armour Women's Micro G Skulpt Running S,2015-12-12,3.03,3,1,0,3.5889830508474576,1.918700087362123,3.4494773519163764,1.6355078995591048,,,False,,,,,,
249,Under Armour Women's Micro G Skulpt Running S,2015-12-13,6.109999999999999,6,2,0,3.5889830508474576,1.918700087362123,3.4494773519163764,1.6355078995591048,,,False,,,,,,
249,Under Armour Women's Micro G Skulpt Running S,2015-12-14,4.96,5,1,0,3.5889830508474576,1.918700087362123,3.4494773519163764,1.6355078995591048,,,False,,,,,,
249,Under Armour Women's Micro G Skulpt Running S,2015-12-19,2.02,2,1,0,3.5889830508474576,1.918700087362123,3.4494773519163764,1.6355078995591048,,,False,,,,,,
249,Under Armour Women's Micro G Skulpt Running S,2015-12-27,1.03,1,1,0,3.5889830508474576,1.918700087362123,3.4494773519163764,1.6355078995591048,,,False,,,,,,
249,Under Armour Women's Micro G Skulpt Running S,2015-12-29,1.02,1,1,0,3.5889830508474576,1.918700087362123,3.4494773519163764,1.6355078995591048,,,False,,,,,,
249,Under Armour Women's Micro G Skulpt Running S,2016-01-01,1.01,1,1,0,3.5889830508474576,1.918700087362123,3.4494773519163764,1.6355078995591048,,,False,,,,,,
249,Under Armour Women's Micro G Skulpt Running S,2016-01-13,2.02,2,1,0,3.5889830508474576,1.918700087362123,3.4494773519163764,1.6355078995591048,,,False,,,,,,
249,Under Armour Women's Micro G Skulpt Running S,2016-01-14,5.03,5,1,0,3.5889830508474576,1.918700087362123,3.4494773519163764,1.6355078995591048,,,False,,,,,,
249,Under Armour Women's Micro G Skulpt Running S,2016-01-18,1.0,1,1,0,3.5889830508474576,1.918700087362123,3.4494773519163764,1.6355078995591048,,,False,,,,,,
249,Under Armour Women's Micro G Skulpt Running S,2016-01-19,3.02,3,1,0,3.5889830508474576,1.918700087362123,3.4494773519163764,1.6355078995591048,,,False,,,,,,
249,Under Armour Women's Micro G Skulpt Running S,2016-01-21,4.93,5,2,0,3.5889830508474576,1.918700087362123,3.4494773519163764,1.6355078995591048,,,False,,,,,,
249,Under Armour Women's Micro G Skulpt Running S,2016-01-25,6.96,7,2,0,3.5889830508474576,1.918700087362123,3.4494773519163764,1.6355078995591048,,,False,,,,,,
249,Under Armour Women's Micro G Skulpt Running S,2016-01-26,5.0,5,1,0,3.5889830508474576,1.918700087362123,3.4494773519163764,1.6355078995591048,,,False,,,,,,
273,Under Armour Kids' Mercenary Slide,2015-11-21,3.99,4,1,1,3.6805555555555554,2.0584012009022854,3.350597609561753,1.628677267427241,0.0,100.0,True,1.0,3.350597609561753,13.368884462151396,12.35678914632317,25.725673608474565,27.93
273,Under Armour Kids' Mercenary Slide,2015-11-24,2.9,3,1,1,3.6805555555555554,2.0584012009022854,3.350597609561753,1.628677267427241,0.0,100.0,True,1.0,3.350597609561753,9.716733067729084,9.93896052598011,19.655693593709195,20.3
273,Under Armour Kids' Mercenary Slide,2015-11-25,0.99,1,1,1,3.6805555555555554,2.0584012009022854,3.350597609561753,1.628677267427241,0.0,100.0,True,1.0,3.350597609561753,3.3170916334661356,6.741758537119636,10.058850170585771,6.93
273,Under Armour Kids' Mercenary Slide,2015-11-28,3.08,3,1,1,3.6805555555555554,2.0584012009022854,3.350597609561753,1.628677267427241,0.0,100.0,True,1.0,3.350597609561753,10.3198406374502,10.320334656697229,20.64017529414743,21.560000000000002
273,Under Armour Kids' Mercenary Slide,2015-11-29,1.97,2,1,1,3.6805555555555554,2.0584012009022854,3.350597609561753,1.628677267427241,0.0,100.0,True,1.0,3.350597609561753,6.6006772908366536,8.14083379125709,14.741511082093744,13.79
273,Under Armour Kids' Mercenary Slide,2015-12-04,2.94,3,2,1,3.6805555555555554,2.0584012009022854,3.350597609561753,1.628677267427241,0.0,100.0,True,1.0,3.350597609561753,9.850756972111554,10.02295919558696,19.873716167698515,20.58
273,Under Armour Kids' Mercenary Slide,2015-12-10,3.06,3,1,1,3.6805555555555554,2.0584012009022854,3.350597609561753,1.628677267427241,0.0,100.0,True,1.0,3.350597609561753,10.252828685258965,10.277541156970083,20.53036984222905,21.42
273,Under Armour Kids' Mercenary Slide,2015-12-19,5.01,5,1,1,3.6805555555555554,2.0584012009022854,3.350597609561753,1.628677267427241,0.0,100.0,True,1.0,3.350597609561753,16.786494023904382,14.784587862570017,31.5710818864744,35.07
273,Under Armour Kids' Mercenary Slide,2015-12-22,3.95,4,1,1,3.6805555555555554,2.0584012009022854,3.350597609561753,1.628677267427241,0.0,100.0,True,1.0,3.350597609561753,13.234860557768926,12.264196406654001,25.499056964422927,27.650000000000002
273,Under Armour Kids' Mercenary Slide,2015-12-25,4.98,5,1,1,3.6805555555555554,2.0584012009022854,3.350597609561753,1.628677267427241,0.0,100.0,True,1.0,3.350597609561753,16.685976095617534,14.711655226142277,31.39763132175981,34.86
273,Under Armour Kids' Mercenary Slide,2015-12-27,4.01,4,1,1,3.6805555555555554,2.0584012009022854,3.350597609561753,1.628677267427241,0.0,100.0,True,1.0,3.350597609561753,13.43589641434263,12.403173538582939,25.83906995292557,28.07
273,Under Armour Kids' Mercenary Slide,2015-12-30,1.0,1,1,1,3.6805555555555554,2.0584012009022854,3.350597609561753,1.628677267427241,0.0,100.0,True,1.0,3.350597609561753,3.350597609561753,6.752344026567831,10.102941636129584,7.0
273,Under Armour Kids' Mercenary Slide,2016-01-01,4.01,4,1,1,3.6805555555555554,2.0584012009022854,3.350597609561753,1.628677267427241,0.0,100.0,True,1.0,3.350597609561753,13.43589641434263,12.403173538582939,25.83906995292557,28.07
273,Under Armour Kids' Mercenary Slide,2016-01-02,3.99,4,1,1,3.6805555555555554,2.0584012009022854,3.350597609561753,1.628677267427241,0.0,100.0,True,1.0,3.350597609561753,13.368884462151396,12.35678914632317,25.725673608474565,27.93
273,Under Armour Kids' Mercenary Slide,2016-01-03,4.97,5,1,1,3.6805555555555554,2.0584012009022854,3.350597609561753,1.628677267427241,0.0,100.0,True,1.0,3.350597609561753,16.65247011952191,14.687361610969324,31.339831730491234,34.79
273,Under Armour Kids' Mercenary Slide,2016-01-04,1.9,2,1,1,3.6805555555555554,2.0584012009022854,3.350597609561753,1.628677267427241,0.0,100.0,True,1.0,3.350597609561753,6.366135458167331,8.020515051514618,14.38665050968195,13.299999999999999
273,Under Armour Kids' Mercenary Slide,2016-01-07,4.96,5,1,1,3.6805555555555554,2.0584012009022854,3.350597609561753,1.628677267427241,0.0,100.0,True,1.0,3.350597609561753,16.618964143426297,14.663076699132702,31.282040842559,34.72
273,Under Armour Kids' Mercenary Slide,2016-01-08,0.99,1,1,1,3.6805555555555554,2.0584012009022854,3.350597609561753,1.628677267427241,0.0,100.0,True,1.0,3.350597609561753,3.3170916334661356,6.741758537119636,10.058850170585771,6.93
273,Under Armour Kids' Mercenary Slide,2016-01-21,1.99,2,1,1,3.6805555555555554,2.0584012009022854,3.350597609561753,1.628677267427241,0.0,100.0,True,1.0,3.350597609561753,6.667689243027889,8.175675528573935,14.843364771601824,13.93
273,Under Armour Kids' Mercenary Slide,2016-01-22,4.99,5,1,1,3.6805555555555554,2.0584012009022854,3.350597609561753,1.628677267427241,0.0,100.0,True,1.0,3.350597609561753,16.71948207171315,14.735957501606752,31.4554395733199,34.93
273,Under Armour Kids' Mercenary Slide,2016-01-28,1.0,1,1,1,3.6805555555555554,2.0584012009022854,3.350597609561753,1.628677267427241,0.0,100.0,True,1.0,3.350597609561753,3.350597609561753,6.752344026567831,10.102941636129584,7.0
276,Under Armour Women's Ignite Slide,2015-11-16,1.0,1,1,1,3.7510204081632654,2.2377281410368766,3.64951768488746,1.5747989402160494,0.943,5.7,True,1.943,7.091012861736335,7.091012861736335,10.138822766685967,17.2298356284223,13.601
276,Under Armour Women's Ignite Slide,2015-11-19,3.04,3,2,1,3.7510204081632654,2.2377281410368766,3.64951768488746,1.5747989402160494,0.943,5.7,True,1.943,7.091012861736335,21.55667909967846,12.573958868313143,34.1306379679916,41.34704000000001
276,Under Armour Women's Ignite Slide,2015-11-21,9.97,10,3,1,3.7510204081632654,2.2377281410368766,3.64951768488746,1.5747989402160494,0.943,5.7,True,1.943,7.091012861736335,70.69739823151126,27.625282807924066,98.32268103943532,135.60197000000002
276,Under Armour Women's Ignite Slide,2015-11-24,2.0,2,2,1,3.7510204081632654,2.2377281410368766,3.64951768488746,1.5747989402160494,0.943,5.7,True,1.943,7.091012861736335,14.18202572347267,11.087311925410077,25.269337648882747,27.202
276,Under Armour Women's Ignite Slide,2015-11-25,4.0,4,1,1,3.7510204081632654,2.2377281410368766,3.64951768488746,1.5747989402160494,0.943,5.7,True,1.943,7.091012861736335,28.36405144694534,14.263923733658421,42.62797518060376,54.404
276,Under Armour Women's Ignite Slide,2015-11-26,4.01,4,1,1,3.7510204081632654,2.2377281410368766,3.64951768488746,1.5747989402160494,0.943,5.7,True,1.943,7.091012861736335,28.434961575562703,14.282754108897688,42.71771568446039,54.54001
276,Under Armour Women's Ignite Slide,2015-11-29,1.0,1,1,1,3.7510204081632654,2.2377281410368766,3.64951768488746,1.5747989402160494,0.943,5.7,True,1.943,7.091012861736335,7.091012861736335,10.138822766685967,17.2298356284223,13.601
276,Under Armour Women's Ignite Slide,2015-11-30,14.97,15,4,1,3.7510204081632654,2.2377281410368766,3.64951768488746,1.5747989402160494,0.943,5.7,True,1.943,7.091012861736335,106.15246254019294,40.00009896944461,146.15256150963756,203.60697000000002
276,Under Armour Women's Ignite Slide,2015-12-01,7.0,7,2,1,3.7510204081632654,2.2377281410368766,3.64951768488746,1.5747989402160494,0.943,5.7,True,1.943,7.091012861736335,49.63709003215435,20.6135844842037,70.25067451635805,95.20700000000001
276,Under Armour Women's Ignite Slide,2015-12-02,5.0,5,2,1,3.7510204081632654,2.2377281410368766,3.64951768488746,1.5747989402160494,0.943,5.7,True,1.943,7.091012861736335,35.45506430868167,16.243700200103316,51.69876450878499,68.005
276,Under Armour Women's Ignite Slide,2015-12-06,3.0,3,1,1,3.7510204081632654,2.2377281410368766,3.64951768488746,1.5747989402160494,0.943,5.7,True,1.943,7.091012861736335,21.273038585209004,12.509319863997082,33.782358449206086,40.803000000000004
276,Under Armour Women's Ignite Slide,2015-12-07,5.0,5,1,1,3.7510204081632654,2.2377281410368766,3.64951768488746,1.5747989402160494,0.943,5.7,True,1.943,7.091012861736335,35.45506430868167,16.243700200103316,51.69876450878499,68.005
276,Under Armour Women's Ignite Slide,2015-12-09,3.01,3,2,1,3.7510204081632654,2.2377281410368766,3.64951768488746,1.5747989402160494,0.943,5.7,True,1.943,7.091012861736335,21.343948713826368,12.52543052052455,33.869379234350916,40.93901
276,Under Armour Women's Ignite Slide,2015-12-15,3.99,4,1,1,3.7510204081632654,2.2377281410368766,3.64951768488746,1.5747989402160494,0.943,5.7,True,1.943,7.091012861736335,28.293141318327976,14.245115577204816,42.53825689553279,54.267990000000005
276,Under Armour Women's Ignite Slide,2015-12-16,1.0,1,1,1,3.7510204081632654,2.2377281410368766,3.64951768488746,1.5747989402160494,0.943,5.7,True,1.943,7.091012861736335,7.091012861736335,10.138822766685967,17.2298356284223,13.601
276,Under Armour Women's Ignite Slide,2015-12-17,3.0,3,1,1,3.7510204081632654,2.2377281410368766,3.64951768488746,1.5747989402160494,0.943,5.7,True,1.943,7.091012861736335,21.273038585209004,12.509319863997082,33.782358449206086,40.803000000000004
276,Under Armour Women's Ignite Slide,2015-12-18,5.0,5,1,1,3.7510204081632654,2.2377281410368766,3.64951768488746,1.5747989402160494,0.943,5.7,True,1.943,7.091012861736335,35.45506430868167,16.243700200103316,51.69876450878499,68.005
276,Under Armour Women's Ignite Slide,2015-12-22,2.02,2,1,1,3.7510204081632654,2.2377281410368766,3.64951768488746,1.5747989402160494,0.943,5.7,True,1.943,7.091012861736335,14.323845980707397,11.111617508842448,25.435463489549846,27.474020000000003
276,Under Armour Women's Ignite Slide,2015-12-24,5.95,6,2,1,3.7510204081632654,2.2377281410368766,3.64951768488746,1.5747989402160494,0.943,5.7,True,1.943,7.091012861736335,42.19152652733119,18.266585251898608,60.458111779229796,80.92595
276,Under Armour Women's Ignite Slide,2015-12-25,1.97,2,1,1,3.7510204081632654,2.2377281410368766,3.64951768488746,1.5747989402160494,0.943,5.7,True,1.943,7.091012861736335,13.96929533762058,11.0512087670738,25.020504104694382,26.793969999999998
276,Under Armour Women's Ignite Slide,2015-12-26,4.0,4,1,1,3.7510204081632654,2.2377281410368766,3.64951768488746,1.5747989402160494,0.943,5.7,True,1.943,7.091012861736335,28.36405144694534,14.263923733658421,42.62797518060376,54.404
276,Under Armour Women's Ignite Slide,2015-12-31,10.01,10,2,1,3.7510204081632654,2.2377281410368766,3.64951768488746,1.5747989402160494,0.943,5.7,True,1.943,7.091012861736335,70.98103874598071,27.72218636974184,98.70322511572255,136.14601
276,Under Armour Women's Ignite Slide,2016-01-06,1.0,1,1,1,3.7510204081632654,2.2377281410368766,3.64951768488746,1.5747989402160494,0.943,5.7,True,1.943,7.091012861736335,7.091012861736335,10.138822766685967,17.2298356284223,13.601
276,Under Armour Women's Ignite Slide,2016-01-07,3.01,3,1,1,3.7510204081632654,2.2377281410368766,3.64951768488746,1.5747989402160494,0.943,5.7,True,1.943,7.091012861736335,21.343948713826368,12.52543052052455,33.869379234350916,40.93901
276,Under Armour Women's Ignite Slide,2016-01-09,2.0,2,1,1,3.7510204081632654,2.2377281410368766,3.64951768488746,1.5747989402160494,0.943,5.7,True,1.943,7.091012861736335,14.18202572347267,11.087311925410077,25.269337648882747,27.202
276,Under Armour Women's Ignite Slide,2016-01-13,4.99,5,2,1,3.7510204081632654,2.2377281410368766,3.64951768488746,1.5747989402160494,0.943,5.7,True,1.943,7.091012861736335,35.384154180064314,16.223050740481032,51.60720492054534,67.86899
276,Under Armour Women's Ignite Slide,2016-01-14,1.0,1,1,1,3.7510204081632654,2.2377281410368766,3.64951768488746,1.5747989402160494,0.943,5.7,True,1.943,7.091012861736335,7.091012861736335,10.138822766685967,17.2298356284223,13.601
276,Under Armour Women's Ignite Slide,2016-01-17,9.0,9,2,1,3.7510204081632654,2.2377281410368766,3.64951768488746,1.5747989402160494,0.943,5.7,True,1.943,7.091012861736335,63.81911575562701,25.291684221290847,89.11079997691786,122.409
276,Under Armour Women's Ignite Slide,2016-01-18,4.0,4,1,1,3.7510204081632654,2.2377281410368766,3.64951768488746,1.5747989402160494,0.943,5.7,True,1.943,7.091012861736335,28.36405144694534,14.263923733658421,42.62797518060376,54.404
276,Under Armour Women's Ignite Slide,2016-01-21,5.0,5,1,1,3.7510204081632654,2.2377281410368766,3.64951768488746,1.5747989402160494,0.943,5.7,True,1.943,7.091012861736335,35.45506430868167,16.243700200103316,51.69876450878499,68.005
278,Under Armour Men's Compression EV SL Slide,2015-11-17,4.0,4,1,0,3.4595744680851066,1.8769473732847106,3.282142857142857,1.5937947708639855,,,False,,,,,,
278,Under Armour Men's Compression EV SL Slide,2015-11-19,1.98,2,1,0,3.4595744680851066,1.8769473732847106,3.282142857142857,1.5937947708639855,,,False,,,,,,
278,Under Armour Men's Compression EV SL Slide,2015-11-25,0.99,1,1,0,3.4595744680851066,1.8769473732847106,3.282142857142857,1.5937947708639855,,,False,,,,,,
278,Under Armour Men's Compression EV SL Slide,2015-11-29,1.0,1,1,0,3.4595744680851066,1.8769473732847106,3.282142857142857,1.5937947708639855,,,False,,,,,,
278,Under Armour Men's Compression EV SL Slide,2015-11-30,8.99,9,3,0,3.4595744680851066,1.8769473732847106,3.282142857142857,1.5937947708639855,,,False,,,,,,
278,Under Armour Men's Compression EV SL Slide,2015-12-04,2.99,3,1,0,3.4595744680851066,1.8769473732847106,3.282142857142857,1.5937947708639855,,,False,,,,,,
278,Under Armour Men's Compression EV SL Slide,2015-12-07,3.02,3,1,0,3.4595744680851066,1.8769473732847106,3.282142857142857,1.5937947708639855,,,False,,,,,,
278,Under Armour Men's Compression EV SL Slide,2015-12-10,2.99,3,1,0,3.4595744680851066,1.8769473732847106,3.282142857142857,1.5937947708639855,,,False,,,,,,
278,Under Armour Men's Compression EV SL Slide,2015-12-11,5.02,5,2,0,3.4595744680851066,1.8769473732847106,3.282142857142857,1.5937947708639855,,,False,,,,,,
278,Under Armour Men's Compression EV SL Slide,2015-12-15,2.01,2,1,0,3.4595744680851066,1.8769473732847106,3.282142857142857,1.5937947708639855,,,False,,,,,,
278,Under Armour Men's Compression EV SL Slide,2015-12-17,3.99,4,1,0,3.4595744680851066,1.8769473732847106,3.282142857142857,1.5937947708639855,,,False,,,,,,
278,Under Armour Men's Compression EV SL Slide,2015-12-19,2.01,2,1,0,3.4595744680851066,1.8769473732847106,3.282142857142857,1.5937947708639855,,,False,,,,,,
278,Under Armour Men's Compression EV SL Slide,2015-12-20,1.0,1,1,0,3.4595744680851066,1.8769473732847106,3.282142857142857,1.5937947708639855,,,False,,,,,,
278,Under Armour Men's Compression EV SL Slide,2015-12-21,5.01,5,1,0,3.4595744680851066,1.8769473732847106,3.282142857142857,1.5937947708639855,,,False,,,,,,
278,Under Armour Men's Compression EV SL Slide,2015-12-22,5.98,6,2,0,3.4595744680851066,1.8769473732847106,3.282142857142857,1.5937947708639855,,,False,,,,,,
278,Under Armour Men's Compression EV SL Slide,2015-12-23,2.01,2,1,0,3.4595744680851066,1.8769473732847106,3.282142857142857,1.5937947708639855,,,False,,,,,,
278,Under Armour Men's Compression EV SL Slide,2015-12-24,5.01,5,1,0,3.4595744680851066,1.8769473732847106,3.282142857142857,1.5937947708639855,,,False,,,,,,
278,Under Armour Men's Compression EV SL Slide,2015-12-25,3.01,3,1,0,3.4595744680851066,1.8769473732847106,3.282142857142857,1.5937947708639855,,,False,,,,,,
278,Under Armour Men's Compression EV SL Slide,2015-12-27,1.0,1,1,0,3.4595744680851066,1.8769473732847106,3.282142857142857,1.5937947708639855,,,False,,,,,,
278,Under Armour Men's Compression EV SL Slide,2015-12-28,1.99,2,1,0,3.4595744680851066,1.8769473732847106,3.282142857142857,1.5937947708639855,,,False,,,,,,
278,Under Armour Men's Compression EV SL Slide,2015-12-30,8.0,8,2,0,3.4595744680851066,1.8769473732847106,3.282142857142857,1.5937947708639855,,,False,,,,,,
278,Under Armour Men's Compression EV SL Slide,2016-01-03,5.0,5,1,0,3.4595744680851066,1.8769473732847106,3.282142857142857,1.5937947708639855,,,False,,,,,,
278,Under Armour Men's Compression EV SL Slide,2016-01-16,4.99,5,1,0,3.4595744680851066,1.8769473732847106,3.282142857142857,1.5937947708639855,,,False,,,,,,
278,Under Armour Men's Compression EV SL Slide,2016-01-19,1.0,1,1,0,3.4595744680851066,1.8769473732847106,3.282142857142857,1.5937947708639855,,,False,,,,,,
278,Under Armour Men's Compression EV SL Slide,2016-01-21,1.0,1,1,0,3.4595744680851066,1.8769473732847106,3.282142857142857,1.5937947708639855,,,False,,,,,,
278,Under Armour Men's Compression EV SL Slide,2016-01-22,1.0,1,1,0,3.4595744680851066,1.8769473732847106,3.282142857142857,1.5937947708639855,,,False,,,,,,
278,Under Armour Men's Compression EV SL Slide,2016-01-24,4.0,4,1,0,3.4595744680851066,1.8769473732847106,3.282142857142857,1.5937947708639855,,,False,,,,,,
278,Under Armour Men's Compression EV SL Slide,2016-01-25,4.0,4,1,0,3.4595744680851066,1.8769473732847106,3.282142857142857,1.5937947708639855,,,False,,,,,,
278,Under Armour Men's Compression EV SL Slide,2016-01-28,5.01,5,1,0,3.4595744680851066,1.8769473732847106,3.282142857142857,1.5937947708639855,,,False,,,,,,
278,Under Armour Men's Compression EV SL Slide,2016-01-30,2.01,2,1,0,3.4595744680851066,1.8769473732847106,3.282142857142857,1.5937947708639855,,,False,,,,,,
278,Under Armour Men's Compression EV SL Slide,2016-01-31,4.99,5,1,0,3.4595744680851066,1.8769473732847106,3.282142857142857,1.5937947708639855,,,False,,,,,,
282,Under Armour Women's Ignite PIP VI Slide,2015-11-19,3.0,3,1,0,3.563025210084034,2.056742151520891,3.3473684210526318,1.6977724908507033,,,False,,,,,,
282,Under Armour Women's Ignite PIP VI Slide,2015-11-22,5.970000000000001,6,2,0,3.563025210084034,2.056742151520891,3.3473684210526318,1.6977724908507033,,,False,,,,,,
282,Under Armour Women's Ignite PIP VI Slide,2015-11-25,3.92,4,2,0,3.563025210084034,2.056742151520891,3.3473684210526318,1.6977724908507033,,,False,,,,,,
282,Under Armour Women's Ignite PIP VI Slide,2015-11-26,5.0,5,1,0,3.563025210084034,2.056742151520891,3.3473684210526318,1.6977724908507033,,,False,,,,,,
282,Under Armour Women's Ignite PIP VI Slide,2015-11-30,2.99,3,1,0,3.563025210084034,2.056742151520891,3.3473684210526318,1.6977724908507033,,,False,,,,,,
282,Under Armour Women's Ignite PIP VI Slide,2015-12-03,1.99,2,1,0,3.563025210084034,2.056742151520891,3.3473684210526318,1.6977724908507033,,,False,,,,,,
282,Under Armour Women's Ignite PIP VI Slide,2015-12-06,3.01,3,1,0,3.563025210084034,2.056742151520891,3.3473684210526318,1.6977724908507033,,,False,,,,,,
282,Under Armour Women's Ignite PIP VI Slide,2015-12-09,1.0,1,1,0,3.563025210084034,2.056742151520891,3.3473684210526318,1.6977724908507033,,,False,,,,,,
282,Under Armour Women's Ignite PIP VI Slide,2015-12-10,5.0,5,1,0,3.563025210084034,2.056742151520891,3.3473684210526318,1.6977724908507033,,,False,,,,,,
282,Under Armour Women's Ignite PIP VI Slide,2015-12-19,2.02,2,1,0,3.563025210084034,2.056742151520891,3.3473684210526318,1.6977724908507033,,,False,,,,,,
282,Under Armour Women's Ignite PIP VI Slide,2015-12-24,5.0,5,1,0,3.563025210084034,2.056742151520891,3.3473684210526318,1.6977724908507033,,,False,,,,,,
282,Under Armour Women's Ignite PIP VI Slide,2015-12-27,4.99,5,1,0,3.563025210084034,2.056742151520891,3.3473684210526318,1.6977724908507033,,,False,,,,,,
282,Under Armour Women's Ignite PIP VI Slide,2015-12-31,1.0,1,1,0,3.563025210084034,2.056742151520891,3.3473684210526318,1.6977724908507033,,,False,,,,,,
282,Under Armour Women's Ignite PIP VI Slide,2016-01-06,1.0,1,1,0,3.563025210084034,2.056742151520891,3.3473684210526318,1.6977724908507033,,,False,,,,,,
282,Under Armour Women's Ignite PIP VI Slide,2016-01-09,3.99,4,1,0,3.563025210084034,2.056742151520891,3.3473684210526318,1.6977724908507033,,,False,,,,,,
282,Under Armour Women's Ignite PIP VI Slide,2016-01-13,10.0,10,2,0,3.563025210084034,2.056742151520891,3.3473684210526318,1.6977724908507033,,,False,,,,,,
282,Under Armour Women's Ignite PIP VI Slide,2016-01-14,3.99,4,1,0,3.563025210084034,2.056742151520891,3.3473684210526318,1.6977724908507033,,,False,,,,,,
282,Under Armour Women's Ignite PIP VI Slide,2016-01-21,3.98,4,2,0,3.563025210084034,2.056742151520891,3.3473684210526318,1.6977724908507033,,,False,,,,,,
282,Under Armour Women's Ignite PIP VI Slide,2016-01-22,3.0,3,1,0,3.563025210084034,2.056742151520891,3.3473684210526318,1.6977724908507033,,,False,,,,,,
282,Under Armour Women's Ignite PIP VI Slide,2016-01-23,2.99,3,1,0,3.563025210084034,2.056742151520891,3.3473684210526318,1.6977724908507033,,,False,,,,,,
282,Under Armour Women's Ignite PIP VI Slide,2016-01-26,2.99,3,1,0,3.563025210084034,2.056742151520891,3.3473684210526318,1.6977724908507033,,,False,,,,,,
365,Perfect Fitness Perfect Rip Deck,2015-11-14,36.97,37,11,1,73.28486055776892,16.68261373637975,3.5060462456083012,1.6316992686757774,0.57246,42.754000000000005,True,1.57246,5.513117479369229,203.81995321228038,118.31803684832268,322.13799006060304,406.93692339999996
365,Perfect Fitness Perfect Rip Deck,2015-11-15,61.01,61,20,1,73.28486055776892,16.68261373637975,3.5060462456083012,1.6316992686757774,0.57246,42.754000000000005,True,1.57246,5.513117479369229,336.35529741631666,175.9807939562923,512.336091372609,671.5504922
365,Perfect Fitness Perfect Rip Deck,2015-11-16,88.01,88,29,1,73.28486055776892,16.68261373637975,3.5060462456083012,1.6316992686757774,0.57246,42.754000000000005,True,1.57246,5.513117479369229,485.2094693592859,244.86196289616873,730.0714322554546,968.7454322000001
365,Perfect Fitness Perfect Rip Deck,2015-11-17,77.97,78,26,1,73.28486055776892,16.68261373637975,3.5060462456083012,1.6316992686757774,0.57246,42.754000000000005,True,1.57246,5.513117479369229,429.8577698664188,218.97783692070178,648.8356067871206,858.2329434
365,Perfect Fitness Perfect Rip Deck,2015-11-18,51.0,51,22,1,73.28486055776892,16.68261373637975,3.5060462456083012,1.6316992686757774,0.57246,42.754000000000005,True,1.57246,5.513117479369229,281.1689914478307,151.2985696325248,432.4675610803555,561.36822
365,Perfect Fitness Perfect Rip Deck,2015-11-19,94.0,94,30,1,73.28486055776892,16.68261373637975,3.5060462456083012,1.6316992686757774,0.57246,42.754000000000005,True,1.57246,5.513117479369229,518.2330430607075,260.40768513729233,778.6407281979998,1034.67868
365,Perfect Fitness Perfect Rip Deck,2015-11-20,65.0,65,20,1,73.28486055776892,16.68261373637975,3.5060462456083012,1.6316992686757774,0.57246,42.754000000000005,True,1.57246,5.513117479369229,358.35263615899987,185.9881340211309,544.3407701801308,715.4693
365,Perfect Fitness Perfect Rip Deck,2015-11-21,58.0,58,22,1,73.28486055776892,16.68261373637975,3.5060462456083012,1.6316992686757774,0.57246,42.754000000000005,True,1.57246,5.513117479369229,319.76081380341526,168.4885587271953,488.2493725306106,638.41876
365,Perfect Fitness Perfect Rip Deck,2015-11-22,71.97,72,26,1,73.28486055776892,16.68261373637975,3.5060462456083012,1.6316992686757774,0.57246,42.754000000000005,True,1.57246,5.513117479369229,396.7790649902034,203.64114111272065,600.420206102924,792.1896234
365,Perfect Fitness Perfect Rip Deck,2015-11-23,60.0,60,22,1,73.28486055776892,16.68261373637975,3.5060462456083012,1.6316992686757774,0.57246,42.754000000000005,True,1.57246,5.513117479369229,330.78704876215374,173.46091349963467,504.2479622617884,660.4331999999999
365,Perfect Fitness Perfect Rip Deck,2015-11-24,49.0,49,19,1,73.28486055776892,16.68261373637975,3.5060462456083012,1.6316992686757774,0.57246,42.754000000000005,True,1.57246,5.513117479369229,270.1427564890922,146.45931168005993,416.6020681691522,539.35378
365,Perfect Fitness Perfect Rip Deck,2015-11-25,79.0,79,26,1,73.28486055776892,16.68261373637975,3.5060462456083012,1.6316992686757774,0.57246,42.754000000000005,True,1.57246,5.513117479369229,435.5362808701691,221.6215966975609,657.15787756773,869.57038
365,Perfect Fitness Perfect Rip Deck,2015-11-26,67.97,68,23,1,73.28486055776892,16.68261373637975,3.5060462456083012,1.6316992686757774,0.57246,42.754000000000005,True,1.57246,5.513117479369229,374.72659507272647,193.48603908339808,568.2126341561245,748.1607433999999
365,Perfect Fitness Perfect Rip Deck,2015-11-27,67.0,67,29,1,73.28486055776892,16.68261373637975,3.5060462456083012,1.6316992686757774,0.57246,42.754000000000005,True,1.57246,5.513117479369229,369.37887111773836,191.0330073420022,560.4118784597406,737.48374
365,Perfect Fitness Perfect Rip Deck,2015-11-28,78.0,78,23,1,73.28486055776892,16.68261373637975,3.5060462456083012,1.6316992686757774,0.57246,42.754000000000005,True,1.57246,5.513117479369229,430.0231633907999,219.05479742443734,649.0779608152372,858.56316
365,Perfect Fitness Perfect Rip Deck,2015-11-29,123.98,124,38,1,73.28486055776892,16.68261373637975,3.5060462456083012,1.6316992686757774,0.57246,42.754000000000005,True,1.57246,5.513117479369229,683.5163050921971,338.96128044977104,1022.4775855419681,1364.6751356
365,Perfect Fitness Perfect Rip Deck,2015-11-30,71.0,71,23,1,73.28486055776892,16.68261373637975,3.5060462456083012,1.6316992686757774,0.57246,42.754000000000005,True,1.57246,5.513117479369229,391.43134103521527,201.17298266037182,592.604323695587,781.51262
365,Perfect Fitness Perfect Rip Deck,2015-12-01,44.0,44,14,1,73.28486055776892,16.68261373637975,3.5060462456083012,1.6316992686757774,0.57246,42.754000000000005,True,1.57246,5.513117479369229,242.57716909224607,134.53688806161432,377.11405715386036,484.31768
365,Perfect Fitness Perfect Rip Deck,2015-12-02,66.0,66,21,1,73.28486055776892,16.68261373637975,3.5060462456083012,1.6316992686757774,0.57246,42.754000000000005,True,1.57246,5.513117479369229,363.86575363836914,188.50833750638338,552.3740911447526,726.4765199999999
365,Perfect Fitness Perfect Rip Deck,2015-12-03,80.97,81,27,1,73.28486055776892,16.68261373637975,3.5060462456083012,1.6316992686757774,0.57246,42.754000000000005,True,1.57246,5.513117479369229,446.3971223045265,226.68614335285378,673.0832656573803,891.2546034
365,Perfect Fitness Perfect Rip Deck,2015-12-04,75.0,75,26,1,73.28486055776892,16.68261373637975,3.5060462456083012,1.6316992686757774,0.57246,42.754000000000005,True,1.57246,5.513117479369229,413.4838109526922,211.37189113507787,624.85570208777,825.5414999999999
365,Perfect Fitness Perfect Rip Deck,2015-12-05,86.0,86,26,1,73.28486055776892,16.68261373637975,3.5060462456083012,1.6316992686757774,0.57246,42.754000000000005,True,1.57246,5.513117479369229,474.1281032257537,239.66119142279987,713.7892946485536,946.62092
365,Perfect Fitness Perfect Rip Deck,2015-12-06,69.96,70,26,1,73.28486055776892,16.68261373637975,3.5060462456083012,1.6316992686757774,0.57246,42.754000000000005,True,1.57246,5.513117479369229,385.69769885667125,198.530553935447,584.2282527921183,770.0651111999999
365,Perfect Fitness Perfect Rip Deck,2015-12-07,46.0,46,18,1,73.28486055776892,16.68261373637975,3.5060462456083012,1.6316992686757774,0.57246,42.754000000000005,True,1.57246,5.513117479369229,253.60340405098452,139.27314430588996,392.8765483568745,506.33212
365,Perfect Fitness Perfect Rip Deck,2015-12-08,58.0,58,16,1,73.28486055776892,16.68261373637975,3.5060462456083012,1.6316992686757774,0.57246,42.754000000000005,True,1.57246,5.513117479369229,319.76081380341526,168.4885587271953,488.2493725306106,638.41876
365,Perfect Fitness Perfect Rip Deck,2015-12-09,109.0,109,34,1,73.28486055776892,16.68261373637975,3.5060462456083012,1.6316992686757774,0.57246,42.754000000000005,True,1.57246,5.513117479369229,600.929805251246,299.58350926447,900.513314515716,1199.78698
365,Perfect Fitness Perfect Rip Deck,2015-12-10,74.97,75,24,1,73.28486055776892,16.68261373637975,3.5060462456083012,1.6316992686757774,0.57246,42.754000000000005,True,1.57246,5.513117479369229,413.3184174283111,211.2952010441859,624.6136184724969,825.2112834
365,Perfect Fitness Perfect Rip Deck,2015-12-11,50.0,50,20,1,73.28486055776892,16.68261373637975,3.5060462456083012,1.6316992686757774,0.57246,42.754000000000005,True,1.57246,5.513117479369229,275.65587396846144,148.8744065961211,424.53028056458254,550.361
365,Perfect Fitness Perfect Rip Deck,2015-12-12,73.0,73,26,1,73.28486055776892,16.68261373637975,3.5060462456083012,1.6316992686757774,0.57246,42.754000000000005,True,1.57246,5.513117479369229,402.4575759939537,206.26561544121626,608.72319143517,803.52706
365,Perfect Fitness Perfect Rip Deck,2015-12-13,101.0,101,31,1,73.28486055776892,16.68261373637975,3.5060462456083012,1.6316992686757774,0.57246,42.754000000000005,True,1.57246,5.513117479369229,556.8248654162921,278.6511987858411,835.4760642021332,1111.72922
365,Perfect Fitness Perfect Rip Deck,2015-12-14,89.98,90,32,1,73.28486055776892,16.68261373637975,3.5060462456083012,1.6316992686757774,0.57246,42.754000000000005,True,1.57246,5.513117479369229,496.0703107936433,249.9672310386282,746.0375418322715,990.4296556
365,Perfect Fitness Perfect Rip Deck,2015-12-15,75.0,75,26,1,73.28486055776892,16.68261373637975,3.5060462456083012,1.6316992686757774,0.57246,42.754000000000005,True,1.57246,5.513117479369229,413.4838109526922,211.37189113507787,624.85570208777,825.5414999999999
365,Perfect Fitness Perfect Rip Deck,2015-12-16,57.0,57,21,1,73.28486055776892,16.68261373637975,3.5060462456083012,1.6316992686757774,0.57246,42.754000000000005,True,1.57246,5.513117479369229,314.24769632404605,166.01162996854532,480.25932629259137,627.41154
365,Perfect Fitness Perfect Rip Deck,2015-12-17,59.0,59,19,1,73.28486055776892,16.68261373637975,3.5060462456083012,1.6316992686757774,0.57246,42.754000000000005,True,1.57246,5.513117479369229,325.27393128278453,170.9717427853866,496.2456740681711,649.42598
365,Perfect Fitness Perfect Rip Deck,2015-12-18,43.97,44,13,1,73.28486055776892,16.68261373637975,3.5060462456083012,1.6316992686757774,0.57246,42.754000000000005,True,1.57246,5.513117479369229,242.411775567865,134.46620577119384,376.8779813390588,483.9874633999999
365,Perfect Fitness Perfect Rip Deck,2015-12-19,63.0,63,19,1,73.28486055776892,16.68261373637975,3.5060462456083012,1.6316992686757774,0.57246,42.754000000000005,True,1.57246,5.513117479369229,347.32640120026144,180.96187219134546,528.2882733916069,693.4548599999999
365,Perfect Fitness Perfect Rip Deck,2015-12-20,76.0,76,26,1,73.28486055776892,16.68261373637975,3.5060462456083012,1.6316992686757774,0.57246,42.754000000000005,True,1.57246,5.513117479369229,418.9969284320614,213.92983988747977,632.9267683195412,836.54872
365,Perfect Fitness Perfect Rip Deck,2015-12-21,65.0,65,22,1,73.28486055776892,16.68261373637975,3.5060462456083012,1.6316992686757774,0.57246,42.754000000000005,True,1.57246,5.513117479369229,358.35263615899987,185.9881340211309,544.3407701801308,715.4693
365,Perfect Fitness Perfect Rip Deck,2015-12-22,60.0,60,23,1,73.28486055776892,16.68261373637975,3.5060462456083012,1.6316992686757774,0.57246,42.754000000000005,True,1.57246,5.513117479369229,330.78704876215374,173.46091349963467,504.2479622617884,660.4331999999999
365,Perfect Fitness Perfect Rip Deck,2015-12-23,91.97,92,32,1,73.28486055776892,16.68261373637975,3.5060462456083012,1.6316992686757774,0.57246,42.754000000000005,True,1.57246,5.513117479369229,507.041414577588,255.1318772504864,762.1732918280744,1012.3340234
365,Perfect Fitness Perfect Rip Deck,2015-12-24,92.0,92,28,1,73.28486055776892,16.68261373637975,3.5060462456083012,1.6316992686757774,0.57246,42.754000000000005,True,1.57246,5.513117479369229,507.20680810196905,255.20979192767723,762.4166000296462,1012.66424
365,Perfect Fitness Perfect Rip Deck,2015-12-25,72.0,72,23,1,73.28486055776892,16.68261373637975,3.5060462456083012,1.6316992686757774,0.57246,42.754000000000005,True,1.57246,5.513117479369229,396.9444585145845,203.7175296751159,600.6619881897004,792.5198399999999
365,Perfect Fitness Perfect Rip Deck,2015-12-26,85.97,86,26,1,73.28486055776892,16.68261373637975,3.5060462456083012,1.6316992686757774,0.57246,42.754000000000005,True,1.57246,5.513117479369229,473.9627097013726,239.5836330735803,713.5463427749529,946.2907033999999
365,Perfect Fitness Perfect Rip Deck,2015-12-27,95.0,95,30,1,73.28486055776892,16.68261373637975,3.5060462456083012,1.6316992686757774,0.57246,42.754000000000005,True,1.57246,5.513117479369229,523.7461605400767,263.00919884651637,786.7553593865931,1045.6859
365,Perfect Fitness Perfect Rip Deck,2015-12-28,72.0,72,25,1,73.28486055776892,16.68261373637975,3.5060462456083012,1.6316992686757774,0.57246,42.754000000000005,True,1.57246,5.513117479369229,396.9444585145845,203.7175296751159,600.6619881897004,792.5198399999999
365,Perfect Fitness Perfect Rip Deck,2015-12-29,56.97,57,23,1,73.28486055776892,16.68261373637975,3.5060462456083012,1.6316992686757774,0.57246,42.754000000000005,True,1.57246,5.513117479369229,314.08230279966494,165.93742168043417,480.0197244800991,627.0813234
365,Perfect Fitness Perfect Rip Deck,2015-12-30,63.0,63,25,1,73.28486055776892,16.68261373637975,3.5060462456083012,1.6316992686757774,0.57246,42.754000000000005,True,1.57246,5.513117479369229,347.32640120026144,180.96187219134546,528.2882733916069,693.4548599999999
365,Perfect Fitness Perfect Rip Deck,2015-12-31,66.0,66,20,1,73.28486055776892,16.68261373637975,3.5060462456083012,1.6316992686757774,0.57246,42.754000000000005,True,1.57246,5.513117479369229,363.86575363836914,188.50833750638338,552.3740911447526,726.4765199999999
365,Perfect Fitness Perfect Rip Deck,2016-01-01,63.0,63,25,1,73.28486055776892,16.68261373637975,3.5060462456083012,1.6316992686757774,0.57246,42.754000000000005,True,1.57246,5.513117479369229,347.32640120026144,180.96187219134546,528.2882733916069,693.4548599999999
365,Perfect Fitness Perfect Rip Deck,2016-01-02,42.0,42,16,1,73.28486055776892,16.68261373637975,3.5060462456083012,1.6316992686757774,0.57246,42.754000000000005,True,1.57246,5.513117479369229,231.5509341335076,129.8498242646461,361.4007583981537,462.30324
365,Perfect Fitness Perfect Rip Deck,2016-01-03,87.97,88,25,1,73.28486055776892,16.68261373637975,3.5060462456083012,1.6316992686757774,0.57246,42.754000000000005,True,1.57246,5.513117479369229,484.9889446601111,244.7583828999687,729.7473275600798,968.3051433999999
365,Perfect Fitness Perfect Rip Deck,2016-01-04,97.0,97,31,1,73.28486055776892,16.68261373637975,3.5060462456083012,1.6316992686757774,0.57246,42.754000000000005,True,1.57246,5.513117479369229,534.7723954988152,268.2171114831869,802.989506982002,1067.7003399999999
365,Perfect Fitness Perfect Rip Deck,2016-01-05,45.95,46,20,1,73.28486055776892,16.68261373637975,3.5060462456083012,1.6316992686757774,0.57246,42.754000000000005,True,1.57246,5.513117479369229,253.32774817701608,139.15417856087907,392.48192673789515,505.781759
365,Perfect Fitness Perfect Rip Deck,2016-01-06,95.16,95,33,1,73.28486055776892,16.68261373637975,3.5060462456083012,1.6316992686757774,0.57246,42.754000000000005,True,1.57246,5.513117479369229,524.6282593367758,263.42559490340926,788.053854240185,1047.4470552
365,Perfect Fitness Perfect Rip Deck,2016-01-07,80.0,80,31,1,73.28486055776892,16.68261373637975,3.5060462456083012,1.6316992686757774,0.57246,42.754000000000005,True,1.57246,5.513117479369229,441.0493983495383,224.19114443448004,665.2405427840183,880.5776
365,Perfect Fitness Perfect Rip Deck,2016-01-08,53.0,53,14,1,73.28486055776892,16.68261373637975,3.5060462456083012,1.6316992686757774,0.57246,42.754000000000005,True,1.57246,5.513117479369229,292.19522640656913,156.17240939327598,448.3676357998451,583.38266
365,Perfect Fitness Perfect Rip Deck,2016-01-09,59.980000000000004,60,26,1,73.28486055776892,16.68261373637975,3.5060462456083012,1.6316992686757774,0.57246,42.754000000000005,True,1.57246,5.513117479369229,330.6767864125664,173.41107308255008,504.0878594951165,660.2130556
365,Perfect Fitness Perfect Rip Deck,2016-01-10,51.0,51,20,1,73.28486055776892,16.68261373637975,3.5060462456083012,1.6316992686757774,0.57246,42.754000000000005,True,1.57246,5.513117479369229,281.1689914478307,151.2985696325248,432.4675610803555,561.36822
365,Perfect Fitness Perfect Rip Deck,2016-01-11,40.08,40,15,1,73.28486055776892,16.68261373637975,3.5060462456083012,1.6316992686757774,0.57246,42.754000000000005,True,1.57246,5.513117479369229,220.9657485731187,125.40164409420444,346.36739266732314,441.1693776
365,Perfect Fitness Perfect Rip Deck,2016-01-12,50.03,50,14,1,73.28486055776892,16.68261373637975,3.5060462456083012,1.6316992686757774,0.57246,42.754000000000005,True,1.57246,5.513117479369229,275.82126749284254,148.9470017537961,424.7682692466386,550.6912166000001
365,Perfect Fitness Perfect Rip Deck,2016-01-13,46.0,46,15,1,73.28486055776892,16.68261373637975,3.5060462456083012,1.6316992686757774,0.57246,42.754000000000005,True,1.57246,5.513117479369229,253.60340405098452,139.27314430588996,392.8765483568745,506.33212
365,Perfect Fitness Perfect Rip Deck,2016-01-14,81.0,81,25,1,73.28486055776892,16.68261373637975,3.5060462456083012,1.6316992686757774,0.57246,42.754000000000005,True,1.57246,5.513117479369229,446.5625158289076,226.7633472033299,673.3258630322375,891.58482
365,Perfect Fitness Perfect Rip Deck,2016-01-15,54.0,54,20,1,73.28486055776892,16.68261373637975,3.5060462456083012,1.6316992686757774,0.57246,42.754000000000005,True,1.57246,5.513117479369229,297.70834388593835,158.62130217928893,456.3296460652273,594.38988
365,Perfect Fitness Perfect Rip Deck,2016-01-16,100.0,100,31,1,73.28486055776892,16.68261373637975,3.5060462456083012,1.6316992686757774,0.57246,42.754000000000005,True,1.57246,5.513117479369229,551.3117479369229,276.04050201693235,827.3522499538552,1100.722
365,Perfect Fitness Perfect Rip Deck,2016-01-17,75.0,75,27,1,73.28486055776892,16.68261373637975,3.5060462456083012,1.6316992686757774,0.57246,42.754000000000005,True,1.57246,5.513117479369229,413.4838109526922,211.37189113507787,624.85570208777,825.5414999999999
365,Perfect Fitness Perfect Rip Deck,2016-01-18,86.98,87,28,1,73.28486055776892,16.68261373637975,3.5060462456083012,1.6316992686757774,0.57246,42.754000000000005,True,1.57246,5.513117479369229,479.5309583555356,242.19582871423597,721.7267870697715,957.4079956
365,Perfect Fitness Perfect Rip Deck,2016-01-19,69.12,69,28,1,73.28486055776892,16.68261373637975,3.5060462456083012,1.6316992686757774,0.57246,42.754000000000005,True,1.57246,5.513117479369229,381.06668017400114,196.39929581825675,577.4659759922579,760.8190464
365,Perfect Fitness Perfect Rip Deck,2016-01-20,80.0,80,27,1,73.28486055776892,16.68261373637975,3.5060462456083012,1.6316992686757774,0.57246,42.754000000000005,True,1.57246,5.513117479369229,441.0493983495383,224.19114443448004,665.2405427840183,880.5776
365,Perfect Fitness Perfect Rip Deck,2016-01-21,99.0,99,30,1,73.28486055776892,16.68261373637975,3.5060462456083012,1.6316992686757774,0.57246,42.754000000000005,True,1.57246,5.513117479369229,545.7986304575537,273.4312275411941,819.2298579987478,1089.71478
365,Perfect Fitness Perfect Rip Deck,2016-01-22,72.0,72,22,1,73.28486055776892,16.68261373637975,3.5060462456083012,1.6316992686757774,0.57246,42.754000000000005,True,1.57246,5.513117479369229,396.9444585145845,203.7175296751159,600.6619881897004,792.5198399999999
365,Perfect Fitness Perfect Rip Deck,2016-01-23,88.0,88,27,1,73.28486055776892,16.68261373637975,3.5060462456083012,1.6316992686757774,0.57246,42.754000000000005,True,1.57246,5.513117479369229,485.15433818449213,244.83606759132664,729.9904057758188,968.63536
365,Perfect Fitness Perfect Rip Deck,2016-01-24,94.0,94,31,1,73.28486055776892,16.68261373637975,3.5060462456083012,1.6316992686757774,0.57246,42.754000000000005,True,1.57246,5.513117479369229,518.2330430607075,260.40768513729233,778.6407281979998,1034.67868
365,Perfect Fitness Perfect Rip Deck,2016-01-25,70.0,70,23,1,73.28486055776892,16.68261373637975,3.5060462456083012,1.6316992686757774,0.57246,42.754000000000005,True,1.57246,5.513117479369229,385.91822355584605,198.63211039496937,584.5503339508155,770.5054
365,Perfect Fitness Perfect Rip Deck,2016-01-26,85.0,85,27,1,73.28486055776892,16.68261373637975,3.5060462456083012,1.6316992686757774,0.57246,42.754000000000005,True,1.57246,5.513117479369229,468.6149857463845,237.07697889594277,705.6919646423273,935.6137
365,Perfect Fitness Perfect Rip Deck,2016-01-27,64.0,64,21,1,73.28486055776892,16.68261373637975,3.5060462456083012,1.6316992686757774,0.57246,42.754000000000005,True,1.57246,5.513117479369229,352.83951867963066,183.4725809374639,536.3120996170945,704.46208
365,Perfect Fitness Perfect Rip Deck,2016-01-28,59.0,59,25,1,73.28486055776892,16.68261373637975,3.5060462456083012,1.6316992686757774,0.57246,42.754000000000005,True,1.57246,5.513117479369229,325.27393128278453,170.9717427853866,496.2456740681711,649.42598
365,Perfect Fitness Perfect Rip Deck,2016-01-29,62.0,62,23,1,73.28486055776892,16.68261373637975,3.5060462456083012,1.6316992686757774,0.57246,42.754000000000005,True,1.57246,5.513117479369229,341.8132837208922,178.4562122485232,520.2694959694154,682.44764
365,Perfect Fitness Perfect Rip Deck,2016-01-30,68.0,68,25,1,73.28486055776892,16.68261373637975,3.5060462456083012,1.6316992686757774,0.57246,42.754000000000005,True,1.57246,5.513117479369229,374.89198859710757,193.56196876139927,568.4539573585068,748.49096
365,Perfect Fitness Perfect Rip Deck,2016-01-31,70.0,70,23,1,73.28486055776892,16.68261373637975,3.5060462456083012,1.6316992686757774,0.57246,42.754000000000005,True,1.57246,5.513117479369229,385.91822355584605,198.63211039496937,584.5503339508155,770.5054
365,Perfect Fitness Perfect Rip Deck,2016-02-01,23.0,23,8,1,73.28486055776892,16.68261373637975,3.5060462456083012,1.6316992686757774,0.57246,42.754000000000005,True,1.57246,5.513117479369229,126.80170202549226,89.23705190177166,216.03875392726394,253.16606
403,Nike Men's CJ Elite 2 TD Football Cleat,2015-11-14,5.0,5,5,1,22.125498007968126,4.850526202143737,3.5012604663725577,1.6180767761081412,0.47585,52.415,True,1.4758499999999999,5.167335259295939,25.836676296479695,22.496800800644486,48.33347709712418,51.65474999999999
403,Nike Men's CJ Elite 2 TD Football Cleat,2015-11-15,13.0,13,13,1,22.125498007968126,4.850526202143737,3.5012604663725577,1.6180767761081412,0.47585,52.415,True,1.4758499999999999,5.167335259295939,67.1753583708472,39.06818427517173,106.24354264601894,134.30235
403,Nike Men's CJ Elite 2 TD Football Cleat,2015-11-16,25.0,25,25,1,22.125498007968126,4.850526202143737,3.5012604663725577,1.6180767761081412,0.47585,52.415,True,1.4758499999999999,5.167335259295939,129.1833814823985,68.97108172385934,198.15446320625784,258.27375
403,Nike Men's CJ Elite 2 TD Football Cleat,2015-11-17,26.0,26,26,1,22.125498007968126,4.850526202143737,3.5012604663725577,1.6180767761081412,0.47585,52.415,True,1.4758499999999999,5.167335259295939,134.3507167416944,71.5425534904255,205.8932702321199,268.6047
403,Nike Men's CJ Elite 2 TD Football Cleat,2015-11-18,27.0,27,27,1,22.125498007968126,4.850526202143737,3.5012604663725577,1.6180767761081412,0.47585,52.415,True,1.4758499999999999,5.167335259295939,139.51805200099034,74.12039858181971,213.63845058281004,278.93564999999995
403,Nike Men's CJ Elite 2 TD Football Cleat,2015-11-19,26.0,26,26,1,22.125498007968126,4.850526202143737,3.5012604663725577,1.6180767761081412,0.47585,52.415,True,1.4758499999999999,5.167335259295939,134.3507167416944,71.5425534904255,205.8932702321199,268.6047
403,Nike Men's CJ Elite 2 TD Football Cleat,2015-11-20,18.0,18,18,1,22.125498007968126,4.850526202143737,3.5012604663725577,1.6180767761081412,0.47585,52.415,True,1.4758499999999999,5.167335259295939,93.0120346673269,51.22961292161422,144.24164758894113,185.9571
403,Nike Men's CJ Elite 2 TD Football Cleat,2015-11-21,15.0,15,15,1,22.125498007968126,4.850526202143737,3.5012604663725577,1.6180767761081412,0.47585,52.415,True,1.4758499999999999,5.167335259295939,77.51002888943908,43.85286842266627,121.36289731210536,154.96425
403,Nike Men's CJ Elite 2 TD Football Cleat,2015-11-22,23.0,23,23,1,22.125498007968126,4.850526202143737,3.5012604663725577,1.6180767761081412,0.47585,52.415,True,1.4758499999999999,5.167335259295939,118.8487109638066,63.85033643839333,182.69904740219994,237.61184999999998
403,Nike Men's CJ Elite 2 TD Football Cleat,2015-11-23,19.0,19,19,1,22.125498007968126,4.850526202143737,3.5012604663725577,1.6180767761081412,0.47585,52.415,True,1.4758499999999999,5.167335259295939,98.17936992662284,53.72720283325111,151.90657275987394,196.28805
403,Nike Men's CJ Elite 2 TD Football Cleat,2015-11-24,26.0,26,26,1,22.125498007968126,4.850526202143737,3.5012604663725577,1.6180767761081412,0.47585,52.415,True,1.4758499999999999,5.167335259295939,134.3507167416944,71.5425534904255,205.8932702321199,268.6047
403,Nike Men's CJ Elite 2 TD Football Cleat,2015-11-25,22.0,22,22,1,22.125498007968126,4.850526202143737,3.5012604663725577,1.6180767761081412,0.47585,52.415,True,1.4758499999999999,5.167335259295939,113.68137570451066,61.30291720794259,174.98429291245324,227.28089999999997
403,Nike Men's CJ Elite 2 TD Football Cleat,2015-11-26,14.0,14,14,1,22.125498007968126,4.850526202143737,3.5012604663725577,1.6180767761081412,0.47585,52.415,True,1.4758499999999999,5.167335259295939,72.34269363014315,41.44410338774467,113.7867970178878,144.6333
403,Nike Men's CJ Elite 2 TD Football Cleat,2015-11-27,15.0,15,15,1,22.125498007968126,4.850526202143737,3.5012604663725577,1.6180767761081412,0.47585,52.415,True,1.4758499999999999,5.167335259295939,77.51002888943908,43.85286842266627,121.36289731210536,154.96425
403,Nike Men's CJ Elite 2 TD Football Cleat,2015-11-28,22.0,22,22,1,22.125498007968126,4.850526202143737,3.5012604663725577,1.6180767761081412,0.47585,52.415,True,1.4758499999999999,5.167335259295939,113.68137570451066,61.30291720794259,174.98429291245324,227.28089999999997
403,Nike Men's CJ Elite 2 TD Football Cleat,2015-11-29,18.0,18,18,1,22.125498007968126,4.850526202143737,3.5012604663725577,1.6180767761081412,0.47585,52.415,True,1.4758499999999999,5.167335259295939,93.0120346673269,51.22961292161422,144.24164758894113,185.9571
403,Nike Men's CJ Elite 2 TD Football Cleat,2015-11-30,18.0,18,18,1,22.125498007968126,4.850526202143737,3.5012604663725577,1.6180767761081412,0.47585,52.415,True,1.4758499999999999,5.167335259295939,93.0120346673269,51.22961292161422,144.24164758894113,185.9571
403,Nike Men's CJ Elite 2 TD Football Cleat,2015-12-01,29.0,29,29,1,22.125498007968126,4.850526202143737,3.5012604663725577,1.6180767761081412,0.47585,52.415,True,1.4758499999999999,5.167335259295939,149.85272251958224,79.29272084246846,229.14544336205068,299.59754999999996
403,Nike Men's CJ Elite 2 TD Football Cleat,2015-12-02,25.0,25,25,1,22.125498007968126,4.850526202143737,3.5012604663725577,1.6180767761081412,0.47585,52.415,True,1.4758499999999999,5.167335259295939,129.1833814823985,68.97108172385934,198.15446320625784,258.27375
403,Nike Men's CJ Elite 2 TD Football Cleat,2015-12-03,21.0,21,21,1,22.125498007968126,4.850526202143737,3.5012604663725577,1.6180767761081412,0.47585,52.415,True,1.4758499999999999,5.167335259295939,108.51404044521472,58.765632246560806,167.27967269177552,216.94994999999997
403,Nike Men's CJ Elite 2 TD Football Cleat,2015-12-04,26.0,26,26,1,22.125498007968126,4.850526202143737,3.5012604663725577,1.6180767761081412,0.47585,52.415,True,1.4758499999999999,5.167335259295939,134.3507167416944,71.5425534904255,205.8932702321199,268.6047
403,Nike Men's CJ Elite 2 TD Football Cleat,2015-12-05,24.0,24,24,1,22.125498007968126,4.850526202143737,3.5012604663725577,1.6180767761081412,0.47585,52.415,True,1.4758499999999999,5.167335259295939,124.01604622310253,66.40672367023157,190.4227698933341,247.94279999999998
403,Nike Men's CJ Elite 2 TD Football Cleat,2015-12-06,20.0,20,20,1,22.125498007968126,4.850526202143737,3.5012604663725577,1.6180767761081412,0.47585,52.415,True,1.4758499999999999,5.167335259295939,103.34670518591878,56.239853206587476,159.58655839250625,206.61899999999997
403,Nike Men's CJ Elite 2 TD Football Cleat,2015-12-07,13.0,13,13,1,22.125498007968126,4.850526202143737,3.5012604663725577,1.6180767761081412,0.47585,52.415,True,1.4758499999999999,5.167335259295939,67.1753583708472,39.06818427517173,106.24354264601894,134.30235
403,Nike Men's CJ Elite 2 TD Football Cleat,2015-12-08,16.0,16,16,1,22.125498007968126,4.850526202143737,3.5012604663725577,1.6180767761081412,0.47585,52.415,True,1.4758499999999999,5.167335259295939,82.67736414873502,46.289352041302216,128.96671619003723,165.2952
403,Nike Men's CJ Elite 2 TD Football Cleat,2015-12-09,31.0,31,31,1,22.125498007968126,4.850526202143737,3.5012604663725577,1.6180767761081412,0.47585,52.415,True,1.4758499999999999,5.167335259295939,160.1873930381741,84.48382325735923,244.67121629553333,320.25944999999996
403,Nike Men's CJ Elite 2 TD Football Cleat,2015-12-10,14.0,14,14,1,22.125498007968126,4.850526202143737,3.5012604663725577,1.6180767761081412,0.47585,52.415,True,1.4758499999999999,5.167335259295939,72.34269363014315,41.44410338774467,113.7867970178878,144.6333
403,Nike Men's CJ Elite 2 TD Football Cleat,2015-12-11,23.0,23,23,1,22.125498007968126,4.850526202143737,3.5012604663725577,1.6180767761081412,0.47585,52.415,True,1.4758499999999999,5.167335259295939,118.8487109638066,63.85033643839333,182.69904740219994,237.61184999999998
403,Nike Men's CJ Elite 2 TD Football Cleat,2015-12-12,20.0,20,20,1,22.125498007968126,4.850526202143737,3.5012604663725577,1.6180767761081412,0.47585,52.415,True,1.4758499999999999,5.167335259295939,103.34670518591878,56.239853206587476,159.58655839250625,206.61899999999997
403,Nike Men's CJ Elite 2 TD Football Cleat,2015-12-13,23.0,23,23,1,22.125498007968126,4.850526202143737,3.5012604663725577,1.6180767761081412,0.47585,52.415,True,1.4758499999999999,5.167335259295939,118.8487109638066,63.85033643839333,182.69904740219994,237.61184999999998
403,Nike Men's CJ Elite 2 TD Football Cleat,2015-12-14,22.0,22,22,1,22.125498007968126,4.850526202143737,3.5012604663725577,1.6180767761081412,0.47585,52.415,True,1.4758499999999999,5.167335259295939,113.68137570451066,61.30291720794259,174.98429291245324,227.28089999999997
403,Nike Men's CJ Elite 2 TD Football Cleat,2015-12-15,20.0,20,20,1,22.125498007968126,4.850526202143737,3.5012604663725577,1.6180767761081412,0.47585,52.415,True,1.4758499999999999,5.167335259295939,103.34670518591878,56.239853206587476,159.58655839250625,206.61899999999997
403,Nike Men's CJ Elite 2 TD Football Cleat,2015-12-16,25.0,25,25,1,22.125498007968126,4.850526202143737,3.5012604663725577,1.6180767761081412,0.47585,52.415,True,1.4758499999999999,5.167335259295939,129.1833814823985,68.97108172385934,198.15446320625784,258.27375
403,Nike Men's CJ Elite 2 TD Football Cleat,2015-12-17,14.0,14,14,1,22.125498007968126,4.850526202143737,3.5012604663725577,1.6180767761081412,0.47585,52.415,True,1.4758499999999999,5.167335259295939,72.34269363014315,41.44410338774467,113.7867970178878,144.6333
403,Nike Men's CJ Elite 2 TD Football Cleat,2015-12-18,26.0,26,26,1,22.125498007968126,4.850526202143737,3.5012604663725577,1.6180767761081412,0.47585,52.415,True,1.4758499999999999,5.167335259295939,134.3507167416944,71.5425534904255,205.8932702321199,268.6047
403,Nike Men's CJ Elite 2 TD Football Cleat,2015-12-19,17.0,17,17,1,22.125498007968126,4.850526202143737,3.5012604663725577,1.6180767761081412,0.47585,52.415,True,1.4758499999999999,5.167335259295939,87.84469940803096,48.749398315649564,136.59409772368053,175.62615
403,Nike Men's CJ Elite 2 TD Football Cleat,2015-12-20,27.0,27,27,1,22.125498007968126,4.850526202143737,3.5012604663725577,1.6180767761081412,0.47585,52.415,True,1.4758499999999999,5.167335259295939,139.51805200099034,74.12039858181971,213.63845058281004,278.93564999999995
403,Nike Men's CJ Elite 2 TD Football Cleat,2015-12-21,27.0,27,27,1,22.125498007968126,4.850526202143737,3.5012604663725577,1.6180767761081412,0.47585,52.415,True,1.4758499999999999,5.167335259295939,139.51805200099034,74.12039858181971,213.63845058281004,278.93564999999995
403,Nike Men's CJ Elite 2 TD Football Cleat,2015-12-22,31.0,31,31,1,22.125498007968126,4.850526202143737,3.5012604663725577,1.6180767761081412,0.47585,52.415,True,1.4758499999999999,5.167335259295939,160.1873930381741,84.48382325735923,244.67121629553333,320.25944999999996
403,Nike Men's CJ Elite 2 TD Football Cleat,2015-12-23,32.0,32,32,1,22.125498007968126,4.850526202143737,3.5012604663725577,1.6180767761081412,0.47585,52.415,True,1.4758499999999999,5.167335259295939,165.35472829747005,87.08536799778554,252.4400962952556,330.5904
403,Nike Men's CJ Elite 2 TD Football Cleat,2015-12-24,29.0,29,29,1,22.125498007968126,4.850526202143737,3.5012604663725577,1.6180767761081412,0.47585,52.415,True,1.4758499999999999,5.167335259295939,149.85272251958224,79.29272084246846,229.14544336205068,299.59754999999996
403,Nike Men's CJ Elite 2 TD Football Cleat,2015-12-25,33.0,33,33,1,22.125498007968126,4.850526202143737,3.5012604663725577,1.6180767761081412,0.47585,52.415,True,1.4758499999999999,5.167335259295939,170.522063556766,89.6904450131956,260.2125085699616,340.92134999999996
403,Nike Men's CJ Elite 2 TD Football Cleat,2015-12-26,19.0,19,19,1,22.125498007968126,4.850526202143737,3.5012604663725577,1.6180767761081412,0.47585,52.415,True,1.4758499999999999,5.167335259295939,98.17936992662284,53.72720283325111,151.90657275987394,196.28805
403,Nike Men's CJ Elite 2 TD Football Cleat,2015-12-27,23.0,23,23,1,22.125498007968126,4.850526202143737,3.5012604663725577,1.6180767761081412,0.47585,52.415,True,1.4758499999999999,5.167335259295939,118.8487109638066,63.85033643839333,182.69904740219994,237.61184999999998
403,Nike Men's CJ Elite 2 TD Football Cleat,2015-12-28,28.0,28,28,1,22.125498007968126,4.850526202143737,3.5012604663725577,1.6180767761081412,0.47585,52.415,True,1.4758499999999999,5.167335259295939,144.6853872602863,76.70397442213518,221.38936168242145,289.2666
403,Nike Men's CJ Elite 2 TD Football Cleat,2015-12-29,26.0,26,26,1,22.125498007968126,4.850526202143737,3.5012604663725577,1.6180767761081412,0.47585,52.415,True,1.4758499999999999,5.167335259295939,134.3507167416944,71.5425534904255,205.8932702321199,268.6047
403,Nike Men's CJ Elite 2 TD Football Cleat,2015-12-30,19.0,19,19,1,22.125498007968126,4.850526202143737,3.5012604663725577,1.6180767761081412,0.47585,52.415,True,1.4758499999999999,5.167335259295939,98.17936992662284,53.72720283325111,151.90657275987394,196.28805
403,Nike Men's CJ Elite 2 TD Football Cleat,2015-12-31,18.0,18,18,1,22.125498007968126,4.850526202143737,3.5012604663725577,1.6180767761081412,0.47585,52.415,True,1.4758499999999999,5.167335259295939,93.0120346673269,51.22961292161422,144.24164758894113,185.9571
403,Nike Men's CJ Elite 2 TD Football Cleat,2016-01-01,15.0,15,15,1,22.125498007968126,4.850526202143737,3.5012604663725577,1.6180767761081412,0.47585,52.415,True,1.4758499999999999,5.167335259295939,77.51002888943908,43.85286842266627,121.36289731210536,154.96425
403,Nike Men's CJ Elite 2 TD Football Cleat,2016-01-02,25.0,25,25,1,22.125498007968126,4.850526202143737,3.5012604663725577,1.6180767761081412,0.47585,52.415,True,1.4758499999999999,5.167335259295939,129.1833814823985,68.97108172385934,198.15446320625784,258.27375
403,Nike Men's CJ Elite 2 TD Football Cleat,2016-01-03,30.0,30,30,1,22.125498007968126,4.850526202143737,3.5012604663725577,1.6180767761081412,0.47585,52.415,True,1.4758499999999999,5.167335259295939,155.02005777887817,81.88614745656321,236.90620523544138,309.9285
403,Nike Men's CJ Elite 2 TD Football Cleat,2016-01-04,24.0,24,24,1,22.125498007968126,4.850526202143737,3.5012604663725577,1.6180767761081412,0.47585,52.415,True,1.4758499999999999,5.167335259295939,124.01604622310253,66.40672367023157,190.4227698933341,247.94279999999998
403,Nike Men's CJ Elite 2 TD Football Cleat,2016-01-05,21.0,21,21,1,22.125498007968126,4.850526202143737,3.5012604663725577,1.6180767761081412,0.47585,52.415,True,1.4758499999999999,5.167335259295939,108.51404044521472,58.765632246560806,167.27967269177552,216.94994999999997
403,Nike Men's CJ Elite 2 TD Football Cleat,2016-01-06,22.0,22,22,1,22.125498007968126,4.850526202143737,3.5012604663725577,1.6180767761081412,0.47585,52.415,True,1.4758499999999999,5.167335259295939,113.68137570451066,61.30291720794259,174.98429291245324,227.28089999999997
403,Nike Men's CJ Elite 2 TD Football Cleat,2016-01-07,17.0,17,17,1,22.125498007968126,4.850526202143737,3.5012604663725577,1.6180767761081412,0.47585,52.415,True,1.4758499999999999,5.167335259295939,87.84469940803096,48.749398315649564,136.59409772368053,175.62615
403,Nike Men's CJ Elite 2 TD Football Cleat,2016-01-08,14.0,14,14,1,22.125498007968126,4.850526202143737,3.5012604663725577,1.6180767761081412,0.47585,52.415,True,1.4758499999999999,5.167335259295939,72.34269363014315,41.44410338774467,113.7867970178878,144.6333
403,Nike Men's CJ Elite 2 TD Football Cleat,2016-01-09,27.0,27,27,1,22.125498007968126,4.850526202143737,3.5012604663725577,1.6180767761081412,0.47585,52.415,True,1.4758499999999999,5.167335259295939,139.51805200099034,74.12039858181971,213.63845058281004,278.93564999999995
403,Nike Men's CJ Elite 2 TD Football Cleat,2016-01-10,21.0,21,21,1,22.125498007968126,4.850526202143737,3.5012604663725577,1.6180767761081412,0.47585,52.415,True,1.4758499999999999,5.167335259295939,108.51404044521472,58.765632246560806,167.27967269177552,216.94994999999997
403,Nike Men's CJ Elite 2 TD Football Cleat,2016-01-11,20.0,20,20,1,22.125498007968126,4.850526202143737,3.5012604663725577,1.6180767761081412,0.47585,52.415,True,1.4758499999999999,5.167335259295939,103.34670518591878,56.239853206587476,159.58655839250625,206.61899999999997
403,Nike Men's CJ Elite 2 TD Football Cleat,2016-01-12,15.0,15,15,1,22.125498007968126,4.850526202143737,3.5012604663725577,1.6180767761081412,0.47585,52.415,True,1.4758499999999999,5.167335259295939,77.51002888943908,43.85286842266627,121.36289731210536,154.96425
403,Nike Men's CJ Elite 2 TD Football Cleat,2016-01-13,22.0,22,22,1,22.125498007968126,4.850526202143737,3.5012604663725577,1.6180767761081412,0.47585,52.415,True,1.4758499999999999,5.167335259295939,113.68137570451066,61.30291720794259,174.98429291245324,227.28089999999997
403,Nike Men's CJ Elite 2 TD Football Cleat,2016-01-14,26.0,26,26,1,22.125498007968126,4.850526202143737,3.5012604663725577,1.6180767761081412,0.47585,52.415,True,1.4758499999999999,5.167335259295939,134.3507167416944,71.5425534904255,205.8932702321199,268.6047
403,Nike Men's CJ Elite 2 TD Football Cleat,2016-01-15,22.0,22,22,1,22.125498007968126,4.850526202143737,3.5012604663725577,1.6180767761081412,0.47585,52.415,True,1.4758499999999999,5.167335259295939,113.68137570451066,61.30291720794259,174.98429291245324,227.28089999999997
403,Nike Men's CJ Elite 2 TD Football Cleat,2016-01-16,27.0,27,27,1,22.125498007968126,4.850526202143737,3.5012604663725577,1.6180767761081412,0.47585,52.415,True,1.4758499999999999,5.167335259295939,139.51805200099034,74.12039858181971,213.63845058281004,278.93564999999995
403,Nike Men's CJ Elite 2 TD Football Cleat,2016-01-17,16.0,16,16,1,22.125498007968126,4.850526202143737,3.5012604663725577,1.6180767761081412,0.47585,52.415,True,1.4758499999999999,5.167335259295939,82.67736414873502,46.289352041302216,128.96671619003723,165.2952
403,Nike Men's CJ Elite 2 TD Football Cleat,2016-01-18,23.0,23,23,1,22.125498007968126,4.850526202143737,3.5012604663725577,1.6180767761081412,0.47585,52.415,True,1.4758499999999999,5.167335259295939,118.8487109638066,63.85033643839333,182.69904740219994,237.61184999999998
403,Nike Men's CJ Elite 2 TD Football Cleat,2016-01-19,21.0,21,21,1,22.125498007968126,4.850526202143737,3.5012604663725577,1.6180767761081412,0.47585,52.415,True,1.4758499999999999,5.167335259295939,108.51404044521472,58.765632246560806,167.27967269177552,216.94994999999997
403,Nike Men's CJ Elite 2 TD Football Cleat,2016-01-20,25.0,25,25,1,22.125498007968126,4.850526202143737,3.5012604663725577,1.6180767761081412,0.47585,52.415,True,1.4758499999999999,5.167335259295939,129.1833814823985,68.97108172385934,198.15446320625784,258.27375
403,Nike Men's CJ Elite 2 TD Football Cleat,2016-01-21,16.0,16,16,1,22.125498007968126,4.850526202143737,3.5012604663725577,1.6180767761081412,0.47585,52.415,True,1.4758499999999999,5.167335259295939,82.67736414873502,46.289352041302216,128.96671619003723,165.2952
403,Nike Men's CJ Elite 2 TD Football Cleat,2016-01-22,23.0,23,23,1,22.125498007968126,4.850526202143737,3.5012604663725577,1.6180767761081412,0.47585,52.415,True,1.4758499999999999,5.167335259295939,118.8487109638066,63.85033643839333,182.69904740219994,237.61184999999998
403,Nike Men's CJ Elite 2 TD Football Cleat,2016-01-23,29.0,29,29,1,22.125498007968126,4.850526202143737,3.5012604663725577,1.6180767761081412,0.47585,52.415,True,1.4758499999999999,5.167335259295939,149.85272251958224,79.29272084246846,229.14544336205068,299.59754999999996
403,Nike Men's CJ Elite 2 TD Football Cleat,2016-01-24,27.0,27,27,1,22.125498007968126,4.850526202143737,3.5012604663725577,1.6180767761081412,0.47585,52.415,True,1.4758499999999999,5.167335259295939,139.51805200099034,74.12039858181971,213.63845058281004,278.93564999999995
403,Nike Men's CJ Elite 2 TD Football Cleat,2016-01-25,26.0,26,26,1,22.125498007968126,4.850526202143737,3.5012604663725577,1.6180767761081412,0.47585,52.415,True,1.4758499999999999,5.167335259295939,134.3507167416944,71.5425534904255,205.8932702321199,268.6047
403,Nike Men's CJ Elite 2 TD Football Cleat,2016-01-26,24.0,24,24,1,22.125498007968126,4.850526202143737,3.5012604663725577,1.6180767761081412,0.47585,52.415,True,1.4758499999999999,5.167335259295939,124.01604622310253,66.40672367023157,190.4227698933341,247.94279999999998
403,Nike Men's CJ Elite 2 TD Football Cleat,2016-01-27,26.0,26,26,1,22.125498007968126,4.850526202143737,3.5012604663725577,1.6180767761081412,0.47585,52.415,True,1.4758499999999999,5.167335259295939,134.3507167416944,71.5425534904255,205.8932702321199,268.6047
403,Nike Men's CJ Elite 2 TD Football Cleat,2016-01-28,14.0,14,14,1,22.125498007968126,4.850526202143737,3.5012604663725577,1.6180767761081412,0.47585,52.415,True,1.4758499999999999,5.167335259295939,72.34269363014315,41.44410338774467,113.7867970178878,144.6333
403,Nike Men's CJ Elite 2 TD Football Cleat,2016-01-29,18.0,18,18,1,22.125498007968126,4.850526202143737,3.5012604663725577,1.6180767761081412,0.47585,52.415,True,1.4758499999999999,5.167335259295939,93.0120346673269,51.22961292161422,144.24164758894113,185.9571
403,Nike Men's CJ Elite 2 TD Football Cleat,2016-01-30,30.0,30,30,1,22.125498007968126,4.850526202143737,3.5012604663725577,1.6180767761081412,0.47585,52.415,True,1.4758499999999999,5.167335259295939,155.02005777887817,81.88614745656321,236.90620523544138,309.9285
403,Nike Men's CJ Elite 2 TD Football Cleat,2016-01-31,17.0,17,17,1,22.125498007968126,4.850526202143737,3.5012604663725577,1.6180767761081412,0.47585,52.415,True,1.4758499999999999,5.167335259295939,87.84469940803096,48.749398315649564,136.59409772368053,175.62615
403,Nike Men's CJ Elite 2 TD Football Cleat,2016-02-01,14.0,14,14,1,22.125498007968126,4.850526202143737,3.5012604663725577,1.6180767761081412,0.47585,52.415,True,1.4758499999999999,5.167335259295939,72.34269363014315,41.44410338774467,113.7867970178878,144.6333
502,Nike Men's Dri-FIT Victory Golf Polo,2015-11-14,27.0,27,9,1,62.62749003984064,15.947967527872962,3.4846725057121097,1.6203862706036596,0.53195625,46.804375,True,1.53195625,5.338365824328827,144.13587725687833,94.09410900445243,238.22998626133077,289.53973125
502,Nike Men's Dri-FIT Victory Golf Polo,2015-11-15,73.0,73,24,1,62.62749003984064,15.947967527872962,3.4846725057121097,1.6203862706036596,0.53195625,46.804375,True,1.53195625,5.338365824328827,389.70070517600436,203.80643997797878,593.5071451539832,782.82964375
502,Nike Men's Dri-FIT Victory Golf Polo,2015-11-16,45.01,45,14,1,62.62749003984064,15.947967527872962,3.4846725057121097,1.6203862706036596,0.53195625,46.804375,True,1.53195625,5.338365824328827,240.2798457530405,134.41829889934172,374.6981446523822,482.67345568749994
502,Nike Men's Dri-FIT Victory Golf Polo,2015-11-17,54.0,54,21,1,62.62749003984064,15.947967527872962,3.4846725057121097,1.6203862706036596,0.53195625,46.804375,True,1.53195625,5.338365824328827,288.27175451375666,156.18101430820425,444.45276882196094,579.0794625
502,Nike Men's Dri-FIT Victory Golf Polo,2015-11-18,71.0,71,23,1,62.62749003984064,15.947967527872962,3.4846725057121097,1.6203862706036596,0.53195625,46.804375,True,1.53195625,5.338365824328827,379.0239735273467,198.72292824502046,577.7469017723672,761.38225625
502,Nike Men's Dri-FIT Victory Golf Polo,2015-11-19,84.0,84,27,1,62.62749003984064,15.947967527872962,3.4846725057121097,1.6203862706036596,0.53195625,46.804375,True,1.53195625,5.338365824328827,448.42272924362146,231.96451559404426,680.3872448376658,900.790275
502,Nike Men's Dri-FIT Victory Golf Polo,2015-11-20,55.0,55,19,1,62.62749003984064,15.947967527872962,3.4846725057121097,1.6203862706036596,0.53195625,46.804375,True,1.53195625,5.338365824328827,293.6101203380855,158.64098728488202,452.25110762296754,589.8031562499999
502,Nike Men's Dri-FIT Victory Golf Polo,2015-11-21,47.0,47,16,1,62.62749003984064,15.947967527872962,3.4846725057121097,1.6203862706036596,0.53195625,46.804375,True,1.53195625,5.338365824328827,250.90319374345486,139.17333919406636,390.0765329375212,504.01360624999995
502,Nike Men's Dri-FIT Victory Golf Polo,2015-11-22,49.0,49,15,1,62.62749003984064,15.947967527872962,3.4846725057121097,1.6203862706036596,0.53195625,46.804375,True,1.53195625,5.338365824328827,261.5799253921125,143.99094943748352,405.57087482959605,525.46099375
502,Nike Men's Dri-FIT Victory Golf Polo,2015-11-23,63.0,63,23,1,62.62749003984064,15.947967527872962,3.4846725057121097,1.6203862706036596,0.53195625,46.804375,True,1.53195625,5.338365824328827,336.3170469327161,178.5333511401676,514.8503980728838,675.59270625
502,Nike Men's Dri-FIT Victory Golf Polo,2015-11-24,46.0,46,13,1,62.62749003984064,15.947967527872962,3.4846725057121097,1.6203862706036596,0.53195625,46.804375,True,1.53195625,5.338365824328827,245.56482791912603,136.77882142654306,382.34364934566906,493.28991249999996
502,Nike Men's Dri-FIT Victory Golf Polo,2015-11-25,81.0,81,24,1,62.62749003984064,15.947967527872962,3.4846725057121097,1.6203862706036596,0.53195625,46.804375,True,1.53195625,5.338365824328827,432.40763177063496,224.25548458250847,656.6631163531434,868.6191937499999
502,Nike Men's Dri-FIT Victory Golf Polo,2015-11-26,24.0,24,10,1,62.62749003984064,15.947967527872962,3.4846725057121097,1.6203862706036596,0.53195625,46.804375,True,1.53195625,5.338365824328827,128.12077978389186,88.12845315099081,216.24923293488268,257.36865
502,Nike Men's Dri-FIT Victory Golf Polo,2015-11-27,38.0,38,12,1,62.62749003984064,15.947967527872962,3.4846725057121097,1.6203862706036596,0.53195625,46.804375,True,1.53195625,5.338365824328827,202.85790132449543,118.04165734879223,320.89955867328763,407.5003625
502,Nike Men's Dri-FIT Victory Golf Polo,2015-11-28,54.0,54,19,1,62.62749003984064,15.947967527872962,3.4846725057121097,1.6203862706036596,0.53195625,46.804375,True,1.53195625,5.338365824328827,288.27175451375666,156.18101430820425,444.45276882196094,579.0794625
502,Nike Men's Dri-FIT Victory Golf Polo,2015-11-29,61.0,61,19,1,62.62749003984064,15.947967527872962,3.4846725057121097,1.6203862706036596,0.53195625,46.804375,True,1.53195625,5.338365824328827,325.64031528405843,173.528377693943,499.16869297800145,654.14531875
502,Nike Men's Dri-FIT Victory Golf Polo,2015-11-30,92.0,92,31,1,62.62749003984064,15.947967527872962,3.4846725057121097,1.6203862706036596,0.53195625,46.804375,True,1.53195625,5.338365824328827,491.12965583825206,252.60935809329987,743.7390139315519,986.5798249999999
502,Nike Men's Dri-FIT Victory Golf Polo,2015-12-01,59.0,59,19,1,62.62749003984064,15.947967527872962,3.4846725057121097,1.6203862706036596,0.53195625,46.804375,True,1.53195625,5.338365824328827,314.96358363540077,168.54340358863095,483.5069872240317,632.69793125
502,Nike Men's Dri-FIT Victory Golf Polo,2015-12-02,67.0,67,21,1,62.62749003984064,15.947967527872962,3.4846725057121097,1.6203862706036596,0.53195625,46.804375,True,1.53195625,5.338365824328827,357.6705102300314,188.5969209054508,546.2674311354822,718.48748125
502,Nike Men's Dri-FIT Victory Golf Polo,2015-12-03,77.0,77,21,1,62.62749003984064,15.947967527872962,3.4846725057121097,1.6203862706036596,0.53195625,46.804375,True,1.53195625,5.338365824328827,411.0541684733197,214.00960820983357,625.0637766831533,825.7244187499999
502,Nike Men's Dri-FIT Victory Golf Polo,2015-12-04,73.0,73,19,1,62.62749003984064,15.947967527872962,3.4846725057121097,1.6203862706036596,0.53195625,46.804375,True,1.53195625,5.338365824328827,389.70070517600436,203.80643997797878,593.5071451539832,782.82964375
502,Nike Men's Dri-FIT Victory Golf Polo,2015-12-05,41.0,41,16,1,62.62749003984064,15.947967527872962,3.4846725057121097,1.6203862706036596,0.53195625,46.804375,True,1.53195625,5.338365824328827,218.8729987974819,124.97094304018485,343.84394183766676,439.67144375
502,Nike Men's Dri-FIT Victory Golf Polo,2015-12-06,32.0,32,12,1,62.62749003984064,15.947967527872962,3.4846725057121097,1.6203862706036596,0.53195625,46.804375,True,1.53195625,5.338365824328827,170.82770637852246,104.64081263498181,275.4685190135043,343.15819999999997
502,Nike Men's Dri-FIT Victory Golf Polo,2015-12-07,34.0,34,14,1,62.62749003984064,15.947967527872962,3.4846725057121097,1.6203862706036596,0.53195625,46.804375,True,1.53195625,5.338365824328827,181.50443802718013,109.03013392373572,290.53457195091585,364.60558749999996
502,Nike Men's Dri-FIT Victory Golf Polo,2015-12-08,39.0,39,13,1,62.62749003984064,15.947967527872962,3.4846725057121097,1.6203862706036596,0.53195625,46.804375,True,1.53195625,5.338365824328827,208.19626714882426,120.33671075965165,328.5329779084759,418.22405625
502,Nike Men's Dri-FIT Victory Golf Polo,2015-12-09,70.01,70,21,1,62.62749003984064,15.947967527872962,3.4846725057121097,1.6203862706036596,0.53195625,46.804375,True,1.53195625,5.338365824328827,373.7389913612612,196.21145197334883,569.95044333461,750.7657994375
502,Nike Men's Dri-FIT Victory Golf Polo,2015-12-10,42.0,42,15,1,62.62749003984064,15.947967527872962,3.4846725057121097,1.6203862706036596,0.53195625,46.804375,True,1.53195625,5.338365824328827,224.21136462181073,127.30851568316946,351.5198803049802,450.3951375
502,Nike Men's Dri-FIT Victory Golf Polo,2015-12-11,47.0,47,17,1,62.62749003984064,15.947967527872962,3.4846725057121097,1.6203862706036596,0.53195625,46.804375,True,1.53195625,5.338365824328827,250.90319374345486,139.17333919406636,390.0765329375212,504.01360624999995
502,Nike Men's Dri-FIT Victory Golf Polo,2015-12-12,47.0,47,14,1,62.62749003984064,15.947967527872962,3.4846725057121097,1.6203862706036596,0.53195625,46.804375,True,1.53195625,5.338365824328827,250.90319374345486,139.17333919406636,390.0765329375212,504.01360624999995
502,Nike Men's Dri-FIT Victory Golf Polo,2015-12-13,92.0,92,27,1,62.62749003984064,15.947967527872962,3.4846725057121097,1.6203862706036596,0.53195625,46.804375,True,1.53195625,5.338365824328827,491.12965583825206,252.60935809329987,743.7390139315519,986.5798249999999
502,Nike Men's Dri-FIT Victory Golf Polo,2015-12-14,31.0,31,10,1,62.62749003984064,15.947967527872962,3.4846725057121097,1.6203862706036596,0.53195625,46.804375,True,1.53195625,5.338365824328827,165.48934055419363,102.4796549994111,267.9689955536047,332.43450624999997
502,Nike Men's Dri-FIT Victory Golf Polo,2015-12-15,67.0,67,20,1,62.62749003984064,15.947967527872962,3.4846725057121097,1.6203862706036596,0.53195625,46.804375,True,1.53195625,5.338365824328827,357.6705102300314,188.5969209054508,546.2674311354822,718.48748125
502,Nike Men's Dri-FIT Victory Golf Polo,2015-12-16,76.0,76,24,1,62.62749003984064,15.947967527872962,3.4846725057121097,1.6203862706036596,0.53195625,46.804375,True,1.53195625,5.338365824328827,405.71580264899086,211.45457032556916,617.17037297456,815.000725
502,Nike Men's Dri-FIT Victory Golf Polo,2015-12-17,66.0,66,20,1,62.62749003984064,15.947967527872962,3.4846725057121097,1.6203862706036596,0.53195625,46.804375,True,1.53195625,5.338365824328827,352.3321444057026,186.07477814429635,538.406922549999,707.7637874999999
502,Nike Men's Dri-FIT Victory Golf Polo,2015-12-18,37.0,37,13,1,62.62749003984064,15.947967527872962,3.4846725057121097,1.6203862706036596,0.53195625,46.804375,True,1.53195625,5.338365824328827,197.5195355001666,115.76248071351118,313.28201621367776,396.77666875
502,Nike Men's Dri-FIT Victory Golf Polo,2015-12-19,44.0,44,18,1,62.62749003984064,15.947967527872962,3.4846725057121097,1.6203862706036596,0.53195625,46.804375,True,1.53195625,5.338365824328827,234.8880962704684,132.0209519809089,366.90904825137727,471.84252499999997
502,Nike Men's Dri-FIT Victory Golf Polo,2015-12-20,60.0,60,22,1,62.62749003984064,15.947967527872962,3.4846725057121097,1.6203862706036596,0.53195625,46.804375,True,1.53195625,5.338365824328827,320.3019494597296,171.0332812645438,491.3352307242734,643.421625
502,Nike Men's Dri-FIT Victory Golf Polo,2015-12-21,35.0,35,13,1,62.62749003984064,15.947967527872962,3.4846725057121097,1.6203862706036596,0.53195625,46.804375,True,1.53195625,5.338365824328827,186.84280385150893,111.25565404883965,298.0984579003486,375.32928124999995
502,Nike Men's Dri-FIT Victory Golf Polo,2015-12-22,69.01,69,25,1,62.62749003984064,15.947967527872962,3.4846725057121097,1.6203862706036596,0.53195625,46.804375,True,1.53195625,5.338365824328827,368.40062553693235,193.67804675813088,562.0786722950633,740.0421056875
502,Nike Men's Dri-FIT Victory Golf Polo,2015-12-23,83.0,83,25,1,62.62749003984064,15.947967527872962,3.4846725057121097,1.6203862706036596,0.53195625,46.804375,True,1.53195625,5.338365824328827,443.08436341929263,229.3926509143937,672.4770143336864,890.0665812499999
502,Nike Men's Dri-FIT Victory Golf Polo,2015-12-24,81.0,81,26,1,62.62749003984064,15.947967527872962,3.4846725057121097,1.6203862706036596,0.53195625,46.804375,True,1.53195625,5.338365824328827,432.40763177063496,224.25548458250847,656.6631163531434,868.6191937499999
502,Nike Men's Dri-FIT Victory Golf Polo,2015-12-25,80.01,80,23,1,62.62749003984064,15.947967527872962,3.4846725057121097,1.6203862706036596,0.53195625,46.804375,True,1.53195625,5.338365824328827,427.12264960454945,221.7159747861488,648.8386243906982,858.0027369375
502,Nike Men's Dri-FIT Victory Golf Polo,2015-12-26,79.0,79,25,1,62.62749003984064,15.947967527872962,3.4846725057121097,1.6203862706036596,0.53195625,46.804375,True,1.53195625,5.338365824328827,421.73090012197736,219.12758171789682,640.8584818398742,847.1718062499999
502,Nike Men's Dri-FIT Victory Golf Polo,2015-12-27,68.0,68,20,1,62.62749003984064,15.947967527872962,3.4846725057121097,1.6203862706036596,0.53195625,46.804375,True,1.53195625,5.338365824328827,363.00887605436026,191.12295583389084,554.1318318882511,729.2111749999999
502,Nike Men's Dri-FIT Victory Golf Polo,2015-12-28,58.0,58,22,1,62.62749003984064,15.947967527872962,3.4846725057121097,1.6203862706036596,0.53195625,46.804375,True,1.53195625,5.338365824328827,309.625217811072,166.05897941533448,475.68419722640647,621.9742375
502,Nike Men's Dri-FIT Victory Golf Polo,2015-12-29,60.0,60,22,1,62.62749003984064,15.947967527872962,3.4846725057121097,1.6203862706036596,0.53195625,46.804375,True,1.53195625,5.338365824328827,320.3019494597296,171.0332812645438,491.3352307242734,643.421625
502,Nike Men's Dri-FIT Victory Golf Polo,2015-12-30,67.0,67,24,1,62.62749003984064,15.947967527872962,3.4846725057121097,1.6203862706036596,0.53195625,46.804375,True,1.53195625,5.338365824328827,357.6705102300314,188.5969209054508,546.2674311354822,718.48748125
502,Nike Men's Dri-FIT Victory Golf Polo,2015-12-31,92.0,92,28,1,62.62749003984064,15.947967527872962,3.4846725057121097,1.6203862706036596,0.53195625,46.804375,True,1.53195625,5.338365824328827,491.12965583825206,252.60935809329987,743.7390139315519,986.5798249999999
502,Nike Men's Dri-FIT Victory Golf Polo,2016-01-01,83.01,83,28,1,62.62749003984064,15.947967527872962,3.4846725057121097,1.6203862706036596,0.53195625,46.804375,True,1.53195625,5.338365824328827,443.13774707753595,229.41835897604787,672.5561060535838,890.1738181875
502,Nike Men's Dri-FIT Victory Golf Polo,2016-01-02,45.01,45,17,1,62.62749003984064,15.947967527872962,3.4846725057121097,1.6203862706036596,0.53195625,46.804375,True,1.53195625,5.338365824328827,240.2798457530405,134.41829889934172,374.6981446523822,482.67345568749994
502,Nike Men's Dri-FIT Victory Golf Polo,2016-01-03,74.0,74,24,1,62.62749003984064,15.947967527872962,3.4846725057121097,1.6203862706036596,0.53195625,46.804375,True,1.53195625,5.338365824328827,395.0390710003332,206.35288124171313,601.3919522420463,793.5533375
502,Nike Men's Dri-FIT Victory Golf Polo,2016-01-04,47.0,47,18,1,62.62749003984064,15.947967527872962,3.4846725057121097,1.6203862706036596,0.53195625,46.804375,True,1.53195625,5.338365824328827,250.90319374345486,139.17333919406636,390.0765329375212,504.01360624999995
502,Nike Men's Dri-FIT Victory Golf Polo,2016-01-05,70.0,70,25,1,62.62749003984064,15.947967527872962,3.4846725057121097,1.6203862706036596,0.53195625,46.804375,True,1.53195625,5.338365824328827,373.68560770301787,196.18610058898852,569.8717082920064,750.6585624999999
502,Nike Men's Dri-FIT Victory Golf Polo,2016-01-06,91.0,91,31,1,62.62749003984064,15.947967527872962,3.4846725057121097,1.6203862706036596,0.53195625,46.804375,True,1.53195625,5.338365824328827,485.79129001392323,250.02251564663567,735.813805660559,975.85613125
502,Nike Men's Dri-FIT Victory Golf Polo,2016-01-07,62.0,62,19,1,62.62749003984064,15.947967527872962,3.4846725057121097,1.6203862706036596,0.53195625,46.804375,True,1.53195625,5.338365824328827,330.97868110838726,176.02847095900617,507.00715206739346,664.8690124999999
502,Nike Men's Dri-FIT Victory Golf Polo,2016-01-08,74.0,74,23,1,62.62749003984064,15.947967527872962,3.4846725057121097,1.6203862706036596,0.53195625,46.804375,True,1.53195625,5.338365824328827,395.0390710003332,206.35288124171313,601.3919522420463,793.5533375
502,Nike Men's Dri-FIT Victory Golf Polo,2016-01-09,79.0,79,24,1,62.62749003984064,15.947967527872962,3.4846725057121097,1.6203862706036596,0.53195625,46.804375,True,1.53195625,5.338365824328827,421.73090012197736,219.12758171789682,640.8584818398742,847.1718062499999
502,Nike Men's Dri-FIT Victory Golf Polo,2016-01-10,46.0,46,14,1,62.62749003984064,15.947967527872962,3.4846725057121097,1.6203862706036596,0.53195625,46.804375,True,1.53195625,5.338365824328827,245.56482791912603,136.77882142654306,382.34364934566906,493.28991249999996
502,Nike Men's Dri-FIT Victory Golf Polo,2016-01-11,51.0,51,23,1,62.62749003984064,15.947967527872962,3.4846725057121097,1.6203862706036596,0.53195625,46.804375,True,1.53195625,5.338365824328827,272.25665704077016,148.8435733573481,421.10023039811824,546.9083812499999
502,Nike Men's Dri-FIT Victory Golf Polo,2016-01-12,82.0,82,26,1,62.62749003984064,15.947967527872962,3.4846725057121097,1.6203862706036596,0.53195625,46.804375,True,1.53195625,5.338365824328827,437.7459975949638,226.82294912637238,664.5689467213361,879.3428875
502,Nike Men's Dri-FIT Victory Golf Polo,2016-01-13,52.0,52,17,1,62.62749003984064,15.947967527872962,3.4846725057121097,1.6203862706036596,0.53195625,46.804375,True,1.53195625,5.338365824328827,277.595022865099,151.28196347175884,428.87698633685784,557.632075
502,Nike Men's Dri-FIT Victory Golf Polo,2016-01-14,85.0,85,25,1,62.62749003984064,15.947967527872962,3.4846725057121097,1.6203862706036596,0.53195625,46.804375,True,1.53195625,5.338365824328827,453.7610950679503,234.53847201285578,688.2995670808061,911.5139687499999
502,Nike Men's Dri-FIT Victory Golf Polo,2016-01-15,61.0,61,20,1,62.62749003984064,15.947967527872962,3.4846725057121097,1.6203862706036596,0.53195625,46.804375,True,1.53195625,5.338365824328827,325.64031528405843,173.528377693943,499.16869297800145,654.14531875
502,Nike Men's Dri-FIT Victory Golf Polo,2016-01-16,53.0,53,19,1,62.62749003984064,15.947967527872962,3.4846725057121097,1.6203862706036596,0.53195625,46.804375,True,1.53195625,5.338365824328827,282.93338868942783,153.72789523068238,436.66128392011024,568.3557687499999
502,Nike Men's Dri-FIT Victory Golf Polo,2016-01-17,65.0,65,21,1,62.62749003984064,15.947967527872962,3.4846725057121097,1.6203862706036596,0.53195625,46.804375,True,1.53195625,5.338365824328827,346.99377858137376,183.55668799033202,530.5504665717058,697.04009375
502,Nike Men's Dri-FIT Victory Golf Polo,2016-01-18,67.0,67,23,1,62.62749003984064,15.947967527872962,3.4846725057121097,1.6203862706036596,0.53195625,46.804375,True,1.53195625,5.338365824328827,357.6705102300314,188.5969209054508,546.2674311354822,718.48748125
502,Nike Men's Dri-FIT Victory Golf Polo,2016-01-19,59.0,59,23,1,62.62749003984064,15.947967527872962,3.4846725057121097,1.6203862706036596,0.53195625,46.804375,True,1.53195625,5.338365824328827,314.96358363540077,168.54340358863095,483.5069872240317,632.69793125
502,Nike Men's Dri-FIT Victory Golf Polo,2016-01-20,57.0,57,20,1,62.62749003984064,15.947967527872962,3.4846725057121097,1.6203862706036596,0.53195625,46.804375,True,1.53195625,5.338365824328827,304.28685198674316,163.5802572249585,467.86710921170163,611.25054375
502,Nike Men's Dri-FIT Victory Golf Polo,2016-01-21,89.0,89,30,1,62.62749003984064,15.947967527872962,3.4846725057121097,1.6203862706036596,0.53195625,46.804375,True,1.53195625,5.338365824328827,475.1145583652656,244.85389495063126,719.9684533158969,954.40874375
502,Nike Men's Dri-FIT Victory Golf Polo,2016-01-22,71.0,71,25,1,62.62749003984064,15.947967527872962,3.4846725057121097,1.6203862706036596,0.53195625,46.804375,True,1.53195625,5.338365824328827,379.0239735273467,198.72292824502046,577.7469017723672,761.38225625
502,Nike Men's Dri-FIT Victory Golf Polo,2016-01-23,68.0,68,21,1,62.62749003984064,15.947967527872962,3.4846725057121097,1.6203862706036596,0.53195625,46.804375,True,1.53195625,5.338365824328827,363.00887605436026,191.12295583389084,554.1318318882511,729.2111749999999
502,Nike Men's Dri-FIT Victory Golf Polo,2016-01-24,70.0,70,20,1,62.62749003984064,15.947967527872962,3.4846725057121097,1.6203862706036596,0.53195625,46.804375,True,1.53195625,5.338365824328827,373.68560770301787,196.18610058898852,569.8717082920064,750.6585624999999
502,Nike Men's Dri-FIT Victory Golf Polo,2016-01-25,53.0,53,19,1,62.62749003984064,15.947967527872962,3.4846725057121097,1.6203862706036596,0.53195625,46.804375,True,1.53195625,5.338365824328827,282.93338868942783,153.72789523068238,436.66128392011024,568.3557687499999
502,Nike Men's Dri-FIT Victory Golf Polo,2016-01-26,82.0,82,24,1,62.62749003984064,15.947967527872962,3.4846725057121097,1.6203862706036596,0.53195625,46.804375,True,1.53195625,5.338365824328827,437.7459975949638,226.82294912637238,664.5689467213361,879.3428875
502,Nike Men's Dri-FIT Victory Golf Polo,2016-01-27,79.0,79,26,1,62.62749003984064,15.947967527872962,3.4846725057121097,1.6203862706036596,0.53195625,46.804375,True,1.53195625,5.338365824328827,421.73090012197736,219.12758171789682,640.8584818398742,847.1718062499999
502,Nike Men's Dri-FIT Victory Golf Polo,2016-01-28,57.0,57,24,1,62.62749003984064,15.947967527872962,3.4846725057121097,1.6203862706036596,0.53195625,46.804375,True,1.53195625,5.338365824328827,304.28685198674316,163.5802572249585,467.86710921170163,611.25054375
502,Nike Men's Dri-FIT Victory Golf Polo,2016-01-29,95.0,95,30,1,62.62749003984064,15.947967527872962,3.4846725057121097,1.6203862706036596,0.53195625,46.804375,True,1.53195625,5.338365824328827,507.14475331123856,260.37940998284046,767.524163294079,1018.75090625
502,Nike Men's Dri-FIT Victory Golf Polo,2016-01-30,39.0,39,16,1,62.62749003984064,15.947967527872962,3.4846725057121097,1.6203862706036596,0.53195625,46.804375,True,1.53195625,5.338365824328827,208.19626714882426,120.33671075965165,328.5329779084759,418.22405625
502,Nike Men's Dri-FIT Victory Golf Polo,2016-01-31,63.0,63,23,1,62.62749003984064,15.947967527872962,3.4846725057121097,1.6203862706036596,0.53195625,46.804375,True,1.53195625,5.338365824328827,336.3170469327161,178.5333511401676,514.8503980728838,675.59270625
502,Nike Men's Dri-FIT Victory Golf Polo,2016-02-01,10.0,10,4,1,62.62749003984064,15.947967527872962,3.4846725057121097,1.6203862706036596,0.53195625,46.804375,True,1.53195625,5.338365824328827,53.38365824328827,66.21636223231162,119.60002047559989,107.2369375
564,Nike Men's Deutschland Weltmeister Winners Bl,2015-11-15,6.0,6,2,0,3.7020408163265306,2.1379178046199074,3.446308724832215,1.5695341688098627,,,False,,,,,,
564,Nike Men's Deutschland Weltmeister Winners Bl,2015-11-16,4.01,4,1,0,3.7020408163265306,2.1379178046199074,3.446308724832215,1.5695341688098627,,,False,,,,,,
564,Nike Men's Deutschland Weltmeister Winners Bl,2015-11-18,4.01,4,1,0,3.7020408163265306,2.1379178046199074,3.446308724832215,1.5695341688098627,,,False,,,,,,
564,Nike Men's Deutschland Weltmeister Winners Bl,2015-11-19,1.0,1,1,0,3.7020408163265306,2.1379178046199074,3.446308724832215,1.5695341688098627,,,False,,,,,,
564,Nike Men's Deutschland Weltmeister Winners Bl,2015-11-22,4.0,4,1,0,3.7020408163265306,2.1379178046199074,3.446308724832215,1.5695341688098627,,,False,,,,,,
564,Nike Men's Deutschland Weltmeister Winners Bl,2015-11-24,5.02,5,2,0,3.7020408163265306,2.1379178046199074,3.446308724832215,1.5695341688098627,,,False,,,,,,
564,Nike Men's Deutschland Weltmeister Winners Bl,2015-11-27,3.0,3,1,0,3.7020408163265306,2.1379178046199074,3.446308724832215,1.5695341688098627,,,False,,,,,,
564,Nike Men's Deutschland Weltmeister Winners Bl,2015-11-29,2.0,2,1,0,3.7020408163265306,2.1379178046199074,3.446308724832215,1.5695341688098627,,,False,,,,,,
564,Nike Men's Deutschland Weltmeister Winners Bl,2015-12-01,4.0,4,1,0,3.7020408163265306,2.1379178046199074,3.446308724832215,1.5695341688098627,,,False,,,,,,
564,Nike Men's Deutschland Weltmeister Winners Bl,2015-12-07,4.98,5,1,0,3.7020408163265306,2.1379178046199074,3.446308724832215,1.5695341688098627,,,False,,,,,,
564,Nike Men's Deutschland Weltmeister Winners Bl,2015-12-11,4.01,4,2,0,3.7020408163265306,2.1379178046199074,3.446308724832215,1.5695341688098627,,,False,,,,,,
564,Nike Men's Deutschland Weltmeister Winners Bl,2015-12-15,5.0,5,1,0,3.7020408163265306,2.1379178046199074,3.446308724832215,1.5695341688098627,,,False,,,,,,
564,Nike Men's Deutschland Weltmeister Winners Bl,2015-12-17,1.01,1,1,0,3.7020408163265306,2.1379178046199074,3.446308724832215,1.5695341688098627,,,False,,,,,,
564,Nike Men's Deutschland Weltmeister Winners Bl,2015-12-31,2.0,2,1,0,3.7020408163265306,2.1379178046199074,3.446308724832215,1.5695341688098627,,,False,,,,,,
564,Nike Men's Deutschland Weltmeister Winners Bl,2016-01-07,5.0,5,1,0,3.7020408163265306,2.1379178046199074,3.446308724832215,1.5695341688098627,,,False,,,,,,
564,Nike Men's Deutschland Weltmeister Winners Bl,2016-01-09,1.0,1,1,0,3.7020408163265306,2.1379178046199074,3.446308724832215,1.5695341688098627,,,False,,,,,,
564,Nike Men's Deutschland Weltmeister Winners Bl,2016-01-13,2.03,2,1,0,3.7020408163265306,2.1379178046199074,3.446308724832215,1.5695341688098627,,,False,,,,,,
564,Nike Men's Deutschland Weltmeister Winners Bl,2016-01-15,2.99,3,1,0,3.7020408163265306,2.1379178046199074,3.446308724832215,1.5695341688098627,,,False,,,,,,
564,Nike Men's Deutschland Weltmeister Winners Bl,2016-01-17,3.0,3,1,0,3.7020408163265306,2.1379178046199074,3.446308724832215,1.5695341688098627,,,False,,,,,,
564,Nike Men's Deutschland Weltmeister Winners Bl,2016-01-19,2.03,2,1,0,3.7020408163265306,2.1379178046199074,3.446308724832215,1.5695341688098627,,,False,,,,,,
564,Nike Men's Deutschland Weltmeister Winners Bl,2016-01-23,5.0,5,1,0,3.7020408163265306,2.1379178046199074,3.446308724832215,1.5695341688098627,,,False,,,,,,
564,Nike Men's Deutschland Weltmeister Winners Bl,2016-01-25,1.99,2,1,0,3.7020408163265306,2.1379178046199074,3.446308724832215,1.5695341688098627,,,False,,,,,,
564,Nike Men's Deutschland Weltmeister Winners Bl,2016-01-30,2.01,2,1,0,3.7020408163265306,2.1379178046199074,3.446308724832215,1.5695341688098627,,,False,,,,,,
565,adidas Youth Germany Black/Red Away Match Soc,2015-11-16,5.0,5,1,0,3.6566037735849055,2.0613239929165883,3.4426751592356686,1.7027211381588716,,,False,,,,,,
565,adidas Youth Germany Black/Red Away Match Soc,2015-11-20,3.76,4,1,0,3.6566037735849055,2.0613239929165883,3.4426751592356686,1.7027211381588716,,,False,,,,,,
565,adidas Youth Germany Black/Red Away Match Soc,2015-11-22,3.99,4,1,0,3.6566037735849055,2.0613239929165883,3.4426751592356686,1.7027211381588716,,,False,,,,,,
565,adidas Youth Germany Black/Red Away Match Soc,2015-11-25,2.02,2,1,0,3.6566037735849055,2.0613239929165883,3.4426751592356686,1.7027211381588716,,,False,,,,,,
565,adidas Youth Germany Black/Red Away Match Soc,2015-11-28,7.01,7,2,0,3.6566037735849055,2.0613239929165883,3.4426751592356686,1.7027211381588716,,,False,,,,,,
565,adidas Youth Germany Black/Red Away Match Soc,2015-12-03,3.01,3,1,0,3.6566037735849055,2.0613239929165883,3.4426751592356686,1.7027211381588716,,,False,,,,,,
565,adidas Youth Germany Black/Red Away Match Soc,2015-12-04,3.03,3,1,0,3.6566037735849055,2.0613239929165883,3.4426751592356686,1.7027211381588716,,,False,,,,,,
565,adidas Youth Germany Black/Red Away Match Soc,2015-12-06,4.99,5,1,0,3.6566037735849055,2.0613239929165883,3.4426751592356686,1.7027211381588716,,,False,,,,,,
565,adidas Youth Germany Black/Red Away Match Soc,2015-12-11,6.0,6,2,0,3.6566037735849055,2.0613239929165883,3.4426751592356686,1.7027211381588716,,,False,,,,,,
565,adidas Youth Germany Black/Red Away Match Soc,2015-12-13,4.03,4,2,0,3.6566037735849055,2.0613239929165883,3.4426751592356686,1.7027211381588716,,,False,,,,,,
565,adidas Youth Germany Black/Red Away Match Soc,2015-12-17,9.99,10,2,0,3.6566037735849055,2.0613239929165883,3.4426751592356686,1.7027211381588716,,,False,,,,,,
565,adidas Youth Germany Black/Red Away Match Soc,2015-12-22,7.96,8,2,0,3.6566037735849055,2.0613239929165883,3.4426751592356686,1.7027211381588716,,,False,,,,,,
565,adidas Youth Germany Black/Red Away Match Soc,2015-12-23,1.03,1,1,0,3.6566037735849055,2.0613239929165883,3.4426751592356686,1.7027211381588716,,,False,,,,,,
565,adidas Youth Germany Black/Red Away Match Soc,2015-12-24,4.01,4,1,0,3.6566037735849055,2.0613239929165883,3.4426751592356686,1.7027211381588716,,,False,,,,,,
565,adidas Youth Germany Black/Red Away Match Soc,2015-12-27,3.03,3,1,0,3.6566037735849055,2.0613239929165883,3.4426751592356686,1.7027211381588716,,,False,,,,,,
565,adidas Youth Germany Black/Red Away Match Soc,2015-12-30,5.0,5,1,0,3.6566037735849055,2.0613239929165883,3.4426751592356686,1.7027211381588716,,,False,,,,,,
565,adidas Youth Germany Black/Red Away Match Soc,2016-01-03,2.92,3,1,0,3.6566037735849055,2.0613239929165883,3.4426751592356686,1.7027211381588716,,,False,,,,,,
565,adidas Youth Germany Black/Red Away Match Soc,2016-01-08,4.0,4,1,0,3.6566037735849055,2.0613239929165883,3.4426751592356686,1.7027211381588716,,,False,,,,,,
565,adidas Youth Germany Black/Red Away Match Soc,2016-01-20,3.99,4,1,0,3.6566037735849055,2.0613239929165883,3.4426751592356686,1.7027211381588716,,,False,,,,,,
565,adidas Youth Germany Black/Red Away Match Soc,2016-01-24,4.99,5,1,0,3.6566037735849055,2.0613239929165883,3.4426751592356686,1.7027211381588716,,,False,,,,,,
565,adidas Youth Germany Black/Red Away Match Soc,2016-01-27,2.93,3,1,0,3.6566037735849055,2.0613239929165883,3.4426751592356686,1.7027211381588716,,,False,,,,,,
565,adidas Youth Germany Black/Red Away Match Soc,2016-01-30,2.06,2,1,0,3.6566037735849055,2.0613239929165883,3.4426751592356686,1.7027211381588716,,,False,,,,,,
567,adidas Men's Germany Black Crest Away Tee,2015-11-15,1.0,1,1,1,3.5349794238683128,2.1765586937890644,3.6920415224913494,1.6869512435959428,0.9558,4.42,True,1.9558,7.220894809688581,7.220894809688581,10.013460710717471,17.23435552040605,13.6906
567,adidas Men's Germany Black Crest Away Tee,2015-11-18,6.0,6,2,1,3.5349794238683128,2.1765586937890644,3.6920415224913494,1.6869512435959428,0.9558,4.42,True,1.9558,7.220894809688581,43.32536885813149,19.23013337226657,62.55550223039806,82.14359999999999
567,adidas Men's Germany Black Crest Away Tee,2015-11-20,5.0,5,1,1,3.5349794238683128,2.1765586937890644,3.6920415224913494,1.6869512435959428,0.9558,4.42,True,1.9558,7.220894809688581,36.10447404844291,16.884579657883748,52.98905370632666,68.453
567,adidas Men's Germany Black Crest Away Tee,2015-11-21,2.0,2,1,1,3.5349794238683128,2.1765586937890644,3.6920415224913494,1.6869512435959428,0.9558,4.42,True,1.9558,7.220894809688581,14.441789619377163,11.10728813695651,25.549077756333674,27.3812
567,adidas Men's Germany Black Crest Away Tee,2015-12-06,3.01,3,1,1,3.5349794238683128,2.1765586937890644,3.6920415224913494,1.6869512435959428,0.9558,4.42,True,1.9558,7.220894809688581,21.734893377162628,12.741222842152412,34.47611621931504,41.208706
567,adidas Men's Germany Black Crest Away Tee,2015-12-07,1.0,1,1,1,3.5349794238683128,2.1765586937890644,3.6920415224913494,1.6869512435959428,0.9558,4.42,True,1.9558,7.220894809688581,7.220894809688581,10.013460710717471,17.23435552040605,13.6906
567,adidas Men's Germany Black Crest Away Tee,2015-12-11,3.99,4,1,1,3.5349794238683128,2.1765586937890644,3.6920415224913494,1.6869512435959428,0.9558,4.42,True,1.9558,7.220894809688581,28.811370290657443,14.668550432778343,43.47992072343578,54.625493999999996
567,adidas Men's Germany Black Crest Away Tee,2015-12-19,5.0,5,1,1,3.5349794238683128,2.1765586937890644,3.6920415224913494,1.6869512435959428,0.9558,4.42,True,1.9558,7.220894809688581,36.10447404844291,16.884579657883748,52.98905370632666,68.453
567,adidas Men's Germany Black Crest Away Tee,2015-12-20,5.01,5,1,1,3.5349794238683128,2.1765586937890644,3.6920415224913494,1.6869512435959428,0.9558,4.42,True,1.9558,7.220894809688581,36.17668299653979,16.907391345709616,53.08407434224941,68.589906
567,adidas Men's Germany Black Crest Away Tee,2015-12-23,2.0,2,1,1,3.5349794238683128,2.1765586937890644,3.6920415224913494,1.6869512435959428,0.9558,4.42,True,1.9558,7.220894809688581,14.441789619377163,11.10728813695651,25.549077756333674,27.3812
567,adidas Men's Germany Black Crest Away Tee,2015-12-27,1.99,2,1,1,3.5349794238683128,2.1765586937890644,3.6920415224913494,1.6869512435959428,0.9558,4.42,True,1.9558,7.220894809688581,14.369580671280277,11.093447936259013,25.46302860753929,27.244294
567,adidas Men's Germany Black Crest Away Tee,2015-12-30,4.0,4,2,1,3.5349794238683128,2.1765586937890644,3.6920415224913494,1.6869512435959428,0.9558,4.42,True,1.9558,7.220894809688581,28.883579238754326,14.689508744901731,43.57308798365606,54.7624
567,adidas Men's Germany Black Crest Away Tee,2015-12-31,5.01,5,2,1,3.5349794238683128,2.1765586937890644,3.6920415224913494,1.6869512435959428,0.9558,4.42,True,1.9558,7.220894809688581,36.17668299653979,16.907391345709616,53.08407434224941,68.589906
567,adidas Men's Germany Black Crest Away Tee,2016-01-03,1.0,1,1,1,3.5349794238683128,2.1765586937890644,3.6920415224913494,1.6869512435959428,0.9558,4.42,True,1.9558,7.220894809688581,7.220894809688581,10.013460710717471,17.23435552040605,13.6906
567,adidas Men's Germany Black Crest Away Tee,2016-01-09,1.01,1,1,1,3.5349794238683128,2.1765586937890644,3.6920415224913494,1.6869512435959428,0.9558,4.42,True,1.9558,7.220894809688581,7.293103757785468,10.02118664875786,17.31429040654333,13.827506
567,adidas Men's Germany Black Crest Away Tee,2016-01-12,5.0,5,1,1,3.5349794238683128,2.1765586937890644,3.6920415224913494,1.6869512435959428,0.9558,4.42,True,1.9558,7.220894809688581,36.10447404844291,16.884579657883748,52.98905370632666,68.453
567,adidas Men's Germany Black Crest Away Tee,2016-01-13,3.0,3,1,1,3.5349794238683128,2.1765586937890644,3.6920415224913494,1.6869512435959428,0.9558,4.42,True,1.9558,7.220894809688581,21.662684429065745,12.723047604427519,34.38573203349326,41.071799999999996
567,adidas Men's Germany Black Crest Away Tee,2016-01-14,1.0,1,1,1,3.5349794238683128,2.1765586937890644,3.6920415224913494,1.6869512435959428,0.9558,4.42,True,1.9558,7.220894809688581,7.220894809688581,10.013460710717471,17.23435552040605,13.6906
567,adidas Men's Germany Black Crest Away Tee,2016-01-20,4.0,4,1,1,3.5349794238683128,2.1765586937890644,3.6920415224913494,1.6869512435959428,0.9558,4.42,True,1.9558,7.220894809688581,28.883579238754326,14.689508744901731,43.57308798365606,54.7624
567,adidas Men's Germany Black Crest Away Tee,2016-01-27,4.01,4,1,1,3.5349794238683128,2.1765586937890644,3.6920415224913494,1.6869512435959428,0.9558,4.42,True,1.9558,7.220894809688581,28.95578818685121,14.710489546502206,43.66627773335341,54.899306
567,adidas Men's Germany Black Crest Away Tee,2016-01-28,2.0,2,1,1,3.5349794238683128,2.1765586937890644,3.6920415224913494,1.6869512435959428,0.9558,4.42,True,1.9558,7.220894809688581,14.441789619377163,11.10728813695651,25.549077756333674,27.3812
567,adidas Men's Germany Black Crest Away Tee,2016-02-01,5.0,5,1,1,3.5349794238683128,2.1765586937890644,3.6920415224913494,1.6869512435959428,0.9558,4.42,True,1.9558,7.220894809688581,36.10447404844291,16.884579657883748,52.98905370632666,68.453
572,TYR Boys' Team Digi Jammer,2015-11-15,5.0,5,1,0,3.4645669291338583,2.1182261039649655,3.46,1.5630773180943862,,,False,,,,,,
572,TYR Boys' Team Digi Jammer,2015-11-18,4.0,4,1,0,3.4645669291338583,2.1182261039649655,3.46,1.5630773180943862,,,False,,,,,,
572,TYR Boys' Team Digi Jammer,2015-11-19,1.0,1,1,0,3.4645669291338583,2.1182261039649655,3.46,1.5630773180943862,,,False,,,,,,
572,TYR Boys' Team Digi Jammer,2015-12-04,1.0,1,1,0,3.4645669291338583,2.1182261039649655,3.46,1.5630773180943862,,,False,,,,,,
572,TYR Boys' Team Digi Jammer,2015-12-08,8.0,8,2,0,3.4645669291338583,2.1182261039649655,3.46,1.5630773180943862,,,False,,,,,,
572,TYR Boys' Team Digi Jammer,2015-12-14,1.0,1,1,0,3.4645669291338583,2.1182261039649655,3.46,1.5630773180943862,,,False,,,,,,
572,TYR Boys' Team Digi Jammer,2015-12-21,1.0,1,1,0,3.4645669291338583,2.1182261039649655,3.46,1.5630773180943862,,,False,,,,,,
572,TYR Boys' Team Digi Jammer,2015-12-22,3.0,3,1,0,3.4645669291338583,2.1182261039649655,3.46,1.5630773180943862,,,False,,,,,,
572,TYR Boys' Team Digi Jammer,2015-12-23,5.0,5,1,0,3.4645669291338583,2.1182261039649655,3.46,1.5630773180943862,,,False,,,,,,
572,TYR Boys' Team Digi Jammer,2015-12-25,4.0,4,1,0,3.4645669291338583,2.1182261039649655,3.46,1.5630773180943862,,,False,,,,,,
572,TYR Boys' Team Digi Jammer,2015-12-26,4.0,4,1,0,3.4645669291338583,2.1182261039649655,3.46,1.5630773180943862,,,False,,,,,,
572,TYR Boys' Team Digi Jammer,2015-12-30,1.0,1,1,0,3.4645669291338583,2.1182261039649655,3.46,1.5630773180943862,,,False,,,,,,
572,TYR Boys' Team Digi Jammer,2016-01-02,4.0,4,1,0,3.4645669291338583,2.1182261039649655,3.46,1.5630773180943862,,,False,,,,,,
572,TYR Boys' Team Digi Jammer,2016-01-08,1.0,1,1,0,3.4645669291338583,2.1182261039649655,3.46,1.5630773180943862,,,False,,,,,,
572,TYR Boys' Team Digi Jammer,2016-01-10,7.0,7,2,0,3.4645669291338583,2.1182261039649655,3.46,1.5630773180943862,,,False,,,,,,
572,TYR Boys' Team Digi Jammer,2016-01-25,2.0,2,1,0,3.4645669291338583,2.1182261039649655,3.46,1.5630773180943862,,,False,,,,,,
572,TYR Boys' Team Digi Jammer,2016-01-26,6.0,6,2,0,3.4645669291338583,2.1182261039649655,3.46,1.5630773180943862,,,False,,,,,,
572,TYR Boys' Team Digi Jammer,2016-01-31,1.0,1,1,0,3.4645669291338583,2.1182261039649655,3.46,1.5630773180943862,,,False,,,,,,
627,Under Armour Girls' Toddler Spine Surge Runni,2015-11-14,5.0,5,1,1,31.583665338645417,10.650337227635879,3.494626696832579,1.6299987108207306,0.7902833333333333,20.971666666666668,True,1.7902833333333334,6.256371931561086,31.281859657805427,45.82677953742025,77.10863919522568,62.65991666666667
627,Under Armour Girls' Toddler Spine Surge Runni,2015-11-15,45.0,45,13,1,31.583665338645417,10.650337227635879,3.494626696832579,1.6299987108207306,0.7902833333333333,20.971666666666668,True,1.7902833333333334,6.256371931561086,281.53673692024887,128.37190745028923,409.9086443705381,563.93925
627,Under Armour Girls' Toddler Spine Surge Runni,2015-11-16,38.0,38,12,1,31.583665338645417,10.650337227635879,3.494626696832579,1.6299987108207306,0.7902833333333333,20.971666666666668,True,1.7902833333333334,6.256371931561086,237.74213339932126,110.91516422507812,348.65729762439935,476.2153666666667
627,Under Armour Girls' Toddler Spine Surge Runni,2015-11-17,50.0,50,14,1,31.583665338645417,10.650337227635879,3.494626696832579,1.6299987108207306,0.7902833333333333,20.971666666666668,True,1.7902833333333334,6.256371931561086,312.81859657805427,141.0475777391924,453.86617431724665,626.5991666666667
627,Under Armour Girls' Toddler Spine Surge Runni,2015-11-18,23.009999999999998,23,11,1,31.583665338645417,10.650337227635879,3.494626696832579,1.6299987108207306,0.7902833333333333,20.971666666666668,True,1.7902833333333334,6.256371931561086,143.95911814522057,75.67676922684906,219.63588737206965,288.3609365
627,Under Armour Girls' Toddler Spine Surge Runni,2015-11-19,22.0,22,7,1,31.583665338645417,10.650337227635879,3.494626696832579,1.6299987108207306,0.7902833333333333,20.971666666666668,True,1.7902833333333334,6.256371931561086,137.6401824943439,73.48559221535866,211.12577470970257,275.70363333333336
627,Under Armour Girls' Toddler Spine Surge Runni,2015-11-20,37.0,37,13,1,31.583665338645417,10.650337227635879,3.494626696832579,1.6299987108207306,0.7902833333333333,20.971666666666668,True,1.7902833333333334,6.256371931561086,231.48576146776017,108.45714209464961,339.9429035624098,463.6833833333334
627,Under Armour Girls' Toddler Spine Surge Runni,2015-11-21,29.0,29,10,1,31.583665338645417,10.650337227635879,3.494626696832579,1.6299987108207306,0.7902833333333333,20.971666666666668,True,1.7902833333333334,6.256371931561086,181.4347860152715,89.25709442856784,270.69188044383935,363.4275166666667
627,Under Armour Girls' Toddler Spine Surge Runni,2015-11-22,27.0,27,9,1,31.583665338645417,10.650337227635879,3.494626696832579,1.6299987108207306,0.7902833333333333,20.971666666666668,True,1.7902833333333334,6.256371931561086,168.92204215214932,84.62618237548965,253.54822452763898,338.36355000000003
627,Under Armour Girls' Toddler Spine Surge Runni,2015-11-23,26.0,26,8,1,31.583665338645417,10.650337227635879,3.494626696832579,1.6299987108207306,0.7902833333333333,20.971666666666668,True,1.7902833333333334,6.256371931561086,162.66567022058823,82.34403768099301,245.00970790158124,325.8315666666667
627,Under Armour Girls' Toddler Spine Surge Runni,2015-11-24,42.0,42,13,1,31.583665338645417,10.650337227635879,3.494626696832579,1.6299987108207306,0.7902833333333333,20.971666666666668,True,1.7902833333333334,6.256371931561086,262.7676211255656,120.84226958734573,383.60989071291135,526.3433
627,Under Armour Girls' Toddler Spine Surge Runni,2015-11-25,30.0,30,10,1,31.583665338645417,10.650337227635879,3.494626696832579,1.6299987108207306,0.7902833333333333,20.971666666666668,True,1.7902833333333334,6.256371931561086,187.69115794683256,91.60249377811763,279.2936517249502,375.95950000000005
627,Under Armour Girls' Toddler Spine Surge Runni,2015-11-26,12.0,12,4,1,31.583665338645417,10.650337227635879,3.494626696832579,1.6299987108207306,0.7902833333333333,20.971666666666668,True,1.7902833333333334,6.256371931561086,75.07646317873304,54.36597529982104,129.44243847855407,150.3838
627,Under Armour Girls' Toddler Spine Surge Runni,2015-11-27,42.0,42,13,1,31.583665338645417,10.650337227635879,3.494626696832579,1.6299987108207306,0.7902833333333333,20.971666666666668,True,1.7902833333333334,6.256371931561086,262.7676211255656,120.84226958734573,383.60989071291135,526.3433
627,Under Armour Girls' Toddler Spine Surge Runni,2015-11-28,38.0,38,18,1,31.583665338645417,10.650337227635879,3.494626696832579,1.6299987108207306,0.7902833333333333,20.971666666666668,True,1.7902833333333334,6.256371931561086,237.74213339932126,110.91516422507812,348.65729762439935,476.2153666666667
627,Under Armour Girls' Toddler Spine Surge Runni,2015-11-29,33.0,33,11,1,31.583665338645417,10.650337227635879,3.494626696832579,1.6299987108207306,0.7902833333333333,20.971666666666668,True,1.7902833333333334,6.256371931561086,206.46027374151583,98.74136045947216,305.201634200988,413.55545
627,Under Armour Girls' Toddler Spine Surge Runni,2015-11-30,31.0,31,12,1,31.583665338645417,10.650337227635879,3.494626696832579,1.6299987108207306,0.7902833333333333,20.971666666666668,True,1.7902833333333334,6.256371931561086,193.94752987839365,93.96586656765069,287.9133964460443,388.49148333333335
627,Under Armour Girls' Toddler Spine Surge Runni,2015-12-01,34.0,34,12,1,31.583665338645417,10.650337227635879,3.494626696832579,1.6299987108207306,0.7902833333333333,20.971666666666668,True,1.7902833333333334,6.256371931561086,212.71664567307693,101.15118010940766,313.8678257824846,426.08743333333337
627,Under Armour Girls' Toddler Spine Surge Runni,2015-12-02,22.009999999999998,22,9,1,31.583665338645417,10.650337227635879,3.494626696832579,1.6299987108207306,0.7902833333333333,20.971666666666668,True,1.7902833333333334,6.256371931561086,137.70274621365948,73.50711814404474,211.20986435770422,275.8289531666667
627,Under Armour Girls' Toddler Spine Surge Runni,2015-12-03,39.0,39,14,1,31.583665338645417,10.650337227635879,3.494626696832579,1.6299987108207306,0.7902833333333333,20.971666666666668,True,1.7902833333333334,6.256371931561086,243.99850533088235,113.38330958175786,357.3818149126402,488.74735000000004
627,Under Armour Girls' Toddler Spine Surge Runni,2015-12-04,45.0,45,14,1,31.583665338645417,10.650337227635879,3.494626696832579,1.6299987108207306,0.7902833333333333,20.971666666666668,True,1.7902833333333334,6.256371931561086,281.53673692024887,128.37190745028923,409.9086443705381,563.93925
627,Under Armour Girls' Toddler Spine Surge Runni,2015-12-05,30.0,30,11,1,31.583665338645417,10.650337227635879,3.494626696832579,1.6299987108207306,0.7902833333333333,20.971666666666668,True,1.7902833333333334,6.256371931561086,187.69115794683256,91.60249377811763,279.2936517249502,375.95950000000005
627,Under Armour Girls' Toddler Spine Surge Runni,2015-12-06,27.0,27,10,1,31.583665338645417,10.650337227635879,3.494626696832579,1.6299987108207306,0.7902833333333333,20.971666666666668,True,1.7902833333333334,6.256371931561086,168.92204215214932,84.62618237548965,253.54822452763898,338.36355000000003
627,Under Armour Girls' Toddler Spine Surge Runni,2015-12-07,17.0,17,7,1,31.583665338645417,10.650337227635879,3.494626696832579,1.6299987108207306,0.7902833333333333,20.971666666666668,True,1.7902833333333334,6.256371931561086,106.35832283653846,63.230966349769545,169.589289186308,213.04371666666668
627,Under Armour Girls' Toddler Spine Surge Runni,2015-12-08,42.0,42,16,1,31.583665338645417,10.650337227635879,3.494626696832579,1.6299987108207306,0.7902833333333333,20.971666666666668,True,1.7902833333333334,6.256371931561086,262.7676211255656,120.84226958734573,383.60989071291135,526.3433
627,Under Armour Girls' Toddler Spine Surge Runni,2015-12-09,21.0,21,5,1,31.583665338645417,10.650337227635879,3.494626696832579,1.6299987108207306,0.7902833333333333,20.971666666666668,True,1.7902833333333334,6.256371931561086,131.3838105627828,71.35109197412059,202.7349025369034,263.17165
627,Under Armour Girls' Toddler Spine Surge Runni,2015-12-10,13.0,13,5,1,31.583665338645417,10.650337227635879,3.494626696832579,1.6299987108207306,0.7902833333333333,20.971666666666668,True,1.7902833333333334,6.256371931561086,81.33283511029411,55.99464198962638,137.3274770999205,162.91578333333334
627,Under Armour Girls' Toddler Spine Surge Runni,2015-12-11,20.0,20,7,1,31.583665338645417,10.650337227635879,3.494626696832579,1.6299987108207306,0.7902833333333333,20.971666666666668,True,1.7902833333333334,6.256371931561086,125.12743863122171,69.25462902547744,194.38206765669915,250.63966666666667
627,Under Armour Girls' Toddler Spine Surge Runni,2015-12-12,46.0,46,13,1,31.583665338645417,10.650337227635879,3.494626696832579,1.6299987108207306,0.7902833333333333,20.971666666666668,True,1.7902833333333334,6.256371931561086,287.79310885180996,130.8953881134087,418.68849696521863,576.4712333333333
627,Under Armour Girls' Toddler Spine Surge Runni,2015-12-13,36.0,36,13,1,31.583665338645417,10.650337227635879,3.494626696832579,1.6299987108207306,0.7902833333333333,20.971666666666668,True,1.7902833333333334,6.256371931561086,225.22938953619908,106.00994736580917,331.23933690200823,451.1514
627,Under Armour Girls' Toddler Spine Surge Runni,2015-12-14,38.0,38,14,1,31.583665338645417,10.650337227635879,3.494626696832579,1.6299987108207306,0.7902833333333333,20.971666666666668,True,1.7902833333333334,6.256371931561086,237.74213339932126,110.91516422507812,348.65729762439935,476.2153666666667
627,Under Armour Girls' Toddler Spine Surge Runni,2015-12-15,31.990000000000002,32,11,1,31.583665338645417,10.650337227635879,3.494626696832579,1.6299987108207306,0.7902833333333333,20.971666666666668,True,1.7902833333333334,6.256371931561086,200.14133809063915,96.32201152479844,296.4633496154376,400.8981468333334
627,Under Armour Girls' Toddler Spine Surge Runni,2015-12-16,28.0,28,9,1,31.583665338645417,10.650337227635879,3.494626696832579,1.6299987108207306,0.7902833333333333,20.971666666666668,True,1.7902833333333334,6.256371931561086,175.1784140837104,86.93112329994436,262.10953738365475,350.89553333333333
627,Under Armour Girls' Toddler Spine Surge Runni,2015-12-17,31.0,31,11,1,31.583665338645417,10.650337227635879,3.494626696832579,1.6299987108207306,0.7902833333333333,20.971666666666668,True,1.7902833333333334,6.256371931561086,193.94752987839365,93.96586656765069,287.9133964460443,388.49148333333335
627,Under Armour Girls' Toddler Spine Surge Runni,2015-12-18,50.0,50,16,1,31.583665338645417,10.650337227635879,3.494626696832579,1.6299987108207306,0.7902833333333333,20.971666666666668,True,1.7902833333333334,6.256371931561086,312.81859657805427,141.0475777391924,453.86617431724665,626.5991666666667
627,Under Armour Girls' Toddler Spine Surge Runni,2015-12-19,32.0,32,8,1,31.583665338645417,10.650337227635879,3.494626696832579,1.6299987108207306,0.7902833333333333,20.971666666666668,True,1.7902833333333334,6.256371931561086,200.20390180995474,96.34589013626189,296.5497919462166,401.0234666666667
627,Under Armour Girls' Toddler Spine Surge Runni,2015-12-20,27.0,27,10,1,31.583665338645417,10.650337227635879,3.494626696832579,1.6299987108207306,0.7902833333333333,20.971666666666668,True,1.7902833333333334,6.256371931561086,168.92204215214932,84.62618237548965,253.54822452763898,338.36355000000003
627,Under Armour Girls' Toddler Spine Surge Runni,2015-12-21,55.0,55,17,1,31.583665338645417,10.650337227635879,3.494626696832579,1.6299987108207306,0.7902833333333333,20.971666666666668,True,1.7902833333333334,6.256371931561086,344.1004562358597,153.84723940406855,497.94769563992827,689.2590833333334
627,Under Armour Girls' Toddler Spine Surge Runni,2015-12-22,15.0,15,5,1,31.583665338645417,10.650337227635879,3.494626696832579,1.6299987108207306,0.7902833333333333,20.971666666666668,True,1.7902833333333334,6.256371931561086,93.84557897341628,59.48124925332982,153.3268282267461,187.97975000000002
627,Under Armour Girls' Toddler Spine Surge Runni,2015-12-23,25.990000000000002,26,8,1,31.583665338645417,10.650337227635879,3.494626696832579,1.6299987108207306,0.7902833333333333,20.971666666666668,True,1.7902833333333334,6.256371931561086,162.60310650127263,82.32133778564057,244.9244442869132,325.70624683333335
627,Under Armour Girls' Toddler Spine Surge Runni,2015-12-24,34.0,34,12,1,31.583665338645417,10.650337227635879,3.494626696832579,1.6299987108207306,0.7902833333333333,20.971666666666668,True,1.7902833333333334,6.256371931561086,212.71664567307693,101.15118010940766,313.8678257824846,426.08743333333337
627,Under Armour Girls' Toddler Spine Surge Runni,2015-12-25,30.0,30,10,1,31.583665338645417,10.650337227635879,3.494626696832579,1.6299987108207306,0.7902833333333333,20.971666666666668,True,1.7902833333333334,6.256371931561086,187.69115794683256,91.60249377811763,279.2936517249502,375.95950000000005
627,Under Armour Girls' Toddler Spine Surge Runni,2015-12-26,51.0,51,16,1,31.583665338645417,10.650337227635879,3.494626696832579,1.6299987108207306,0.7902833333333333,20.971666666666668,True,1.7902833333333334,6.256371931561086,319.07496850961536,143.59864712986007,462.67361563947543,639.13115
627,Under Armour Girls' Toddler Spine Surge Runni,2015-12-27,26.009999999999998,26,12,1,31.583665338645417,10.650337227635879,3.494626696832579,1.6299987108207306,0.7902833333333333,20.971666666666668,True,1.7902833333333334,6.256371931561086,162.72823393990382,82.36674004915668,245.0949739890605,325.9568865
627,Under Armour Girls' Toddler Spine Surge Runni,2015-12-28,31.0,31,10,1,31.583665338645417,10.650337227635879,3.494626696832579,1.6299987108207306,0.7902833333333333,20.971666666666668,True,1.7902833333333334,6.256371931561086,193.94752987839365,93.96586656765069,287.9133964460443,388.49148333333335
627,Under Armour Girls' Toddler Spine Surge Runni,2015-12-29,37.99,38,12,1,31.583665338645417,10.650337227635879,3.494626696832579,1.6299987108207306,0.7902833333333333,20.971666666666668,True,1.7902833333333334,6.256371931561086,237.67956968000567,110.89053276965005,348.57010244965574,476.09004683333336
627,Under Armour Girls' Toddler Spine Surge Runni,2015-12-30,35.0,35,12,1,31.583665338645417,10.650337227635879,3.494626696832579,1.6299987108207306,0.7902833333333333,20.971666666666668,True,1.7902833333333334,6.256371931561086,218.973017604638,103.57434751213209,322.5473651167701,438.6194166666667
627,Under Armour Girls' Toddler Spine Surge Runni,2015-12-31,28.0,28,11,1,31.583665338645417,10.650337227635879,3.494626696832579,1.6299987108207306,0.7902833333333333,20.971666666666668,True,1.7902833333333334,6.256371931561086,175.1784140837104,86.93112329994436,262.10953738365475,350.89553333333333
627,Under Armour Girls' Toddler Spine Surge Runni,2016-01-01,38.0,38,12,1,31.583665338645417,10.650337227635879,3.494626696832579,1.6299987108207306,0.7902833333333333,20.971666666666668,True,1.7902833333333334,6.256371931561086,237.74213339932126,110.91516422507812,348.65729762439935,476.2153666666667
627,Under Armour Girls' Toddler Spine Surge Runni,2016-01-02,34.0,34,13,1,31.583665338645417,10.650337227635879,3.494626696832579,1.6299987108207306,0.7902833333333333,20.971666666666668,True,1.7902833333333334,6.256371931561086,212.71664567307693,101.15118010940766,313.8678257824846,426.08743333333337
627,Under Armour Girls' Toddler Spine Surge Runni,2016-01-03,32.0,32,11,1,31.583665338645417,10.650337227635879,3.494626696832579,1.6299987108207306,0.7902833333333333,20.971666666666668,True,1.7902833333333334,6.256371931561086,200.20390180995474,96.34589013626189,296.5497919462166,401.0234666666667
627,Under Armour Girls' Toddler Spine Surge Runni,2016-01-04,38.0,38,15,1,31.583665338645417,10.650337227635879,3.494626696832579,1.6299987108207306,0.7902833333333333,20.971666666666668,True,1.7902833333333334,6.256371931561086,237.74213339932126,110.91516422507812,348.65729762439935,476.2153666666667
627,Under Armour Girls' Toddler Spine Surge Runni,2016-01-05,35.0,35,11,1,31.583665338645417,10.650337227635879,3.494626696832579,1.6299987108207306,0.7902833333333333,20.971666666666668,True,1.7902833333333334,6.256371931561086,218.973017604638,103.57434751213209,322.5473651167701,438.6194166666667
627,Under Armour Girls' Toddler Spine Surge Runni,2016-01-06,34.0,34,11,1,31.583665338645417,10.650337227635879,3.494626696832579,1.6299987108207306,0.7902833333333333,20.971666666666668,True,1.7902833333333334,6.256371931561086,212.71664567307693,101.15118010940766,313.8678257824846,426.08743333333337
627,Under Armour Girls' Toddler Spine Surge Runni,2016-01-07,25.0,25,10,1,31.583665338645417,10.650337227635879,3.494626696832579,1.6299987108207306,0.7902833333333333,20.971666666666668,True,1.7902833333333334,6.256371931561086,156.40929828902713,80.08663804073444,236.49593632976158,313.2995833333334
627,Under Armour Girls' Toddler Spine Surge Runni,2016-01-08,31.0,31,11,1,31.583665338645417,10.650337227635879,3.494626696832579,1.6299987108207306,0.7902833333333333,20.971666666666668,True,1.7902833333333334,6.256371931561086,193.94752987839365,93.96586656765069,287.9133964460443,388.49148333333335
627,Under Armour Girls' Toddler Spine Surge Runni,2016-01-09,35.01,35,11,1,31.583665338645417,10.650337227635879,3.494626696832579,1.6299987108207306,0.7902833333333333,20.971666666666668,True,1.7902833333333334,6.256371931561086,219.0355813239536,103.59864342761166,322.6342247515653,438.7447365
627,Under Armour Girls' Toddler Spine Surge Runni,2016-01-10,39.0,39,13,1,31.583665338645417,10.650337227635879,3.494626696832579,1.6299987108207306,0.7902833333333333,20.971666666666668,True,1.7902833333333334,6.256371931561086,243.99850533088235,113.38330958175786,357.3818149126402,488.74735000000004
627,Under Armour Girls' Toddler Spine Surge Runni,2016-01-11,24.0,24,9,1,31.583665338645417,10.650337227635879,3.494626696832579,1.6299987108207306,0.7902833333333333,20.971666666666668,True,1.7902833333333334,6.256371931561086,150.15292635746607,77.85613589580517,228.00906225327122,300.7676
627,Under Armour Girls' Toddler Spine Surge Runni,2016-01-12,42.0,42,10,1,31.583665338645417,10.650337227635879,3.494626696832579,1.6299987108207306,0.7902833333333333,20.971666666666668,True,1.7902833333333334,6.256371931561086,262.7676211255656,120.84226958734573,383.60989071291135,526.3433
627,Under Armour Girls' Toddler Spine Surge Runni,2016-01-13,16.0,16,6,1,31.583665338645417,10.650337227635879,3.494626696832579,1.6299987108207306,0.7902833333333333,20.971666666666668,True,1.7902833333333334,6.256371931561086,100.10195090497737,61.326156187073984,161.42810709205136,200.51173333333335
627,Under Armour Girls' Toddler Spine Surge Runni,2016-01-14,28.990000000000002,29,11,1,31.583665338645417,10.650337227635879,3.494626696832579,1.6299987108207306,0.7902833333333333,20.971666666666668,True,1.7902833333333334,6.256371931561086,181.37222229595588,89.23373600523527,270.60595830119115,363.30219683333337
627,Under Armour Girls' Toddler Spine Surge Runni,2016-01-15,16.0,16,7,1,31.583665338645417,10.650337227635879,3.494626696832579,1.6299987108207306,0.7902833333333333,20.971666666666668,True,1.7902833333333334,6.256371931561086,100.10195090497737,61.326156187073984,161.42810709205136,200.51173333333335
627,Under Armour Girls' Toddler Spine Surge Runni,2016-01-16,37.0,37,10,1,31.583665338645417,10.650337227635879,3.494626696832579,1.6299987108207306,0.7902833333333333,20.971666666666668,True,1.7902833333333334,6.256371931561086,231.48576146776017,108.45714209464961,339.9429035624098,463.6833833333334
627,Under Armour Girls' Toddler Spine Surge Runni,2016-01-17,21.0,21,7,1,31.583665338645417,10.650337227635879,3.494626696832579,1.6299987108207306,0.7902833333333333,20.971666666666668,True,1.7902833333333334,6.256371931561086,131.3838105627828,71.35109197412059,202.7349025369034,263.17165
627,Under Armour Girls' Toddler Spine Surge Runni,2016-01-18,11.0,11,5,1,31.583665338645417,10.650337227635879,3.494626696832579,1.6299987108207306,0.7902833333333333,20.971666666666668,True,1.7902833333333334,6.256371931561086,68.82009124717194,52.82327008009564,121.64336132726758,137.85181666666668
627,Under Armour Girls' Toddler Spine Surge Runni,2016-01-19,43.0,43,14,1,31.583665338645417,10.650337227635879,3.494626696832579,1.6299987108207306,0.7902833333333333,20.971666666666668,True,1.7902833333333334,6.256371931561086,269.0239930571267,123.34493247497461,392.3689255321013,538.8752833333334
627,Under Armour Girls' Toddler Spine Surge Runni,2016-01-20,29.0,29,12,1,31.583665338645417,10.650337227635879,3.494626696832579,1.6299987108207306,0.7902833333333333,20.971666666666668,True,1.7902833333333334,6.256371931561086,181.4347860152715,89.25709442856784,270.69188044383935,363.4275166666667
627,Under Armour Girls' Toddler Spine Surge Runni,2016-01-21,23.990000000000002,24,12,1,31.583665338645417,10.650337227635879,3.494626696832579,1.6299987108207306,0.7902833333333333,20.971666666666668,True,1.7902833333333334,6.256371931561086,150.09036263815045,77.83397455412906,227.9243371922795,300.6422801666667
627,Under Armour Girls' Toddler Spine Surge Runni,2016-01-22,31.0,31,9,1,31.583665338645417,10.650337227635879,3.494626696832579,1.6299987108207306,0.7902833333333333,20.971666666666668,True,1.7902833333333334,6.256371931561086,193.94752987839365,93.96586656765069,287.9133964460443,388.49148333333335
627,Under Armour Girls' Toddler Spine Surge Runni,2016-01-23,25.0,25,8,1,31.583665338645417,10.650337227635879,3.494626696832579,1.6299987108207306,0.7902833333333333,20.971666666666668,True,1.7902833333333334,6.256371931561086,156.40929828902713,80.08663804073444,236.49593632976158,313.2995833333334
627,Under Armour Girls' Toddler Spine Surge Runni,2016-01-24,24.0,24,8,1,31.583665338645417,10.650337227635879,3.494626696832579,1.6299987108207306,0.7902833333333333,20.971666666666668,True,1.7902833333333334,6.256371931561086,150.15292635746607,77.85613589580517,228.00906225327122,300.7676
627,Under Armour Girls' Toddler Spine Surge Runni,2016-01-25,45.0,45,14,1,31.583665338645417,10.650337227635879,3.494626696832579,1.6299987108207306,0.7902833333333333,20.971666666666668,True,1.7902833333333334,6.256371931561086,281.53673692024887,128.37190745028923,409.9086443705381,563.93925
627,Under Armour Girls' Toddler Spine Surge Runni,2016-01-26,28.990000000000002,29,11,1,31.583665338645417,10.650337227635879,3.494626696832579,1.6299987108207306,0.7902833333333333,20.971666666666668,True,1.7902833333333334,6.256371931561086,181.37222229595588,89.23373600523527,270.60595830119115,363.30219683333337
627,Under Armour Girls' Toddler Spine Surge Runni,2016-01-27,37.0,37,11,1,31.583665338645417,10.650337227635879,3.494626696832579,1.6299987108207306,0.7902833333333333,20.971666666666668,True,1.7902833333333334,6.256371931561086,231.48576146776017,108.45714209464961,339.9429035624098,463.6833833333334
627,Under Armour Girls' Toddler Spine Surge Runni,2016-01-28,16.0,16,6,1,31.583665338645417,10.650337227635879,3.494626696832579,1.6299987108207306,0.7902833333333333,20.971666666666668,True,1.7902833333333334,6.256371931561086,100.10195090497737,61.326156187073984,161.42810709205136,200.51173333333335
627,Under Armour Girls' Toddler Spine Surge Runni,2016-01-29,26.0,26,10,1,31.583665338645417,10.650337227635879,3.494626696832579,1.6299987108207306,0.7902833333333333,20.971666666666668,True,1.7902833333333334,6.256371931561086,162.66567022058823,82.34403768099301,245.00970790158124,325.8315666666667
627,Under Armour Girls' Toddler Spine Surge Runni,2016-01-30,38.0,38,11,1,31.583665338645417,10.650337227635879,3.494626696832579,1.6299987108207306,0.7902833333333333,20.971666666666668,True,1.7902833333333334,6.256371931561086,237.74213339932126,110.91516422507812,348.65729762439935,476.2153666666667
627,Under Armour Girls' Toddler Spine Surge Runni,2016-01-31,38.0,38,13,1,31.583665338645417,10.650337227635879,3.494626696832579,1.6299987108207306,0.7902833333333333,20.971666666666668,True,1.7902833333333334,6.256371931561086,237.74213339932126,110.91516422507812,348.65729762439935,476.2153666666667
627,Under Armour Girls' Toddler Spine Surge Runni,2016-02-01,19.0,19,7,1,31.583665338645417,10.650337227635879,3.494626696832579,1.6299987108207306,0.7902833333333333,20.971666666666668,True,1.7902833333333334,6.256371931561086,118.87106669966063,67.19976346620011,186.07083016586074,238.10768333333334
642,Columbia Men's PFG Anchor Tough T-Shirt,2015-11-16,3.0,3,1,0,3.7269076305220885,2.1207782720823745,3.4802631578947367,1.6288261165569866,,,False,,,,,,
642,Columbia Men's PFG Anchor Tough T-Shirt,2015-11-21,3.99,4,1,0,3.7269076305220885,2.1207782720823745,3.4802631578947367,1.6288261165569866,,,False,,,,,,
642,Columbia Men's PFG Anchor Tough T-Shirt,2015-11-22,1.98,2,1,0,3.7269076305220885,2.1207782720823745,3.4802631578947367,1.6288261165569866,,,False,,,,,,
642,Columbia Men's PFG Anchor Tough T-Shirt,2015-11-24,4.0,4,2,0,3.7269076305220885,2.1207782720823745,3.4802631578947367,1.6288261165569866,,,False,,,,,,
642,Columbia Men's PFG Anchor Tough T-Shirt,2015-11-27,1.0,1,1,0,3.7269076305220885,2.1207782720823745,3.4802631578947367,1.6288261165569866,,,False,,,,,,
642,Columbia Men's PFG Anchor Tough T-Shirt,2015-12-12,1.99,2,1,0,3.7269076305220885,2.1207782720823745,3.4802631578947367,1.6288261165569866,,,False,,,,,,
642,Columbia Men's PFG Anchor Tough T-Shirt,2015-12-14,4.0,4,1,0,3.7269076305220885,2.1207782720823745,3.4802631578947367,1.6288261165569866,,,False,,,,,,
642,Columbia Men's PFG Anchor Tough T-Shirt,2015-12-16,5.0,5,1,0,3.7269076305220885,2.1207782720823745,3.4802631578947367,1.6288261165569866,,,False,,,,,,
642,Columbia Men's PFG Anchor Tough T-Shirt,2015-12-18,3.01,3,1,0,3.7269076305220885,2.1207782720823745,3.4802631578947367,1.6288261165569866,,,False,,,,,,
642,Columbia Men's PFG Anchor Tough T-Shirt,2015-12-21,4.01,4,1,0,3.7269076305220885,2.1207782720823745,3.4802631578947367,1.6288261165569866,,,False,,,,,,
642,Columbia Men's PFG Anchor Tough T-Shirt,2015-12-27,1.0,1,1,0,3.7269076305220885,2.1207782720823745,3.4802631578947367,1.6288261165569866,,,False,,,,,,
642,Columbia Men's PFG Anchor Tough T-Shirt,2015-12-30,4.0,4,1,0,3.7269076305220885,2.1207782720823745,3.4802631578947367,1.6288261165569866,,,False,,,,,,
642,Columbia Men's PFG Anchor Tough T-Shirt,2015-12-31,4.98,5,1,0,3.7269076305220885,2.1207782720823745,3.4802631578947367,1.6288261165569866,,,False,,,,,,
642,Columbia Men's PFG Anchor Tough T-Shirt,2016-01-08,5.0,5,1,0,3.7269076305220885,2.1207782720823745,3.4802631578947367,1.6288261165569866,,,False,,,,,,
642,Columbia Men's PFG Anchor Tough T-Shirt,2016-01-21,3.99,4,1,0,3.7269076305220885,2.1207782720823745,3.4802631578947367,1.6288261165569866,,,False,,,,,,
642,Columbia Men's PFG Anchor Tough T-Shirt,2016-01-22,2.98,3,1,0,3.7269076305220885,2.1207782720823745,3.4802631578947367,1.6288261165569866,,,False,,,,,,
642,Columbia Men's PFG Anchor Tough T-Shirt,2016-01-26,1.01,1,1,0,3.7269076305220885,2.1207782720823745,3.4802631578947367,1.6288261165569866,,,False,,,,,,
703,Top Flite Women's 2014 XL Hybrid,2015-11-16,9.0,9,2,0,3.4115384615384614,1.9560473348365521,3.5841584158415842,1.623098949536622,,,False,,,,,,
703,Top Flite Women's 2014 XL Hybrid,2015-11-19,1.99,2,1,0,3.4115384615384614,1.9560473348365521,3.5841584158415842,1.623098949536622,,,False,,,,,,
703,Top Flite Women's 2014 XL Hybrid,2015-11-20,3.0,3,1,0,3.4115384615384614,1.9560473348365521,3.5841584158415842,1.623098949536622,,,False,,,,,,
703,Top Flite Women's 2014 XL Hybrid,2015-11-21,3.98,4,1,0,3.4115384615384614,1.9560473348365521,3.5841584158415842,1.623098949536622,,,False,,,,,,
703,Top Flite Women's 2014 XL Hybrid,2015-11-27,4.0,4,1,0,3.4115384615384614,1.9560473348365521,3.5841584158415842,1.623098949536622,,,False,,,,,,
703,Top Flite Women's 2014 XL Hybrid,2015-11-30,1.0,1,1,0,3.4115384615384614,1.9560473348365521,3.5841584158415842,1.623098949536622,,,False,,,,,,
703,Top Flite Women's 2014 XL Hybrid,2015-12-04,6.99,7,3,0,3.4115384615384614,1.9560473348365521,3.5841584158415842,1.623098949536622,,,False,,,,,,
703,Top Flite Women's 2014 XL Hybrid,2015-12-06,3.02,3,1,0,3.4115384615384614,1.9560473348365521,3.5841584158415842,1.623098949536622,,,False,,,,,,
703,Top Flite Women's 2014 XL Hybrid,2015-12-08,1.01,1,1,0,3.4115384615384614,1.9560473348365521,3.5841584158415842,1.623098949536622,,,False,,,,,,
703,Top Flite Women's 2014 XL Hybrid,2015-12-16,7.98,8,2,0,3.4115384615384614,1.9560473348365521,3.5841584158415842,1.623098949536622,,,False,,,,,,
703,Top Flite Women's 2014 XL Hybrid,2015-12-18,5.01,5,2,0,3.4115384615384614,1.9560473348365521,3.5841584158415842,1.623098949536622,,,False,,,,,,
703,Top Flite Women's 2014 XL Hybrid,2015-12-24,1.0,1,1,0,3.4115384615384614,1.9560473348365521,3.5841584158415842,1.623098949536622,,,False,,,,,,
703,Top Flite Women's 2014 XL Hybrid,2015-12-25,2.0,2,1,0,3.4115384615384614,1.9560473348365521,3.5841584158415842,1.623098949536622,,,False,,,,,,
703,Top Flite Women's 2014 XL Hybrid,2015-12-26,1.98,2,1,0,3.4115384615384614,1.9560473348365521,3.5841584158415842,1.623098949536622,,,False,,,,,,
703,Top Flite Women's 2014 XL Hybrid,2015-12-28,1.0,1,1,0,3.4115384615384614,1.9560473348365521,3.5841584158415842,1.623098949536622,,,False,,,,,,
703,Top Flite Women's 2014 XL Hybrid,2015-12-31,1.0,1,1,0,3.4115384615384614,1.9560473348365521,3.5841584158415842,1.623098949536622,,,False,,,,,,
703,Top Flite Women's 2014 XL Hybrid,2016-01-07,4.02,4,2,0,3.4115384615384614,1.9560473348365521,3.5841584158415842,1.623098949536622,,,False,,,,,,
703,Top Flite Women's 2014 XL Hybrid,2016-01-09,1.03,1,1,0,3.4115384615384614,1.9560473348365521,3.5841584158415842,1.623098949536622,,,False,,,,,,
703,Top Flite Women's 2014 XL Hybrid,2016-01-10,2.0,2,1,0,3.4115384615384614,1.9560473348365521,3.5841584158415842,1.623098949536622,,,False,,,,,,
703,Top Flite Women's 2014 XL Hybrid,2016-01-11,1.01,1,1,0,3.4115384615384614,1.9560473348365521,3.5841584158415842,1.623098949536622,,,False,,,,,,
703,Top Flite Women's 2014 XL Hybrid,2016-01-18,9.0,9,2,0,3.4115384615384614,1.9560473348365521,3.5841584158415842,1.623098949536622,,,False,,,,,,
703,Top Flite Women's 2014 XL Hybrid,2016-01-27,1.0,1,1,0,3.4115384615384614,1.9560473348365521,3.5841584158415842,1.623098949536622,,,False,,,,,,
703,Top Flite Women's 2014 XL Hybrid,2016-01-28,1.99,2,1,0,3.4115384615384614,1.9560473348365521,3.5841584158415842,1.623098949536622,,,False,,,,,,
703,Top Flite Women's 2014 XL Hybrid,2016-02-01,4.0,4,1,0,3.4115384615384614,1.9560473348365521,3.5841584158415842,1.623098949536622,,,False,,,,,,
728,LIJA Women's Eyelet Sleeveless Golf Polo,2015-11-19,4.02,4,1,0,3.556390977443609,1.9883188455238905,3.517799352750809,1.6128059999194584,,,False,,,,,,
728,LIJA Women's Eyelet Sleeveless Golf Polo,2015-11-21,5.01,5,1,0,3.556390977443609,1.9883188455238905,3.517799352750809,1.6128059999194584,,,False,,,,,,
728,LIJA Women's Eyelet Sleeveless Golf Polo,2015-11-26,1.95,2,1,0,3.556390977443609,1.9883188455238905,3.517799352750809,1.6128059999194584,,,False,,,,,,
728,LIJA Women's Eyelet Sleeveless Golf Polo,2015-11-29,2.0,2,1,0,3.556390977443609,1.9883188455238905,3.517799352750809,1.6128059999194584,,,False,,,,,,
728,LIJA Women's Eyelet Sleeveless Golf Polo,2015-12-01,2.0,2,1,0,3.556390977443609,1.9883188455238905,3.517799352750809,1.6128059999194584,,,False,,,,,,
728,LIJA Women's Eyelet Sleeveless Golf Polo,2015-12-05,6.04,6,2,0,3.556390977443609,1.9883188455238905,3.517799352750809,1.6128059999194584,,,False,,,,,,
728,LIJA Women's Eyelet Sleeveless Golf Polo,2015-12-06,4.03,4,1,0,3.556390977443609,1.9883188455238905,3.517799352750809,1.6128059999194584,,,False,,,,,,
728,LIJA Women's Eyelet Sleeveless Golf Polo,2015-12-07,4.01,4,1,0,3.556390977443609,1.9883188455238905,3.517799352750809,1.6128059999194584,,,False,,,,,,
728,LIJA Women's Eyelet Sleeveless Golf Polo,2015-12-08,4.02,4,1,0,3.556390977443609,1.9883188455238905,3.517799352750809,1.6128059999194584,,,False,,,,,,
728,LIJA Women's Eyelet Sleeveless Golf Polo,2015-12-12,2.04,2,1,0,3.556390977443609,1.9883188455238905,3.517799352750809,1.6128059999194584,,,False,,,,,,
728,LIJA Women's Eyelet Sleeveless Golf Polo,2015-12-13,3.99,4,1,0,3.556390977443609,1.9883188455238905,3.517799352750809,1.6128059999194584,,,False,,,,,,
728,LIJA Women's Eyelet Sleeveless Golf Polo,2015-12-15,1.05,1,1,0,3.556390977443609,1.9883188455238905,3.517799352750809,1.6128059999194584,,,False,,,,,,
728,LIJA Women's Eyelet Sleeveless Golf Polo,2015-12-21,3.99,4,1,0,3.556390977443609,1.9883188455238905,3.517799352750809,1.6128059999194584,,,False,,,,,,
728,LIJA Women's Eyelet Sleeveless Golf Polo,2015-12-29,4.02,4,1,0,3.556390977443609,1.9883188455238905,3.517799352750809,1.6128059999194584,,,False,,,,,,
728,LIJA Women's Eyelet Sleeveless Golf Polo,2015-12-31,5.02,5,1,0,3.556390977443609,1.9883188455238905,3.517799352750809,1.6128059999194584,,,False,,,,,,
728,LIJA Women's Eyelet Sleeveless Golf Polo,2016-01-06,1.96,2,1,0,3.556390977443609,1.9883188455238905,3.517799352750809,1.6128059999194584,,,False,,,,,,
728,LIJA Women's Eyelet Sleeveless Golf Polo,2016-01-13,5.02,5,1,0,3.556390977443609,1.9883188455238905,3.517799352750809,1.6128059999194584,,,False,,,,,,
728,LIJA Women's Eyelet Sleeveless Golf Polo,2016-01-19,2.03,2,1,0,3.556390977443609,1.9883188455238905,3.517799352750809,1.6128059999194584,,,False,,,,,,
728,LIJA Women's Eyelet Sleeveless Golf Polo,2016-01-20,0.98,1,1,0,3.556390977443609,1.9883188455238905,3.517799352750809,1.6128059999194584,,,False,,,,,,
728,LIJA Women's Eyelet Sleeveless Golf Polo,2016-01-21,0.99,1,1,0,3.556390977443609,1.9883188455238905,3.517799352750809,1.6128059999194584,,,False,,,,,,
728,LIJA Women's Eyelet Sleeveless Golf Polo,2016-01-24,7.01,7,2,0,3.556390977443609,1.9883188455238905,3.517799352750809,1.6128059999194584,,,False,,,,,,
771,Clicgear Rovic Cooler Bag,2015-11-15,8.0,8,2,0,3.5387755102040814,1.9595098423709474,3.4401408450704225,1.6686491800554233,,,False,,,,,,
771,Clicgear Rovic Cooler Bag,2015-11-18,5.0,5,1,0,3.5387755102040814,1.9595098423709474,3.4401408450704225,1.6686491800554233,,,False,,,,,,
771,Clicgear Rovic Cooler Bag,2015-11-20,5.0,5,1,0,3.5387755102040814,1.9595098423709474,3.4401408450704225,1.6686491800554233,,,False,,,,,,
771,Clicgear Rovic Cooler Bag,2015-11-26,5.0,5,1,0,3.5387755102040814,1.9595098423709474,3.4401408450704225,1.6686491800554233,,,False,,,,,,
771,Clicgear Rovic Cooler Bag,2015-11-29,1.99,2,1,0,3.5387755102040814,1.9595098423709474,3.4401408450704225,1.6686491800554233,,,False,,,,,,
771,Clicgear Rovic Cooler Bag,2015-11-30,4.0,4,2,0,3.5387755102040814,1.9595098423709474,3.4401408450704225,1.6686491800554233,,,False,,,,,,
771,Clicgear Rovic Cooler Bag,2015-12-01,4.0,4,1,0,3.5387755102040814,1.9595098423709474,3.4401408450704225,1.6686491800554233,,,False,,,,,,
771,Clicgear Rovic Cooler Bag,2015-12-11,6.0,6,2,0,3.5387755102040814,1.9595098423709474,3.4401408450704225,1.6686491800554233,,,False,,,,,,
771,Clicgear Rovic Cooler Bag,2015-12-13,3.0,3,1,0,3.5387755102040814,1.9595098423709474,3.4401408450704225,1.6686491800554233,,,False,,,,,,
771,Clicgear Rovic Cooler Bag,2015-12-14,5.0,5,1,0,3.5387755102040814,1.9595098423709474,3.4401408450704225,1.6686491800554233,,,False,,,,,,
771,Clicgear Rovic Cooler Bag,2015-12-17,1.0,1,1,0,3.5387755102040814,1.9595098423709474,3.4401408450704225,1.6686491800554233,,,False,,,,,,
771,Clicgear Rovic Cooler Bag,2015-12-25,3.0,3,1,0,3.5387755102040814,1.9595098423709474,3.4401408450704225,1.6686491800554233,,,False,,,,,,
771,Clicgear Rovic Cooler Bag,2015-12-28,2.0,2,1,0,3.5387755102040814,1.9595098423709474,3.4401408450704225,1.6686491800554233,,,False,,,,,,
771,Clicgear Rovic Cooler Bag,2015-12-31,3.0,3,1,0,3.5387755102040814,1.9595098423709474,3.4401408450704225,1.6686491800554233,,,False,,,,,,
771,Clicgear Rovic Cooler Bag,2016-01-02,2.0,2,1,0,3.5387755102040814,1.9595098423709474,3.4401408450704225,1.6686491800554233,,,False,,,,,,
771,Clicgear Rovic Cooler Bag,2016-01-13,2.0,2,1,0,3.5387755102040814,1.9595098423709474,3.4401408450704225,1.6686491800554233,,,False,,,,,,
771,Clicgear Rovic Cooler Bag,2016-01-16,6.0,6,2,0,3.5387755102040814,1.9595098423709474,3.4401408450704225,1.6686491800554233,,,False,,,,,,
771,Clicgear Rovic Cooler Bag,2016-01-20,3.0,3,1,0,3.5387755102040814,1.9595098423709474,3.4401408450704225,1.6686491800554233,,,False,,,,,,
771,Clicgear Rovic Cooler Bag,2016-01-23,2.0,2,1,0,3.5387755102040814,1.9595098423709474,3.4401408450704225,1.6686491800554233,,,False,,,,,,
771,Clicgear Rovic Cooler Bag,2016-01-29,5.0,5,1,0,3.5387755102040814,1.9595098423709474,3.4401408450704225,1.6686491800554233,,,False,,,,,,
771,Clicgear Rovic Cooler Bag,2016-01-30,5.0,5,1,0,3.5387755102040814,1.9595098423709474,3.4401408450704225,1.6686491800554233,,,False,,,,,,
771,Clicgear Rovic Cooler Bag,2016-01-31,4.0,4,1,0,3.5387755102040814,1.9595098423709474,3.4401408450704225,1.6686491800554233,,,False,,,,,,
775,Clicgear 8.0 Shoe Brush,2015-11-14,4.99,5,1,0,3.654320987654321,2.1387442857157235,3.575438596491228,1.6419115343200539,,,False,,,,,,
775,Clicgear 8.0 Shoe Brush,2015-11-15,5.04,5,2,0,3.654320987654321,2.1387442857157235,3.575438596491228,1.6419115343200539,,,False,,,,,,
775,Clicgear 8.0 Shoe Brush,2015-11-17,2.99,3,1,0,3.654320987654321,2.1387442857157235,3.575438596491228,1.6419115343200539,,,False,,,,,,
775,Clicgear 8.0 Shoe Brush,2015-11-18,1.02,1,1,0,3.654320987654321,2.1387442857157235,3.575438596491228,1.6419115343200539,,,False,,,,,,
775,Clicgear 8.0 Shoe Brush,2015-11-20,4.98,5,1,0,3.654320987654321,2.1387442857157235,3.575438596491228,1.6419115343200539,,,False,,,,,,
775,Clicgear 8.0 Shoe Brush,2015-11-23,4.9,5,1,0,3.654320987654321,2.1387442857157235,3.575438596491228,1.6419115343200539,,,False,,,,,,
775,Clicgear 8.0 Shoe Brush,2015-11-24,6.93,7,2,0,3.654320987654321,2.1387442857157235,3.575438596491228,1.6419115343200539,,,False,,,,,,
775,Clicgear 8.0 Shoe Brush,2015-11-27,4.99,5,1,0,3.654320987654321,2.1387442857157235,3.575438596491228,1.6419115343200539,,,False,,,,,,
775,Clicgear 8.0 Shoe Brush,2015-11-30,1.04,1,1,0,3.654320987654321,2.1387442857157235,3.575438596491228,1.6419115343200539,,,False,,,,,,
775,Clicgear 8.0 Shoe Brush,2015-12-05,1.85,2,1,0,3.654320987654321,2.1387442857157235,3.575438596491228,1.6419115343200539,,,False,,,,,,
775,Clicgear 8.0 Shoe Brush,2015-12-07,1.03,1,1,0,3.654320987654321,2.1387442857157235,3.575438596491228,1.6419115343200539,,,False,,,,,,
775,Clicgear 8.0 Shoe Brush,2015-12-13,4.98,5,1,0,3.654320987654321,2.1387442857157235,3.575438596491228,1.6419115343200539,,,False,,,,,,
775,Clicgear 8.0 Shoe Brush,2015-12-14,4.02,4,1,0,3.654320987654321,2.1387442857157235,3.575438596491228,1.6419115343200539,,,False,,,,,,
775,Clicgear 8.0 Shoe Brush,2015-12-17,3.0,3,1,0,3.654320987654321,2.1387442857157235,3.575438596491228,1.6419115343200539,,,False,,,,,,
775,Clicgear 8.0 Shoe Brush,2015-12-19,5.01,5,1,0,3.654320987654321,2.1387442857157235,3.575438596491228,1.6419115343200539,,,False,,,,,,
775,Clicgear 8.0 Shoe Brush,2015-12-21,6.93,7,2,0,3.654320987654321,2.1387442857157235,3.575438596491228,1.6419115343200539,,,False,,,,,,
775,Clicgear 8.0 Shoe Brush,2016-01-07,1.06,1,1,0,3.654320987654321,2.1387442857157235,3.575438596491228,1.6419115343200539,,,False,,,,,,
775,Clicgear 8.0 Shoe Brush,2016-01-09,4.01,4,1,0,3.654320987654321,2.1387442857157235,3.575438596491228,1.6419115343200539,,,False,,,,,,
775,Clicgear 8.0 Shoe Brush,2016-01-10,4.01,4,1,0,3.654320987654321,2.1387442857157235,3.575438596491228,1.6419115343200539,,,False,,,,,,
775,Clicgear 8.0 Shoe Brush,2016-01-21,4.99,5,1,0,3.654320987654321,2.1387442857157235,3.575438596491228,1.6419115343200539,,,False,,,,,,
775,Clicgear 8.0 Shoe Brush,2016-01-23,5.99,6,2,0,3.654320987654321,2.1387442857157235,3.575438596491228,1.6419115343200539,,,False,,,,,,
778,Bag Boy Beverage Holder,2015-11-15,1.99,2,1,0,3.6266094420600856,2.209418535477256,3.6021505376344085,1.553412013514677,,,False,,,,,,
778,Bag Boy Beverage Holder,2015-11-26,3.01,3,1,0,3.6266094420600856,2.209418535477256,3.6021505376344085,1.553412013514677,,,False,,,,,,
778,Bag Boy Beverage Holder,2015-11-27,5.0,5,1,0,3.6266094420600856,2.209418535477256,3.6021505376344085,1.553412013514677,,,False,,,,,,
778,Bag Boy Beverage Holder,2015-12-05,2.0,2,1,0,3.6266094420600856,2.209418535477256,3.6021505376344085,1.553412013514677,,,False,,,,,,
778,Bag Boy Beverage Holder,2015-12-09,4.99,5,1,0,3.6266094420600856,2.209418535477256,3.6021505376344085,1.553412013514677,,,False,,,,,,
778,Bag Boy Beverage Holder,2015-12-10,4.02,4,1,0,3.6266094420600856,2.209418535477256,3.6021505376344085,1.553412013514677,,,False,,,,,,
778,Bag Boy Beverage Holder,2015-12-13,2.99,3,1,0,3.6266094420600856,2.209418535477256,3.6021505376344085,1.553412013514677,,,False,,,,,,
778,Bag Boy Beverage Holder,2015-12-15,6.0,6,2,0,3.6266094420600856,2.209418535477256,3.6021505376344085,1.553412013514677,,,False,,,,,,
778,Bag Boy Beverage Holder,2015-12-18,5.0,5,1,0,3.6266094420600856,2.209418535477256,3.6021505376344085,1.553412013514677,,,False,,,,,,
778,Bag Boy Beverage Holder,2015-12-20,3.01,3,1,0,3.6266094420600856,2.209418535477256,3.6021505376344085,1.553412013514677,,,False,,,,,,
778,Bag Boy Beverage Holder,2015-12-22,4.0,4,1,0,3.6266094420600856,2.209418535477256,3.6021505376344085,1.553412013514677,,,False,,,,,,
778,Bag Boy Beverage Holder,2015-12-26,2.0,2,1,0,3.6266094420600856,2.209418535477256,3.6021505376344085,1.553412013514677,,,False,,,,,,
778,Bag Boy Beverage Holder,2016-01-08,7.0,7,2,0,3.6266094420600856,2.209418535477256,3.6021505376344085,1.553412013514677,,,False,,,,,,
778,Bag Boy Beverage Holder,2016-01-09,5.0,5,2,0,3.6266094420600856,2.209418535477256,3.6021505376344085,1.553412013514677,,,False,,,,,,
778,Bag Boy Beverage Holder,2016-01-14,2.99,3,1,0,3.6266094420600856,2.209418535477256,3.6021505376344085,1.553412013514677,,,False,,,,,,
778,Bag Boy Beverage Holder,2016-01-15,3.0,3,1,0,3.6266094420600856,2.209418535477256,3.6021505376344085,1.553412013514677,,,False,,,,,,
778,Bag Boy Beverage Holder,2016-01-22,2.0,2,1,0,3.6266094420600856,2.209418535477256,3.6021505376344085,1.553412013514677,,,False,,,,,,
778,Bag Boy Beverage Holder,2016-01-25,1.0,1,1,0,3.6266094420600856,2.209418535477256,3.6021505376344085,1.553412013514677,,,False,,,,,,
792,Hirzl Men's Hybrid Golf Glove,2015-11-20,4.96,5,1,0,3.456,1.8080764813052015,3.3297872340425534,1.5943960884779826,,,False,,,,,,
792,Hirzl Men's Hybrid Golf Glove,2015-11-22,4.01,4,1,0,3.456,1.8080764813052015,3.3297872340425534,1.5943960884779826,,,False,,,,,,
792,Hirzl Men's Hybrid Golf Glove,2015-11-24,3.01,3,1,0,3.456,1.8080764813052015,3.3297872340425534,1.5943960884779826,,,False,,,,,,
792,Hirzl Men's Hybrid Golf Glove,2015-11-25,1.04,1,1,0,3.456,1.8080764813052015,3.3297872340425534,1.5943960884779826,,,False,,,,,,
792,Hirzl Men's Hybrid Golf Glove,2015-12-07,4.0,4,1,0,3.456,1.8080764813052015,3.3297872340425534,1.5943960884779826,,,False,,,,,,
792,Hirzl Men's Hybrid Golf Glove,2015-12-08,2.0,2,1,0,3.456,1.8080764813052015,3.3297872340425534,1.5943960884779826,,,False,,,,,,
792,Hirzl Men's Hybrid Golf Glove,2015-12-10,4.98,5,1,0,3.456,1.8080764813052015,3.3297872340425534,1.5943960884779826,,,False,,,,,,
792,Hirzl Men's Hybrid Golf Glove,2015-12-11,2.02,2,1,0,3.456,1.8080764813052015,3.3297872340425534,1.5943960884779826,,,False,,,,,,
792,Hirzl Men's Hybrid Golf Glove,2015-12-16,4.99,5,1,0,3.456,1.8080764813052015,3.3297872340425534,1.5943960884779826,,,False,,,,,,
792,Hirzl Men's Hybrid Golf Glove,2015-12-17,2.01,2,1,0,3.456,1.8080764813052015,3.3297872340425534,1.5943960884779826,,,False,,,,,,
792,Hirzl Men's Hybrid Golf Glove,2015-12-18,3.02,3,1,0,3.456,1.8080764813052015,3.3297872340425534,1.5943960884779826,,,False,,,,,,
792,Hirzl Men's Hybrid Golf Glove,2015-12-19,1.01,1,1,0,3.456,1.8080764813052015,3.3297872340425534,1.5943960884779826,,,False,,,,,,
792,Hirzl Men's Hybrid Golf Glove,2015-12-23,4.04,4,1,0,3.456,1.8080764813052015,3.3297872340425534,1.5943960884779826,,,False,,,,,,
792,Hirzl Men's Hybrid Golf Glove,2015-12-25,4.0,4,1,0,3.456,1.8080764813052015,3.3297872340425534,1.5943960884779826,,,False,,,,,,
792,Hirzl Men's Hybrid Golf Glove,2015-12-26,3.0,3,1,0,3.456,1.8080764813052015,3.3297872340425534,1.5943960884779826,,,False,,,,,,
792,Hirzl Men's Hybrid Golf Glove,2015-12-28,2.0,2,1,0,3.456,1.8080764813052015,3.3297872340425534,1.5943960884779826,,,False,,,,,,
792,Hirzl Men's Hybrid Golf Glove,2016-01-01,3.99,4,1,0,3.456,1.8080764813052015,3.3297872340425534,1.5943960884779826,,,False,,,,,,
792,Hirzl Men's Hybrid Golf Glove,2016-01-05,1.06,1,1,0,3.456,1.8080764813052015,3.3297872340425534,1.5943960884779826,,,False,,,,,,
792,Hirzl Men's Hybrid Golf Glove,2016-01-08,3.98,4,1,0,3.456,1.8080764813052015,3.3297872340425534,1.5943960884779826,,,False,,,,,,
792,Hirzl Men's Hybrid Golf Glove,2016-01-09,1.98,2,1,0,3.456,1.8080764813052015,3.3297872340425534,1.5943960884779826,,,False,,,,,,
792,Hirzl Men's Hybrid Golf Glove,2016-01-14,7.98,8,2,0,3.456,1.8080764813052015,3.3297872340425534,1.5943960884779826,,,False,,,,,,
792,Hirzl Men's Hybrid Golf Glove,2016-01-15,4.01,4,1,0,3.456,1.8080764813052015,3.3297872340425534,1.5943960884779826,,,False,,,,,,
792,Hirzl Men's Hybrid Golf Glove,2016-01-17,1.0,1,1,0,3.456,1.8080764813052015,3.3297872340425534,1.5943960884779826,,,False,,,,,,
792,Hirzl Men's Hybrid Golf Glove,2016-01-22,4.99,5,1,0,3.456,1.8080764813052015,3.3297872340425534,1.5943960884779826,,,False,,,,,,
792,Hirzl Men's Hybrid Golf Glove,2016-01-23,7.98,8,3,0,3.456,1.8080764813052015,3.3297872340425534,1.5943960884779826,,,False,,,,,,
792,Hirzl Men's Hybrid Golf Glove,2016-01-24,1.0,1,1,0,3.456,1.8080764813052015,3.3297872340425534,1.5943960884779826,,,False,,,,,,
792,Hirzl Men's Hybrid Golf Glove,2016-01-25,2.0,2,1,0,3.456,1.8080764813052015,3.3297872340425534,1.5943960884779826,,,False,,,,,,
792,Hirzl Men's Hybrid Golf Glove,2016-01-28,3.99,4,1,0,3.456,1.8080764813052015,3.3297872340425534,1.5943960884779826,,,False,,,,,,
793,Hirzl Women's Hybrid Golf Glove,2015-11-14,0.99,1,1,0,3.5098814229249014,2.3343750195535042,3.7138263665594855,1.6119818963841699,,,False,,,,,,
793,Hirzl Women's Hybrid Golf Glove,2015-11-17,4.98,5,1,0,3.5098814229249014,2.3343750195535042,3.7138263665594855,1.6119818963841699,,,False,,,,,,
793,Hirzl Women's Hybrid Golf Glove,2015-11-20,1.0,1,1,0,3.5098814229249014,2.3343750195535042,3.7138263665594855,1.6119818963841699,,,False,,,,,,
793,Hirzl Women's Hybrid Golf Glove,2015-11-23,1.01,1,1,0,3.5098814229249014,2.3343750195535042,3.7138263665594855,1.6119818963841699,,,False,,,,,,
793,Hirzl Women's Hybrid Golf Glove,2015-11-29,5.0,5,1,0,3.5098814229249014,2.3343750195535042,3.7138263665594855,1.6119818963841699,,,False,,,,,,
793,Hirzl Women's Hybrid Golf Glove,2015-11-30,4.0,4,2,0,3.5098814229249014,2.3343750195535042,3.7138263665594855,1.6119818963841699,,,False,,,,,,
793,Hirzl Women's Hybrid Golf Glove,2015-12-01,5.0,5,1,0,3.5098814229249014,2.3343750195535042,3.7138263665594855,1.6119818963841699,,,False,,,,,,
793,Hirzl Women's Hybrid Golf Glove,2015-12-08,2.99,3,1,0,3.5098814229249014,2.3343750195535042,3.7138263665594855,1.6119818963841699,,,False,,,,,,
793,Hirzl Women's Hybrid Golf Glove,2015-12-09,9.98,10,2,0,3.5098814229249014,2.3343750195535042,3.7138263665594855,1.6119818963841699,,,False,,,,,,
793,Hirzl Women's Hybrid Golf Glove,2015-12-10,3.01,3,1,0,3.5098814229249014,2.3343750195535042,3.7138263665594855,1.6119818963841699,,,False,,,,,,
793,Hirzl Women's Hybrid Golf Glove,2015-12-15,8.0,8,2,0,3.5098814229249014,2.3343750195535042,3.7138263665594855,1.6119818963841699,,,False,,,,,,
793,Hirzl Women's Hybrid Golf Glove,2015-12-17,2.01,2,1,0,3.5098814229249014,2.3343750195535042,3.7138263665594855,1.6119818963841699,,,False,,,,,,
793,Hirzl Women's Hybrid Golf Glove,2015-12-23,1.01,1,1,0,3.5098814229249014,2.3343750195535042,3.7138263665594855,1.6119818963841699,,,False,,,,,,
793,Hirzl Women's Hybrid Golf Glove,2015-12-26,2.02,2,1,0,3.5098814229249014,2.3343750195535042,3.7138263665594855,1.6119818963841699,,,False,,,,,,
793,Hirzl Women's Hybrid Golf Glove,2016-01-07,5.0,5,1,0,3.5098814229249014,2.3343750195535042,3.7138263665594855,1.6119818963841699,,,False,,,,,,
793,Hirzl Women's Hybrid Golf Glove,2016-01-09,5.0,5,1,0,3.5098814229249014,2.3343750195535042,3.7138263665594855,1.6119818963841699,,,False,,,,,,
793,Hirzl Women's Hybrid Golf Glove,2016-01-11,2.0,2,1,0,3.5098814229249014,2.3343750195535042,3.7138263665594855,1.6119818963841699,,,False,,,,,,
793,Hirzl Women's Hybrid Golf Glove,2016-01-20,1.0,1,1,0,3.5098814229249014,2.3343750195535042,3.7138263665594855,1.6119818963841699,,,False,,,,,,
793,Hirzl Women's Hybrid Golf Glove,2016-01-21,1.01,1,1,0,3.5098814229249014,2.3343750195535042,3.7138263665594855,1.6119818963841699,,,False,,,,,,
793,Hirzl Women's Hybrid Golf Glove,2016-01-23,3.99,4,1,0,3.5098814229249014,2.3343750195535042,3.7138263665594855,1.6119818963841699,,,False,,,,,,
793,Hirzl Women's Hybrid Golf Glove,2016-01-29,3.0,3,1,0,3.5098814229249014,2.3343750195535042,3.7138263665594855,1.6119818963841699,,,False,,,,,,
793,Hirzl Women's Hybrid Golf Glove,2016-01-30,3.99,4,1,0,3.5098814229249014,2.3343750195535042,3.7138263665594855,1.6119818963841699,,,False,,,,,,
797,Hirzl Women's Soffft Flex Golf Glove,2015-11-15,2.99,3,1,0,3.6584362139917697,1.9903176848475748,3.6073825503355703,1.6747920705046122,,,False,,,,,,
797,Hirzl Women's Soffft Flex Golf Glove,2015-11-16,2.98,3,1,0,3.6584362139917697,1.9903176848475748,3.6073825503355703,1.6747920705046122,,,False,,,,,,
797,Hirzl Women's Soffft Flex Golf Glove,2015-11-17,2.0,2,1,0,3.6584362139917697,1.9903176848475748,3.6073825503355703,1.6747920705046122,,,False,,,,,,
797,Hirzl Women's Soffft Flex Golf Glove,2015-11-18,1.0,1,1,0,3.6584362139917697,1.9903176848475748,3.6073825503355703,1.6747920705046122,,,False,,,,,,
797,Hirzl Women's Soffft Flex Golf Glove,2015-11-21,5.01,5,1,0,3.6584362139917697,1.9903176848475748,3.6073825503355703,1.6747920705046122,,,False,,,,,,
797,Hirzl Women's Soffft Flex Golf Glove,2015-11-22,1.0,1,1,0,3.6584362139917697,1.9903176848475748,3.6073825503355703,1.6747920705046122,,,False,,,,,,
797,Hirzl Women's Soffft Flex Golf Glove,2015-11-25,1.01,1,1,0,3.6584362139917697,1.9903176848475748,3.6073825503355703,1.6747920705046122,,,False,,,,,,
797,Hirzl Women's Soffft Flex Golf Glove,2015-11-27,2.03,2,1,0,3.6584362139917697,1.9903176848475748,3.6073825503355703,1.6747920705046122,,,False,,,,,,
797,Hirzl Women's Soffft Flex Golf Glove,2015-11-29,2.03,2,1,0,3.6584362139917697,1.9903176848475748,3.6073825503355703,1.6747920705046122,,,False,,,,,,
797,Hirzl Women's Soffft Flex Golf Glove,2015-11-30,8.05,8,2,0,3.6584362139917697,1.9903176848475748,3.6073825503355703,1.6747920705046122,,,False,,,,,,
797,Hirzl Women's Soffft Flex Golf Glove,2015-12-10,1.01,1,1,0,3.6584362139917697,1.9903176848475748,3.6073825503355703,1.6747920705046122,,,False,,,,,,
797,Hirzl Women's Soffft Flex Golf Glove,2015-12-14,6.0,6,2,0,3.6584362139917697,1.9903176848475748,3.6073825503355703,1.6747920705046122,,,False,,,,,,
797,Hirzl Women's Soffft Flex Golf Glove,2015-12-16,0.99,1,1,0,3.6584362139917697,1.9903176848475748,3.6073825503355703,1.6747920705046122,,,False,,,,,,
797,Hirzl Women's Soffft Flex Golf Glove,2015-12-18,5.02,5,2,0,3.6584362139917697,1.9903176848475748,3.6073825503355703,1.6747920705046122,,,False,,,,,,
797,Hirzl Women's Soffft Flex Golf Glove,2015-12-23,2.99,3,1,0,3.6584362139917697,1.9903176848475748,3.6073825503355703,1.6747920705046122,,,False,,,,,,
797,Hirzl Women's Soffft Flex Golf Glove,2015-12-25,3.97,4,1,0,3.6584362139917697,1.9903176848475748,3.6073825503355703,1.6747920705046122,,,False,,,,,,
797,Hirzl Women's Soffft Flex Golf Glove,2015-12-27,4.99,5,1,0,3.6584362139917697,1.9903176848475748,3.6073825503355703,1.6747920705046122,,,False,,,,,,
797,Hirzl Women's Soffft Flex Golf Glove,2015-12-28,5.970000000000001,6,2,0,3.6584362139917697,1.9903176848475748,3.6073825503355703,1.6747920705046122,,,False,,,,,,
797,Hirzl Women's Soffft Flex Golf Glove,2015-12-31,1.0,1,1,0,3.6584362139917697,1.9903176848475748,3.6073825503355703,1.6747920705046122,,,False,,,,,,
797,Hirzl Women's Soffft Flex Golf Glove,2016-01-01,2.01,2,1,0,3.6584362139917697,1.9903176848475748,3.6073825503355703,1.6747920705046122,,,False,,,,,,
797,Hirzl Women's Soffft Flex Golf Glove,2016-01-03,1.0,1,1,0,3.6584362139917697,1.9903176848475748,3.6073825503355703,1.6747920705046122,,,False,,,,,,
797,Hirzl Women's Soffft Flex Golf Glove,2016-01-04,2.95,3,1,0,3.6584362139917697,1.9903176848475748,3.6073825503355703,1.6747920705046122,,,False,,,,,,
797,Hirzl Women's Soffft Flex Golf Glove,2016-01-06,2.95,3,1,0,3.6584362139917697,1.9903176848475748,3.6073825503355703,1.6747920705046122,,,False,,,,,,
797,Hirzl Women's Soffft Flex Golf Glove,2016-01-12,3.96,4,2,0,3.6584362139917697,1.9903176848475748,3.6073825503355703,1.6747920705046122,,,False,,,,,,
797,Hirzl Women's Soffft Flex Golf Glove,2016-01-13,3.97,4,1,0,3.6584362139917697,1.9903176848475748,3.6073825503355703,1.6747920705046122,,,False,,,,,,
797,Hirzl Women's Soffft Flex Golf Glove,2016-01-14,2.97,3,1,0,3.6584362139917697,1.9903176848475748,3.6073825503355703,1.6747920705046122,,,False,,,,,,
797,Hirzl Women's Soffft Flex Golf Glove,2016-01-15,5.93,6,2,0,3.6584362139917697,1.9903176848475748,3.6073825503355703,1.6747920705046122,,,False,,,,,,
797,Hirzl Women's Soffft Flex Golf Glove,2016-01-21,0.99,1,1,0,3.6584362139917697,1.9903176848475748,3.6073825503355703,1.6747920705046122,,,False,,,,,,
797,Hirzl Women's Soffft Flex Golf Glove,2016-01-31,3.99,4,1,0,3.6584362139917697,1.9903176848475748,3.6073825503355703,1.6747920705046122,,,False,,,,,,
804,Glove It Women's Imperial Golf Glove,2015-11-16,2.01,2,1,0,3.6332046332046333,1.9649589617925454,3.550488599348534,1.672506852678105,,,False,,,,,,
804,Glove It Women's Imperial Golf Glove,2015-11-18,1.0,1,1,0,3.6332046332046333,1.9649589617925454,3.550488599348534,1.672506852678105,,,False,,,,,,
804,Glove It Women's Imperial Golf Glove,2015-11-21,3.0,3,1,0,3.6332046332046333,1.9649589617925454,3.550488599348534,1.672506852678105,,,False,,,,,,
804,Glove It Women's Imperial Golf Glove,2015-11-24,2.0,2,1,0,3.6332046332046333,1.9649589617925454,3.550488599348534,1.672506852678105,,,False,,,,,,
804,Glove It Women's Imperial Golf Glove,2015-11-25,5.0,5,1,0,3.6332046332046333,1.9649589617925454,3.550488599348534,1.672506852678105,,,False,,,,,,
804,Glove It Women's Imperial Golf Glove,2015-11-28,7.0,7,2,0,3.6332046332046333,1.9649589617925454,3.550488599348534,1.672506852678105,,,False,,,,,,
804,Glove It Women's Imperial Golf Glove,2015-11-30,4.0,4,1,0,3.6332046332046333,1.9649589617925454,3.550488599348534,1.672506852678105,,,False,,,,,,
804,Glove It Women's Imperial Golf Glove,2015-12-02,4.99,5,1,0,3.6332046332046333,1.9649589617925454,3.550488599348534,1.672506852678105,,,False,,,,,,
804,Glove It Women's Imperial Golf Glove,2015-12-04,4.99,5,1,0,3.6332046332046333,1.9649589617925454,3.550488599348534,1.672506852678105,,,False,,,,,,
804,Glove It Women's Imperial Golf Glove,2015-12-05,4.99,5,1,0,3.6332046332046333,1.9649589617925454,3.550488599348534,1.672506852678105,,,False,,,,,,
804,Glove It Women's Imperial Golf Glove,2015-12-08,3.01,3,1,0,3.6332046332046333,1.9649589617925454,3.550488599348534,1.672506852678105,,,False,,,,,,
804,Glove It Women's Imperial Golf Glove,2015-12-12,2.0,2,1,0,3.6332046332046333,1.9649589617925454,3.550488599348534,1.672506852678105,,,False,,,,,,
804,Glove It Women's Imperial Golf Glove,2015-12-13,5.0,5,1,0,3.6332046332046333,1.9649589617925454,3.550488599348534,1.672506852678105,,,False,,,,,,
804,Glove It Women's Imperial Golf Glove,2015-12-14,2.98,3,1,0,3.6332046332046333,1.9649589617925454,3.550488599348534,1.672506852678105,,,False,,,,,,
804,Glove It Women's Imperial Golf Glove,2015-12-15,5.01,5,1,0,3.6332046332046333,1.9649589617925454,3.550488599348534,1.672506852678105,,,False,,,,,,
804,Glove It Women's Imperial Golf Glove,2015-12-20,7.99,8,2,0,3.6332046332046333,1.9649589617925454,3.550488599348534,1.672506852678105,,,False,,,,,,
804,Glove It Women's Imperial Golf Glove,2015-12-24,8.0,8,2,0,3.6332046332046333,1.9649589617925454,3.550488599348534,1.672506852678105,,,False,,,,,,
804,Glove It Women's Imperial Golf Glove,2015-12-31,4.01,4,1,0,3.6332046332046333,1.9649589617925454,3.550488599348534,1.672506852678105,,,False,,,,,,
804,Glove It Women's Imperial Golf Glove,2016-01-01,4.99,5,1,0,3.6332046332046333,1.9649589617925454,3.550488599348534,1.672506852678105,,,False,,,,,,
804,Glove It Women's Imperial Golf Glove,2016-01-02,3.0,3,1,0,3.6332046332046333,1.9649589617925454,3.550488599348534,1.672506852678105,,,False,,,,,,
804,Glove It Women's Imperial Golf Glove,2016-01-03,1.01,1,1,0,3.6332046332046333,1.9649589617925454,3.550488599348534,1.672506852678105,,,False,,,,,,
804,Glove It Women's Imperial Golf Glove,2016-01-13,0.99,1,1,0,3.6332046332046333,1.9649589617925454,3.550488599348534,1.672506852678105,,,False,,,,,,
804,Glove It Women's Imperial Golf Glove,2016-01-14,1.0,1,1,0,3.6332046332046333,1.9649589617925454,3.550488599348534,1.672506852678105,,,False,,,,,,
804,Glove It Women's Imperial Golf Glove,2016-01-17,7.0,7,2,0,3.6332046332046333,1.9649589617925454,3.550488599348534,1.672506852678105,,,False,,,,,,
804,Glove It Women's Imperial Golf Glove,2016-01-19,8.01,8,2,0,3.6332046332046333,1.9649589617925454,3.550488599348534,1.672506852678105,,,False,,,,,,
804,Glove It Women's Imperial Golf Glove,2016-01-21,1.0,1,1,0,3.6332046332046333,1.9649589617925454,3.550488599348534,1.672506852678105,,,False,,,,,,
804,Glove It Women's Imperial Golf Glove,2016-01-22,2.0,2,1,0,3.6332046332046333,1.9649589617925454,3.550488599348534,1.672506852678105,,,False,,,,,,
804,Glove It Women's Imperial Golf Glove,2016-01-24,3.99,4,1,0,3.6332046332046333,1.9649589617925454,3.550488599348534,1.672506852678105,,,False,,,,,,
804,Glove It Women's Imperial Golf Glove,2016-01-25,2.99,3,1,0,3.6332046332046333,1.9649589617925454,3.550488599348534,1.672506852678105,,,False,,,,,,
804,Glove It Women's Imperial Golf Glove,2016-01-27,3.99,4,1,0,3.6332046332046333,1.9649589617925454,3.550488599348534,1.672506852678105,,,False,,,,,,
804,Glove It Women's Imperial Golf Glove,2016-01-29,2.01,2,1,0,3.6332046332046333,1.9649589617925454,3.550488599348534,1.672506852678105,,,False,,,,,,
810,Glove It Women's Mod Oval Golf Glove,2015-11-17,3.02,3,1,0,3.273469387755102,1.6178785327721459,3.306859205776173,1.6340101017784003,,,False,,,,,,
810,Glove It Women's Mod Oval Golf Glove,2015-11-19,3.99,4,1,0,3.273469387755102,1.6178785327721459,3.306859205776173,1.6340101017784003,,,False,,,,,,
810,Glove It Women's Mod Oval Golf Glove,2015-11-20,2.0,2,1,0,3.273469387755102,1.6178785327721459,3.306859205776173,1.6340101017784003,,,False,,,,,,
810,Glove It Women's Mod Oval Golf Glove,2015-11-22,1.0,1,1,0,3.273469387755102,1.6178785327721459,3.306859205776173,1.6340101017784003,,,False,,,,,,
810,Glove It Women's Mod Oval Golf Glove,2015-11-27,6.0,6,2,0,3.273469387755102,1.6178785327721459,3.306859205776173,1.6340101017784003,,,False,,,,,,
810,Glove It Women's Mod Oval Golf Glove,2015-11-28,3.0,3,1,0,3.273469387755102,1.6178785327721459,3.306859205776173,1.6340101017784003,,,False,,,,,,
810,Glove It Women's Mod Oval Golf Glove,2015-11-30,4.99,5,2,0,3.273469387755102,1.6178785327721459,3.306859205776173,1.6340101017784003,,,False,,,,,,
810,Glove It Women's Mod Oval Golf Glove,2015-12-05,3.0,3,2,0,3.273469387755102,1.6178785327721459,3.306859205776173,1.6340101017784003,,,False,,,,,,
810,Glove It Women's Mod Oval Golf Glove,2015-12-11,1.99,2,1,0,3.273469387755102,1.6178785327721459,3.306859205776173,1.6340101017784003,,,False,,,,,,
810,Glove It Women's Mod Oval Golf Glove,2015-12-17,1.0,1,1,0,3.273469387755102,1.6178785327721459,3.306859205776173,1.6340101017784003,,,False,,,,,,
810,Glove It Women's Mod Oval Golf Glove,2015-12-19,7.0,7,2,0,3.273469387755102,1.6178785327721459,3.306859205776173,1.6340101017784003,,,False,,,,,,
810,Glove It Women's Mod Oval Golf Glove,2015-12-21,7.0,7,2,0,3.273469387755102,1.6178785327721459,3.306859205776173,1.6340101017784003,,,False,,,,,,
810,Glove It Women's Mod Oval Golf Glove,2015-12-30,2.0,2,1,0,3.273469387755102,1.6178785327721459,3.306859205776173,1.6340101017784003,,,False,,,,,,
810,Glove It Women's Mod Oval Golf Glove,2016-01-03,4.01,4,1,0,3.273469387755102,1.6178785327721459,3.306859205776173,1.6340101017784003,,,False,,,,,,
810,Glove It Women's Mod Oval Golf Glove,2016-01-04,3.97,4,1,0,3.273469387755102,1.6178785327721459,3.306859205776173,1.6340101017784003,,,False,,,,,,
810,Glove It Women's Mod Oval Golf Glove,2016-01-07,2.0,2,1,0,3.273469387755102,1.6178785327721459,3.306859205776173,1.6340101017784003,,,False,,,,,,
810,Glove It Women's Mod Oval Golf Glove,2016-01-08,3.99,4,1,0,3.273469387755102,1.6178785327721459,3.306859205776173,1.6340101017784003,,,False,,,,,,
810,Glove It Women's Mod Oval Golf Glove,2016-01-10,3.99,4,1,0,3.273469387755102,1.6178785327721459,3.306859205776173,1.6340101017784003,,,False,,,,,,
810,Glove It Women's Mod Oval Golf Glove,2016-01-11,3.0,3,1,0,3.273469387755102,1.6178785327721459,3.306859205776173,1.6340101017784003,,,False,,,,,,
810,Glove It Women's Mod Oval Golf Glove,2016-01-17,2.01,2,1,0,3.273469387755102,1.6178785327721459,3.306859205776173,1.6340101017784003,,,False,,,,,,
810,Glove It Women's Mod Oval Golf Glove,2016-01-18,5.0,5,1,0,3.273469387755102,1.6178785327721459,3.306859205776173,1.6340101017784003,,,False,,,,,,
810,Glove It Women's Mod Oval Golf Glove,2016-01-23,1.0,1,1,0,3.273469387755102,1.6178785327721459,3.306859205776173,1.6340101017784003,,,False,,,,,,
810,Glove It Women's Mod Oval Golf Glove,2016-01-25,4.99,5,1,0,3.273469387755102,1.6178785327721459,3.306859205776173,1.6340101017784003,,,False,,,,,,
810,Glove It Women's Mod Oval Golf Glove,2016-01-26,3.0,3,1,0,3.273469387755102,1.6178785327721459,3.306859205776173,1.6340101017784003,,,False,,,,,,
810,Glove It Women's Mod Oval Golf Glove,2016-01-30,2.0,2,1,0,3.273469387755102,1.6178785327721459,3.306859205776173,1.6340101017784003,,,False,,,,,,
810,Glove It Women's Mod Oval Golf Glove,2016-01-31,1.0,1,1,0,3.273469387755102,1.6178785327721459,3.306859205776173,1.6340101017784003,,,False,,,,,,
818,Titleist Pro V1x Golf Balls,2015-11-16,10.0,10,2,0,3.508130081300813,2.3659866473974134,3.415807560137457,1.6238388798359227,,,False,,,,,,
818,Titleist Pro V1x Golf Balls,2015-11-17,1.0,1,1,0,3.508130081300813,2.3659866473974134,3.415807560137457,1.6238388798359227,,,False,,,,,,
818,Titleist Pro V1x Golf Balls,2015-11-19,3.04,3,1,0,3.508130081300813,2.3659866473974134,3.415807560137457,1.6238388798359227,,,False,,,,,,
818,Titleist Pro V1x Golf Balls,2015-11-22,4.99,5,1,0,3.508130081300813,2.3659866473974134,3.415807560137457,1.6238388798359227,,,False,,,,,,
818,Titleist Pro V1x Golf Balls,2015-11-25,5.0,5,1,0,3.508130081300813,2.3659866473974134,3.415807560137457,1.6238388798359227,,,False,,,,,,
818,Titleist Pro V1x Golf Balls,2015-11-26,3.04,3,1,0,3.508130081300813,2.3659866473974134,3.415807560137457,1.6238388798359227,,,False,,,,,,
818,Titleist Pro V1x Golf Balls,2015-11-30,1.01,1,1,0,3.508130081300813,2.3659866473974134,3.415807560137457,1.6238388798359227,,,False,,,,,,
818,Titleist Pro V1x Golf Balls,2015-12-03,4.99,5,1,0,3.508130081300813,2.3659866473974134,3.415807560137457,1.6238388798359227,,,False,,,,,,
818,Titleist Pro V1x Golf Balls,2015-12-05,6.01,6,3,0,3.508130081300813,2.3659866473974134,3.415807560137457,1.6238388798359227,,,False,,,,,,
818,Titleist Pro V1x Golf Balls,2015-12-06,1.99,2,2,0,3.508130081300813,2.3659866473974134,3.415807560137457,1.6238388798359227,,,False,,,,,,
818,Titleist Pro V1x Golf Balls,2015-12-12,1.99,2,2,0,3.508130081300813,2.3659866473974134,3.415807560137457,1.6238388798359227,,,False,,,,,,
818,Titleist Pro V1x Golf Balls,2015-12-13,3.02,3,1,0,3.508130081300813,2.3659866473974134,3.415807560137457,1.6238388798359227,,,False,,,,,,
818,Titleist Pro V1x Golf Balls,2015-12-18,1.0,1,1,0,3.508130081300813,2.3659866473974134,3.415807560137457,1.6238388798359227,,,False,,,,,,
818,Titleist Pro V1x Golf Balls,2015-12-20,10.02,10,2,0,3.508130081300813,2.3659866473974134,3.415807560137457,1.6238388798359227,,,False,,,,,,
818,Titleist Pro V1x Golf Balls,2015-12-25,1.0,1,1,0,3.508130081300813,2.3659866473974134,3.415807560137457,1.6238388798359227,,,False,,,,,,
818,Titleist Pro V1x Golf Balls,2015-12-29,3.01,3,1,0,3.508130081300813,2.3659866473974134,3.415807560137457,1.6238388798359227,,,False,,,,,,
818,Titleist Pro V1x Golf Balls,2016-01-02,1.0,1,1,0,3.508130081300813,2.3659866473974134,3.415807560137457,1.6238388798359227,,,False,,,,,,
818,Titleist Pro V1x Golf Balls,2016-01-03,4.98,5,1,0,3.508130081300813,2.3659866473974134,3.415807560137457,1.6238388798359227,,,False,,,,,,
818,Titleist Pro V1x Golf Balls,2016-01-05,4.99,5,1,0,3.508130081300813,2.3659866473974134,3.415807560137457,1.6238388798359227,,,False,,,,,,
818,Titleist Pro V1x Golf Balls,2016-01-09,2.99,3,1,0,3.508130081300813,2.3659866473974134,3.415807560137457,1.6238388798359227,,,False,,,,,,
818,Titleist Pro V1x Golf Balls,2016-01-15,2.01,2,1,0,3.508130081300813,2.3659866473974134,3.415807560137457,1.6238388798359227,,,False,,,,,,
821,Titleist Pro V1 High Numbers Personalized Gol,2015-11-16,4.97,5,1,1,3.404,1.945229980931524,3.5136986301369864,1.7200507519478803,0.0,100.0,True,1.0,3.5136986301369864,17.46308219178082,15.288326667053735,32.75140885883455,34.79
821,Titleist Pro V1 High Numbers Personalized Gol,2015-11-19,1.02,1,1,1,3.404,1.945229980931524,3.5136986301369864,1.7200507519478803,0.0,100.0,True,1.0,3.5136986301369864,3.5839726027397263,6.656389271400998,10.240361874140724,7.140000000000001
821,Titleist Pro V1 High Numbers Personalized Gol,2015-11-23,4.96,5,1,1,3.404,1.945229980931524,3.5136986301369864,1.7200507519478803,0.0,100.0,True,1.0,3.5136986301369864,17.427945205479453,15.262304504301234,32.69024970978069,34.72
821,Titleist Pro V1 High Numbers Personalized Gol,2015-11-25,3.01,3,1,1,3.404,1.945229980931524,3.5136986301369864,1.7200507519478803,0.0,100.0,True,1.0,3.5136986301369864,10.576232876712329,10.416959743563147,20.993192620275476,21.07
821,Titleist Pro V1 High Numbers Personalized Gol,2015-11-27,2.0,2,1,1,3.404,1.945229980931524,3.5136986301369864,1.7200507519478803,0.0,100.0,True,1.0,3.5136986301369864,7.027397260273973,8.24633294734234,15.273730207616314,14.0
821,Titleist Pro V1 High Numbers Personalized Gol,2015-11-29,1.01,1,1,1,3.404,1.945229980931524,3.5136986301369864,1.7200507519478803,0.0,100.0,True,1.0,3.5136986301369864,3.5488356164383563,6.644170136542446,10.193005752980802,7.07
821,Titleist Pro V1 High Numbers Personalized Gol,2015-12-02,5.0,5,1,1,3.404,1.945229980931524,3.5136986301369864,1.7200507519478803,0.0,100.0,True,1.0,3.5136986301369864,17.568493150684933,15.36644135576965,32.93493450645458,35.0
821,Titleist Pro V1 High Numbers Personalized Gol,2015-12-04,5.0,5,1,1,3.404,1.945229980931524,3.5136986301369864,1.7200507519478803,0.0,100.0,True,1.0,3.5136986301369864,17.568493150684933,15.36644135576965,32.93493450645458,35.0
821,Titleist Pro V1 High Numbers Personalized Gol,2015-12-11,3.99,4,1,1,3.404,1.945229980931524,3.5136986301369864,1.7200507519478803,0.0,100.0,True,1.0,3.5136986301369864,14.019657534246576,12.784132789017432,26.80379032326401,27.93
821,Titleist Pro V1 High Numbers Personalized Gol,2015-12-13,4.0,4,1,1,3.404,1.945229980931524,3.5136986301369864,1.7200507519478803,0.0,100.0,True,1.0,3.5136986301369864,14.054794520547945,12.809126774053961,26.86392129460191,28.0
821,Titleist Pro V1 High Numbers Personalized Gol,2015-12-17,3.01,3,1,1,3.404,1.945229980931524,3.5136986301369864,1.7200507519478803,0.0,100.0,True,1.0,3.5136986301369864,10.576232876712329,10.416959743563147,20.993192620275476,21.07
821,Titleist Pro V1 High Numbers Personalized Gol,2015-12-20,3.01,3,1,1,3.404,1.945229980931524,3.5136986301369864,1.7200507519478803,0.0,100.0,True,1.0,3.5136986301369864,10.576232876712329,10.416959743563147,20.993192620275476,21.07
821,Titleist Pro V1 High Numbers Personalized Gol,2015-12-21,2.02,2,1,1,3.404,1.945229980931524,3.5136986301369864,1.7200507519478803,0.0,100.0,True,1.0,3.5136986301369864,7.097671232876713,8.28526931447498,15.382940547351694,14.14
821,Titleist Pro V1 High Numbers Personalized Gol,2015-12-22,1.0,1,1,1,3.404,1.945229980931524,3.5136986301369864,1.7200507519478803,0.0,100.0,True,1.0,3.5136986301369864,3.5136986301369864,6.632049205907873,10.14574783604486,7.0
821,Titleist Pro V1 High Numbers Personalized Gol,2015-12-26,4.99,5,1,1,3.404,1.945229980931524,3.5136986301369864,1.7200507519478803,0.0,100.0,True,1.0,3.5136986301369864,17.533356164383562,15.340395133688489,32.87375129807205,34.93
821,Titleist Pro V1 High Numbers Personalized Gol,2015-12-31,1.99,2,1,1,3.404,1.945229980931524,3.5136986301369864,1.7200507519478803,0.0,100.0,True,1.0,3.5136986301369864,6.992260273972603,8.226941631249503,15.219201905222105,13.93
821,Titleist Pro V1 High Numbers Personalized Gol,2016-01-01,0.99,1,1,1,3.404,1.945229980931524,3.5136986301369864,1.7200507519478803,0.0,100.0,True,1.0,3.5136986301369864,3.4785616438356164,6.6200270189180195,10.098588662753636,6.93
821,Titleist Pro V1 High Numbers Personalized Gol,2016-01-03,1.99,2,1,1,3.404,1.945229980931524,3.5136986301369864,1.7200507519478803,0.0,100.0,True,1.0,3.5136986301369864,6.992260273972603,8.226941631249503,15.219201905222105,13.93
821,Titleist Pro V1 High Numbers Personalized Gol,2016-01-07,3.97,4,1,1,3.404,1.945229980931524,3.5136986301369864,1.7200507519478803,0.0,100.0,True,1.0,3.5136986301369864,13.949383561643836,12.734186258265641,26.68356981990948,27.790000000000003
821,Titleist Pro V1 High Numbers Personalized Gol,2016-01-09,4.01,4,1,1,3.404,1.945229980931524,3.5136986301369864,1.7200507519478803,0.0,100.0,True,1.0,3.5136986301369864,14.089931506849315,12.834134464610463,26.924065971459775,28.07
821,Titleist Pro V1 High Numbers Personalized Gol,2016-01-11,5.0,5,1,1,3.404,1.945229980931524,3.5136986301369864,1.7200507519478803,0.0,100.0,True,1.0,3.5136986301369864,17.568493150684933,15.36644135576965,32.93493450645458,35.0
821,Titleist Pro V1 High Numbers Personalized Gol,2016-01-13,3.0,3,1,1,3.404,1.945229980931524,3.5136986301369864,1.7200507519478803,0.0,100.0,True,1.0,3.5136986301369864,10.54109589041096,10.393839093095394,20.934934983506352,21.0
821,Titleist Pro V1 High Numbers Personalized Gol,2016-01-17,1.0,1,1,1,3.404,1.945229980931524,3.5136986301369864,1.7200507519478803,0.0,100.0,True,1.0,3.5136986301369864,3.5136986301369864,6.632049205907873,10.14574783604486,7.0
821,Titleist Pro V1 High Numbers Personalized Gol,2016-01-21,3.0,3,1,1,3.404,1.945229980931524,3.5136986301369864,1.7200507519478803,0.0,100.0,True,1.0,3.5136986301369864,10.54109589041096,10.393839093095394,20.934934983506352,21.0
821,Titleist Pro V1 High Numbers Personalized Gol,2016-01-25,3.0,3,1,1,3.404,1.945229980931524,3.5136986301369864,1.7200507519478803,0.0,100.0,True,1.0,3.5136986301369864,10.54109589041096,10.393839093095394,20.934934983506352,21.0
821,Titleist Pro V1 High Numbers Personalized Gol,2016-01-26,3.01,3,1,1,3.404,1.945229980931524,3.5136986301369864,1.7200507519478803,0.0,100.0,True,1.0,3.5136986301369864,10.576232876712329,10.416959743563147,20.993192620275476,21.07
822,Titleist Pro V1x High Numbers Golf Balls,2015-11-20,3.04,3,1,0,3.5242290748898677,1.8703754060834645,3.660377358490566,1.5756599895014538,,,False,,,,,,
822,Titleist Pro V1x High Numbers Golf Balls,2015-11-25,4.0,4,1,0,3.5242290748898677,1.8703754060834645,3.660377358490566,1.5756599895014538,,,False,,,,,,
822,Titleist Pro V1x High Numbers Golf Balls,2015-11-26,4.05,4,1,0,3.5242290748898677,1.8703754060834645,3.660377358490566,1.5756599895014538,,,False,,,,,,
822,Titleist Pro V1x High Numbers Golf Balls,2015-12-05,1.0,1,1,0,3.5242290748898677,1.8703754060834645,3.660377358490566,1.5756599895014538,,,False,,,,,,
822,Titleist Pro V1x High Numbers Golf Balls,2015-12-10,4.0,4,1,0,3.5242290748898677,1.8703754060834645,3.660377358490566,1.5756599895014538,,,False,,,,,,
822,Titleist Pro V1x High Numbers Golf Balls,2015-12-11,7.0,7,2,0,3.5242290748898677,1.8703754060834645,3.660377358490566,1.5756599895014538,,,False,,,,,,
822,Titleist Pro V1x High Numbers Golf Balls,2015-12-14,4.99,5,1,0,3.5242290748898677,1.8703754060834645,3.660377358490566,1.5756599895014538,,,False,,,,,,
822,Titleist Pro V1x High Numbers Golf Balls,2015-12-15,1.0,1,1,0,3.5242290748898677,1.8703754060834645,3.660377358490566,1.5756599895014538,,,False,,,,,,
822,Titleist Pro V1x High Numbers Golf Balls,2015-12-16,2.97,3,1,0,3.5242290748898677,1.8703754060834645,3.660377358490566,1.5756599895014538,,,False,,,,,,
822,Titleist Pro V1x High Numbers Golf Balls,2015-12-23,5.02,5,1,0,3.5242290748898677,1.8703754060834645,3.660377358490566,1.5756599895014538,,,False,,,,,,
822,Titleist Pro V1x High Numbers Golf Balls,2015-12-27,4.01,4,1,0,3.5242290748898677,1.8703754060834645,3.660377358490566,1.5756599895014538,,,False,,,,,,
822,Titleist Pro V1x High Numbers Golf Balls,2015-12-30,4.04,4,1,0,3.5242290748898677,1.8703754060834645,3.660377358490566,1.5756599895014538,,,False,,,,,,
822,Titleist Pro V1x High Numbers Golf Balls,2016-01-10,1.0,1,1,0,3.5242290748898677,1.8703754060834645,3.660377358490566,1.5756599895014538,,,False,,,,,,
822,Titleist Pro V1x High Numbers Golf Balls,2016-01-26,9.02,9,2,0,3.5242290748898677,1.8703754060834645,3.660377358490566,1.5756599895014538,,,False,,,,,,
822,Titleist Pro V1x High Numbers Golf Balls,2016-01-28,4.0,4,1,0,3.5242290748898677,1.8703754060834645,3.660377358490566,1.5756599895014538,,,False,,,,,,
822,Titleist Pro V1x High Numbers Golf Balls,2016-01-30,2.99,3,1,0,3.5242290748898677,1.8703754060834645,3.660377358490566,1.5756599895014538,,,False,,,,,,
823,Titleist Pro V1x High Numbers Personalized Go,2015-11-16,3.01,3,1,0,3.574803149606299,2.124651787473363,3.4379084967320264,1.5590247702402455,,,False,,,,,,
823,Titleist Pro V1x High Numbers Personalized Go,2015-11-17,2.03,2,1,0,3.574803149606299,2.124651787473363,3.4379084967320264,1.5590247702402455,,,False,,,,,,
823,Titleist Pro V1x High Numbers Personalized Go,2015-11-21,3.99,4,1,0,3.574803149606299,2.124651787473363,3.4379084967320264,1.5590247702402455,,,False,,,,,,
823,Titleist Pro V1x High Numbers Personalized Go,2015-11-22,3.99,4,1,0,3.574803149606299,2.124651787473363,3.4379084967320264,1.5590247702402455,,,False,,,,,,
823,Titleist Pro V1x High Numbers Personalized Go,2015-11-29,2.0,2,1,0,3.574803149606299,2.124651787473363,3.4379084967320264,1.5590247702402455,,,False,,,,,,
823,Titleist Pro V1x High Numbers Personalized Go,2015-11-30,2.99,3,1,0,3.574803149606299,2.124651787473363,3.4379084967320264,1.5590247702402455,,,False,,,,,,
823,Titleist Pro V1x High Numbers Personalized Go,2015-12-03,8.01,8,2,0,3.574803149606299,2.124651787473363,3.4379084967320264,1.5590247702402455,,,False,,,,,,
823,Titleist Pro V1x High Numbers Personalized Go,2015-12-06,4.0,4,1,0,3.574803149606299,2.124651787473363,3.4379084967320264,1.5590247702402455,,,False,,,,,,
823,Titleist Pro V1x High Numbers Personalized Go,2015-12-09,1.0,1,1,0,3.574803149606299,2.124651787473363,3.4379084967320264,1.5590247702402455,,,False,,,,,,
823,Titleist Pro V1x High Numbers Personalized Go,2015-12-10,2.0,2,1,0,3.574803149606299,2.124651787473363,3.4379084967320264,1.5590247702402455,,,False,,,,,,
823,Titleist Pro V1x High Numbers Personalized Go,2015-12-13,1.0,1,1,0,3.574803149606299,2.124651787473363,3.4379084967320264,1.5590247702402455,,,False,,,,,,
823,Titleist Pro V1x High Numbers Personalized Go,2015-12-18,0.99,1,1,0,3.574803149606299,2.124651787473363,3.4379084967320264,1.5590247702402455,,,False,,,,,,
823,Titleist Pro V1x High Numbers Personalized Go,2015-12-22,0.99,1,1,0,3.574803149606299,2.124651787473363,3.4379084967320264,1.5590247702402455,,,False,,,,,,
823,Titleist Pro V1x High Numbers Personalized Go,2015-12-23,8.0,8,2,0,3.574803149606299,2.124651787473363,3.4379084967320264,1.5590247702402455,,,False,,,,,,
823,Titleist Pro V1x High Numbers Personalized Go,2015-12-24,0.99,1,1,0,3.574803149606299,2.124651787473363,3.4379084967320264,1.5590247702402455,,,False,,,,,,
823,Titleist Pro V1x High Numbers Personalized Go,2015-12-27,1.99,2,1,0,3.574803149606299,2.124651787473363,3.4379084967320264,1.5590247702402455,,,False,,,,,,
823,Titleist Pro V1x High Numbers Personalized Go,2015-12-28,2.0,2,1,0,3.574803149606299,2.124651787473363,3.4379084967320264,1.5590247702402455,,,False,,,,,,
823,Titleist Pro V1x High Numbers Personalized Go,2015-12-29,4.99,5,1,0,3.574803149606299,2.124651787473363,3.4379084967320264,1.5590247702402455,,,False,,,,,,
823,Titleist Pro V1x High Numbers Personalized Go,2016-01-01,6.01,6,2,0,3.574803149606299,2.124651787473363,3.4379084967320264,1.5590247702402455,,,False,,,,,,
823,Titleist Pro V1x High Numbers Personalized Go,2016-01-04,3.01,3,1,0,3.574803149606299,2.124651787473363,3.4379084967320264,1.5590247702402455,,,False,,,,,,
823,Titleist Pro V1x High Numbers Personalized Go,2016-01-05,4.01,4,1,0,3.574803149606299,2.124651787473363,3.4379084967320264,1.5590247702402455,,,False,,,,,,
823,Titleist Pro V1x High Numbers Personalized Go,2016-01-08,1.0,1,1,0,3.574803149606299,2.124651787473363,3.4379084967320264,1.5590247702402455,,,False,,,,,,
823,Titleist Pro V1x High Numbers Personalized Go,2016-01-09,5.01,5,2,0,3.574803149606299,2.124651787473363,3.4379084967320264,1.5590247702402455,,,False,,,,,,
823,Titleist Pro V1x High Numbers Personalized Go,2016-01-13,1.99,2,1,0,3.574803149606299,2.124651787473363,3.4379084967320264,1.5590247702402455,,,False,,,,,,
823,Titleist Pro V1x High Numbers Personalized Go,2016-01-16,4.01,4,1,0,3.574803149606299,2.124651787473363,3.4379084967320264,1.5590247702402455,,,False,,,,,,
823,Titleist Pro V1x High Numbers Personalized Go,2016-01-17,1.0,1,1,0,3.574803149606299,2.124651787473363,3.4379084967320264,1.5590247702402455,,,False,,,,,,
823,Titleist Pro V1x High Numbers Personalized Go,2016-01-23,4.98,5,1,0,3.574803149606299,2.124651787473363,3.4379084967320264,1.5590247702402455,,,False,,,,,,
823,Titleist Pro V1x High Numbers Personalized Go,2016-01-26,0.99,1,1,0,3.574803149606299,2.124651787473363,3.4379084967320264,1.5590247702402455,,,False,,,,,,
823,Titleist Pro V1x High Numbers Personalized Go,2016-01-30,1.0,1,1,0,3.574803149606299,2.124651787473363,3.4379084967320264,1.5590247702402455,,,False,,,,,,
823,Titleist Pro V1x High Numbers Personalized Go,2016-01-31,2.0,2,1,0,3.574803149606299,2.124651787473363,3.4379084967320264,1.5590247702402455,,,False,,,,,,
825,Bridgestone e6 Straight Distance NFL Tennesse,2015-11-18,1.0,1,1,0,3.675799086757991,1.9976841352933736,3.6614785992217898,1.715677524392122,,,False,,,,,,
825,Bridgestone e6 Straight Distance NFL Tennesse,2015-11-19,9.01,9,2,0,3.675799086757991,1.9976841352933736,3.6614785992217898,1.715677524392122,,,False,,,,,,
825,Bridgestone e6 Straight Distance NFL Tennesse,2015-11-21,2.99,3,1,0,3.675799086757991,1.9976841352933736,3.6614785992217898,1.715677524392122,,,False,,,,,,
825,Bridgestone e6 Straight Distance NFL Tennesse,2015-11-23,3.0,3,1,0,3.675799086757991,1.9976841352933736,3.6614785992217898,1.715677524392122,,,False,,,,,,
825,Bridgestone e6 Straight Distance NFL Tennesse,2015-12-01,11.0,11,3,0,3.675799086757991,1.9976841352933736,3.6614785992217898,1.715677524392122,,,False,,,,,,
825,Bridgestone e6 Straight Distance NFL Tennesse,2015-12-03,4.01,4,1,0,3.675799086757991,1.9976841352933736,3.6614785992217898,1.715677524392122,,,False,,,,,,
825,Bridgestone e6 Straight Distance NFL Tennesse,2015-12-05,4.0,4,1,0,3.675799086757991,1.9976841352933736,3.6614785992217898,1.715677524392122,,,False,,,,,,
825,Bridgestone e6 Straight Distance NFL Tennesse,2015-12-08,4.0,4,1,0,3.675799086757991,1.9976841352933736,3.6614785992217898,1.715677524392122,,,False,,,,,,
825,Bridgestone e6 Straight Distance NFL Tennesse,2015-12-10,5.0,5,1,0,3.675799086757991,1.9976841352933736,3.6614785992217898,1.715677524392122,,,False,,,,,,
825,Bridgestone e6 Straight Distance NFL Tennesse,2015-12-11,2.0,2,1,0,3.675799086757991,1.9976841352933736,3.6614785992217898,1.715677524392122,,,False,,,,,,
825,Bridgestone e6 Straight Distance NFL Tennesse,2015-12-18,2.03,2,1,0,3.675799086757991,1.9976841352933736,3.6614785992217898,1.715677524392122,,,False,,,,,,
825,Bridgestone e6 Straight Distance NFL Tennesse,2015-12-21,4.01,4,1,0,3.675799086757991,1.9976841352933736,3.6614785992217898,1.715677524392122,,,False,,,,,,
825,Bridgestone e6 Straight Distance NFL Tennesse,2015-12-28,5.0,5,1,0,3.675799086757991,1.9976841352933736,3.6614785992217898,1.715677524392122,,,False,,,,,,
825,Bridgestone e6 Straight Distance NFL Tennesse,2015-12-29,1.0,1,1,0,3.675799086757991,1.9976841352933736,3.6614785992217898,1.715677524392122,,,False,,,,,,
825,Bridgestone e6 Straight Distance NFL Tennesse,2015-12-30,2.01,2,1,0,3.675799086757991,1.9976841352933736,3.6614785992217898,1.715677524392122,,,False,,,,,,
825,Bridgestone e6 Straight Distance NFL Tennesse,2016-01-01,4.01,4,1,0,3.675799086757991,1.9976841352933736,3.6614785992217898,1.715677524392122,,,False,,,,,,
825,Bridgestone e6 Straight Distance NFL Tennesse,2016-01-02,1.0,1,1,0,3.675799086757991,1.9976841352933736,3.6614785992217898,1.715677524392122,,,False,,,,,,
825,Bridgestone e6 Straight Distance NFL Tennesse,2016-01-05,4.0,4,1,0,3.675799086757991,1.9976841352933736,3.6614785992217898,1.715677524392122,,,False,,,,,,
825,Bridgestone e6 Straight Distance NFL Tennesse,2016-01-11,3.0,3,1,0,3.675799086757991,1.9976841352933736,3.6614785992217898,1.715677524392122,,,False,,,,,,
825,Bridgestone e6 Straight Distance NFL Tennesse,2016-01-12,10.01,10,3,0,3.675799086757991,1.9976841352933736,3.6614785992217898,1.715677524392122,,,False,,,,,,
825,Bridgestone e6 Straight Distance NFL Tennesse,2016-01-19,4.0,4,1,0,3.675799086757991,1.9976841352933736,3.6614785992217898,1.715677524392122,,,False,,,,,,
825,Bridgestone e6 Straight Distance NFL Tennesse,2016-01-26,3.0,3,1,0,3.675799086757991,1.9976841352933736,3.6614785992217898,1.715677524392122,,,False,,,,,,
825,Bridgestone e6 Straight Distance NFL Tennesse,2016-01-30,2.01,2,1,0,3.675799086757991,1.9976841352933736,3.6614785992217898,1.715677524392122,,,False,,,,,,
825,Bridgestone e6 Straight Distance NFL Tennesse,2016-02-01,5.0,5,1,0,3.675799086757991,1.9976841352933736,3.6614785992217898,1.715677524392122,,,False,,,,,,
828,Bridgestone e6 Straight Distance NFL San Dieg,2015-11-21,11.05,11,4,0,3.5669291338582676,2.008246048816379,3.503225806451613,1.658065287920909,,,False,,,,,,
828,Bridgestone e6 Straight Distance NFL San Dieg,2015-11-23,1.0,1,1,0,3.5669291338582676,2.008246048816379,3.503225806451613,1.658065287920909,,,False,,,,,,
828,Bridgestone e6 Straight Distance NFL San Dieg,2015-11-26,1.99,2,1,0,3.5669291338582676,2.008246048816379,3.503225806451613,1.658065287920909,,,False,,,,,,
828,Bridgestone e6 Straight Distance NFL San Dieg,2015-11-27,2.01,2,1,0,3.5669291338582676,2.008246048816379,3.503225806451613,1.658065287920909,,,False,,,,,,
828,Bridgestone e6 Straight Distance NFL San Dieg,2015-11-29,2.0,2,1,0,3.5669291338582676,2.008246048816379,3.503225806451613,1.658065287920909,,,False,,,,,,
828,Bridgestone e6 Straight Distance NFL San Dieg,2015-12-02,5.0,5,3,0,3.5669291338582676,2.008246048816379,3.503225806451613,1.658065287920909,,,False,,,,,,
828,Bridgestone e6 Straight Distance NFL San Dieg,2015-12-05,3.0,3,2,0,3.5669291338582676,2.008246048816379,3.503225806451613,1.658065287920909,,,False,,,,,,
828,Bridgestone e6 Straight Distance NFL San Dieg,2015-12-15,10.02,10,3,0,3.5669291338582676,2.008246048816379,3.503225806451613,1.658065287920909,,,False,,,,,,
828,Bridgestone e6 Straight Distance NFL San Dieg,2015-12-18,5.0,5,1,0,3.5669291338582676,2.008246048816379,3.503225806451613,1.658065287920909,,,False,,,,,,
828,Bridgestone e6 Straight Distance NFL San Dieg,2015-12-23,1.97,2,1,0,3.5669291338582676,2.008246048816379,3.503225806451613,1.658065287920909,,,False,,,,,,
828,Bridgestone e6 Straight Distance NFL San Dieg,2015-12-29,1.99,2,1,0,3.5669291338582676,2.008246048816379,3.503225806451613,1.658065287920909,,,False,,,,,,
828,Bridgestone e6 Straight Distance NFL San Dieg,2015-12-30,2.0,2,1,0,3.5669291338582676,2.008246048816379,3.503225806451613,1.658065287920909,,,False,,,,,,
828,Bridgestone e6 Straight Distance NFL San Dieg,2016-01-01,1.01,1,1,0,3.5669291338582676,2.008246048816379,3.503225806451613,1.658065287920909,,,False,,,,,,
828,Bridgestone e6 Straight Distance NFL San Dieg,2016-01-03,2.99,3,1,0,3.5669291338582676,2.008246048816379,3.503225806451613,1.658065287920909,,,False,,,,,,
828,Bridgestone e6 Straight Distance NFL San Dieg,2016-01-05,1.0,1,1,0,3.5669291338582676,2.008246048816379,3.503225806451613,1.658065287920909,,,False,,,,,,
828,Bridgestone e6 Straight Distance NFL San Dieg,2016-01-08,1.0,1,1,0,3.5669291338582676,2.008246048816379,3.503225806451613,1.658065287920909,,,False,,,,,,
828,Bridgestone e6 Straight Distance NFL San Dieg,2016-01-09,4.0,4,1,0,3.5669291338582676,2.008246048816379,3.503225806451613,1.658065287920909,,,False,,,,,,
828,Bridgestone e6 Straight Distance NFL San Dieg,2016-01-10,3.01,3,1,0,3.5669291338582676,2.008246048816379,3.503225806451613,1.658065287920909,,,False,,,,,,
828,Bridgestone e6 Straight Distance NFL San Dieg,2016-01-13,2.99,3,1,0,3.5669291338582676,2.008246048816379,3.503225806451613,1.658065287920909,,,False,,,,,,
828,Bridgestone e6 Straight Distance NFL San Dieg,2016-01-16,3.0,3,1,0,3.5669291338582676,2.008246048816379,3.503225806451613,1.658065287920909,,,False,,,,,,
828,Bridgestone e6 Straight Distance NFL San Dieg,2016-01-18,4.01,4,1,0,3.5669291338582676,2.008246048816379,3.503225806451613,1.658065287920909,,,False,,,,,,
828,Bridgestone e6 Straight Distance NFL San Dieg,2016-01-20,7.01,7,2,0,3.5669291338582676,2.008246048816379,3.503225806451613,1.658065287920909,,,False,,,,,,
828,Bridgestone e6 Straight Distance NFL San Dieg,2016-01-21,4.01,4,1,0,3.5669291338582676,2.008246048816379,3.503225806451613,1.658065287920909,,,False,,,,,,
828,Bridgestone e6 Straight Distance NFL San Dieg,2016-01-22,4.0,4,1,0,3.5669291338582676,2.008246048816379,3.503225806451613,1.658065287920909,,,False,,,,,,
828,Bridgestone e6 Straight Distance NFL San Dieg,2016-01-24,4.01,4,1,0,3.5669291338582676,2.008246048816379,3.503225806451613,1.658065287920909,,,False,,,,,,
828,Bridgestone e6 Straight Distance NFL San Dieg,2016-01-25,3.0,3,1,0,3.5669291338582676,2.008246048816379,3.503225806451613,1.658065287920909,,,False,,,,,,
828,Bridgestone e6 Straight Distance NFL San Dieg,2016-01-28,6.0,6,2,0,3.5669291338582676,2.008246048816379,3.503225806451613,1.658065287920909,,,False,,,,,,
828,Bridgestone e6 Straight Distance NFL San Dieg,2016-01-29,3.01,3,1,0,3.5669291338582676,2.008246048816379,3.503225806451613,1.658065287920909,,,False,,,,,,
828,Bridgestone e6 Straight Distance NFL San Dieg,2016-01-31,3.99,4,1,0,3.5669291338582676,2.008246048816379,3.503225806451613,1.658065287920909,,,False,,,,,,
835,Bridgestone e6 Straight Distance NFL Carolina,2015-11-17,5.0,5,1,0,3.583011583011583,2.137669936093799,3.6103896103896105,1.5517634743357585,,,False,,,,,,
835,Bridgestone e6 Straight Distance NFL Carolina,2015-11-26,5.0,5,1,0,3.583011583011583,2.137669936093799,3.6103896103896105,1.5517634743357585,,,False,,,,,,
835,Bridgestone e6 Straight Distance NFL Carolina,2015-11-30,3.0,3,1,0,3.583011583011583,2.137669936093799,3.6103896103896105,1.5517634743357585,,,False,,,,,,
835,Bridgestone e6 Straight Distance NFL Carolina,2015-12-01,5.01,5,2,0,3.583011583011583,2.137669936093799,3.6103896103896105,1.5517634743357585,,,False,,,,,,
835,Bridgestone e6 Straight Distance NFL Carolina,2015-12-03,3.0,3,1,0,3.583011583011583,2.137669936093799,3.6103896103896105,1.5517634743357585,,,False,,,,,,
835,Bridgestone e6 Straight Distance NFL Carolina,2015-12-05,2.99,3,1,0,3.583011583011583,2.137669936093799,3.6103896103896105,1.5517634743357585,,,False,,,,,,
835,Bridgestone e6 Straight Distance NFL Carolina,2015-12-11,2.0,2,1,0,3.583011583011583,2.137669936093799,3.6103896103896105,1.5517634743357585,,,False,,,,,,
835,Bridgestone e6 Straight Distance NFL Carolina,2015-12-14,5.0,5,1,0,3.583011583011583,2.137669936093799,3.6103896103896105,1.5517634743357585,,,False,,,,,,
835,Bridgestone e6 Straight Distance NFL Carolina,2015-12-16,3.0,3,1,0,3.583011583011583,2.137669936093799,3.6103896103896105,1.5517634743357585,,,False,,,,,,
835,Bridgestone e6 Straight Distance NFL Carolina,2015-12-17,5.01,5,1,0,3.583011583011583,2.137669936093799,3.6103896103896105,1.5517634743357585,,,False,,,,,,
835,Bridgestone e6 Straight Distance NFL Carolina,2015-12-19,4.0,4,2,0,3.583011583011583,2.137669936093799,3.6103896103896105,1.5517634743357585,,,False,,,,,,
835,Bridgestone e6 Straight Distance NFL Carolina,2015-12-22,2.98,3,1,0,3.583011583011583,2.137669936093799,3.6103896103896105,1.5517634743357585,,,False,,,,,,
835,Bridgestone e6 Straight Distance NFL Carolina,2015-12-24,1.0,1,1,0,3.583011583011583,2.137669936093799,3.6103896103896105,1.5517634743357585,,,False,,,,,,
835,Bridgestone e6 Straight Distance NFL Carolina,2015-12-30,1.0,1,1,0,3.583011583011583,2.137669936093799,3.6103896103896105,1.5517634743357585,,,False,,,,,,
835,Bridgestone e6 Straight Distance NFL Carolina,2016-01-02,4.0,4,1,0,3.583011583011583,2.137669936093799,3.6103896103896105,1.5517634743357585,,,False,,,,,,
835,Bridgestone e6 Straight Distance NFL Carolina,2016-01-11,1.0,1,1,0,3.583011583011583,2.137669936093799,3.6103896103896105,1.5517634743357585,,,False,,,,,,
835,Bridgestone e6 Straight Distance NFL Carolina,2016-01-18,4.99,5,1,0,3.583011583011583,2.137669936093799,3.6103896103896105,1.5517634743357585,,,False,,,,,,
835,Bridgestone e6 Straight Distance NFL Carolina,2016-01-20,1.0,1,1,0,3.583011583011583,2.137669936093799,3.6103896103896105,1.5517634743357585,,,False,,,,,,
835,Bridgestone e6 Straight Distance NFL Carolina,2016-01-26,1.0,1,1,0,3.583011583011583,2.137669936093799,3.6103896103896105,1.5517634743357585,,,False,,,,,,
835,Bridgestone e6 Straight Distance NFL Carolina,2016-01-28,5.0,5,1,0,3.583011583011583,2.137669936093799,3.6103896103896105,1.5517634743357585,,,False,,,,,,
885,Team Golf St. Louis Cardinals Putter Grip,2015-11-15,2.99,3,1,0,3.756862745098039,2.0838009356353204,3.584664536741214,1.6092743923259394,,,False,,,,,,
885,Team Golf St. Louis Cardinals Putter Grip,2015-11-19,4.0,4,1,0,3.756862745098039,2.0838009356353204,3.584664536741214,1.6092743923259394,,,False,,,,,,
885,Team Golf St. Louis Cardinals Putter Grip,2015-11-20,1.0,1,1,0,3.756862745098039,2.0838009356353204,3.584664536741214,1.6092743923259394,,,False,,,,,,
885,Team Golf St. Louis Cardinals Putter Grip,2015-11-24,2.0,2,1,0,3.756862745098039,2.0838009356353204,3.584664536741214,1.6092743923259394,,,False,,,,,,
885,Team Golf St. Louis Cardinals Putter Grip,2015-11-25,4.01,4,1,0,3.756862745098039,2.0838009356353204,3.584664536741214,1.6092743923259394,,,False,,,,,,
885,Team Golf St. Louis Cardinals Putter Grip,2015-11-27,2.02,2,1,0,3.756862745098039,2.0838009356353204,3.584664536741214,1.6092743923259394,,,False,,,,,,
885,Team Golf St. Louis Cardinals Putter Grip,2015-11-29,3.99,4,1,0,3.756862745098039,2.0838009356353204,3.584664536741214,1.6092743923259394,,,False,,,,,,
885,Team Golf St. Louis Cardinals Putter Grip,2015-12-02,3.0,3,1,0,3.756862745098039,2.0838009356353204,3.584664536741214,1.6092743923259394,,,False,,,,,,
885,Team Golf St. Louis Cardinals Putter Grip,2015-12-03,3.99,4,1,0,3.756862745098039,2.0838009356353204,3.584664536741214,1.6092743923259394,,,False,,,,,,
885,Team Golf St. Louis Cardinals Putter Grip,2015-12-10,1.01,1,1,0,3.756862745098039,2.0838009356353204,3.584664536741214,1.6092743923259394,,,False,,,,,,
885,Team Golf St. Louis Cardinals Putter Grip,2015-12-16,1.0,1,1,0,3.756862745098039,2.0838009356353204,3.584664536741214,1.6092743923259394,,,False,,,,,,
885,Team Golf St. Louis Cardinals Putter Grip,2015-12-19,4.01,4,1,0,3.756862745098039,2.0838009356353204,3.584664536741214,1.6092743923259394,,,False,,,,,,
885,Team Golf St. Louis Cardinals Putter Grip,2015-12-21,6.01,6,2,0,3.756862745098039,2.0838009356353204,3.584664536741214,1.6092743923259394,,,False,,,,,,
885,Team Golf St. Louis Cardinals Putter Grip,2015-12-23,2.0,2,1,0,3.756862745098039,2.0838009356353204,3.584664536741214,1.6092743923259394,,,False,,,,,,
885,Team Golf St. Louis Cardinals Putter Grip,2015-12-26,8.01,8,3,0,3.756862745098039,2.0838009356353204,3.584664536741214,1.6092743923259394,,,False,,,,,,
885,Team Golf St. Louis Cardinals Putter Grip,2015-12-28,3.01,3,1,0,3.756862745098039,2.0838009356353204,3.584664536741214,1.6092743923259394,,,False,,,,,,
885,Team Golf St. Louis Cardinals Putter Grip,2015-12-29,10.0,10,2,0,3.756862745098039,2.0838009356353204,3.584664536741214,1.6092743923259394,,,False,,,,,,
885,Team Golf St. Louis Cardinals Putter Grip,2016-01-01,4.0,4,1,0,3.756862745098039,2.0838009356353204,3.584664536741214,1.6092743923259394,,,False,,,,,,
885,Team Golf St. Louis Cardinals Putter Grip,2016-01-02,5.0,5,2,0,3.756862745098039,2.0838009356353204,3.584664536741214,1.6092743923259394,,,False,,,,,,
885,Team Golf St. Louis Cardinals Putter Grip,2016-01-04,1.05,1,1,0,3.756862745098039,2.0838009356353204,3.584664536741214,1.6092743923259394,,,False,,,,,,
885,Team Golf St. Louis Cardinals Putter Grip,2016-01-08,5.0,5,1,0,3.756862745098039,2.0838009356353204,3.584664536741214,1.6092743923259394,,,False,,,,,,
885,Team Golf St. Louis Cardinals Putter Grip,2016-01-10,1.04,1,1,0,3.756862745098039,2.0838009356353204,3.584664536741214,1.6092743923259394,,,False,,,,,,
885,Team Golf St. Louis Cardinals Putter Grip,2016-01-14,5.01,5,2,0,3.756862745098039,2.0838009356353204,3.584664536741214,1.6092743923259394,,,False,,,,,,
885,Team Golf St. Louis Cardinals Putter Grip,2016-01-16,0.99,1,1,0,3.756862745098039,2.0838009356353204,3.584664536741214,1.6092743923259394,,,False,,,,,,
885,Team Golf St. Louis Cardinals Putter Grip,2016-01-21,3.99,4,1,0,3.756862745098039,2.0838009356353204,3.584664536741214,1.6092743923259394,,,False,,,,,,
885,Team Golf St. Louis Cardinals Putter Grip,2016-01-26,6.0,6,2,0,3.756862745098039,2.0838009356353204,3.584664536741214,1.6092743923259394,,,False,,,,,,
885,Team Golf St. Louis Cardinals Putter Grip,2016-01-28,4.0,4,1,0,3.756862745098039,2.0838009356353204,3.584664536741214,1.6092743923259394,,,False,,,,,,
886,Team Golf San Francisco Giants Putter Grip,2015-11-19,2.99,3,1,0,3.5843621399176953,2.1076607378010648,3.4760273972602738,1.663053325515445,,,False,,,,,,
886,Team Golf San Francisco Giants Putter Grip,2015-11-20,5.0,5,2,0,3.5843621399176953,2.1076607378010648,3.4760273972602738,1.663053325515445,,,False,,,,,,
886,Team Golf San Francisco Giants Putter Grip,2015-11-22,2.99,3,1,0,3.5843621399176953,2.1076607378010648,3.4760273972602738,1.663053325515445,,,False,,,,,,
886,Team Golf San Francisco Giants Putter Grip,2015-11-25,2.0,2,1,0,3.5843621399176953,2.1076607378010648,3.4760273972602738,1.663053325515445,,,False,,,,,,
886,Team Golf San Francisco Giants Putter Grip,2015-11-26,8.01,8,2,0,3.5843621399176953,2.1076607378010648,3.4760273972602738,1.663053325515445,,,False,,,,,,
886,Team Golf San Francisco Giants Putter Grip,2015-11-27,1.0,1,1,0,3.5843621399176953,2.1076607378010648,3.4760273972602738,1.663053325515445,,,False,,,,,,
886,Team Golf San Francisco Giants Putter Grip,2015-11-28,2.0,2,1,0,3.5843621399176953,2.1076607378010648,3.4760273972602738,1.663053325515445,,,False,,,,,,
886,Team Golf San Francisco Giants Putter Grip,2015-11-29,12.01,12,3,0,3.5843621399176953,2.1076607378010648,3.4760273972602738,1.663053325515445,,,False,,,,,,
886,Team Golf San Francisco Giants Putter Grip,2015-12-02,4.01,4,1,0,3.5843621399176953,2.1076607378010648,3.4760273972602738,1.663053325515445,,,False,,,,,,
886,Team Golf San Francisco Giants Putter Grip,2015-12-09,3.0,3,1,0,3.5843621399176953,2.1076607378010648,3.4760273972602738,1.663053325515445,,,False,,,,,,
886,Team Golf San Francisco Giants Putter Grip,2015-12-16,4.01,4,1,0,3.5843621399176953,2.1076607378010648,3.4760273972602738,1.663053325515445,,,False,,,,,,
886,Team Golf San Francisco Giants Putter Grip,2015-12-20,8.01,8,2,0,3.5843621399176953,2.1076607378010648,3.4760273972602738,1.663053325515445,,,False,,,,,,
886,Team Golf San Francisco Giants Putter Grip,2015-12-27,5.0,5,1,0,3.5843621399176953,2.1076607378010648,3.4760273972602738,1.663053325515445,,,False,,,,,,
886,Team Golf San Francisco Giants Putter Grip,2015-12-31,5.02,5,2,0,3.5843621399176953,2.1076607378010648,3.4760273972602738,1.663053325515445,,,False,,,,,,
886,Team Golf San Francisco Giants Putter Grip,2016-01-10,10.99,11,3,0,3.5843621399176953,2.1076607378010648,3.4760273972602738,1.663053325515445,,,False,,,,,,
886,Team Golf San Francisco Giants Putter Grip,2016-01-12,3.99,4,1,0,3.5843621399176953,2.1076607378010648,3.4760273972602738,1.663053325515445,,,False,,,,,,
886,Team Golf San Francisco Giants Putter Grip,2016-01-15,4.0,4,1,0,3.5843621399176953,2.1076607378010648,3.4760273972602738,1.663053325515445,,,False,,,,,,
886,Team Golf San Francisco Giants Putter Grip,2016-01-17,2.0,2,1,0,3.5843621399176953,2.1076607378010648,3.4760273972602738,1.663053325515445,,,False,,,,,,
886,Team Golf San Francisco Giants Putter Grip,2016-01-18,5.99,6,2,0,3.5843621399176953,2.1076607378010648,3.4760273972602738,1.663053325515445,,,False,,,,,,
886,Team Golf San Francisco Giants Putter Grip,2016-01-19,1.0,1,1,0,3.5843621399176953,2.1076607378010648,3.4760273972602738,1.663053325515445,,,False,,,,,,
886,Team Golf San Francisco Giants Putter Grip,2016-01-22,6.03,6,2,0,3.5843621399176953,2.1076607378010648,3.4760273972602738,1.663053325515445,,,False,,,,,,
886,Team Golf San Francisco Giants Putter Grip,2016-01-25,1.0,1,1,0,3.5843621399176953,2.1076607378010648,3.4760273972602738,1.663053325515445,,,False,,,,,,
886,Team Golf San Francisco Giants Putter Grip,2016-01-28,3.0,3,1,0,3.5843621399176953,2.1076607378010648,3.4760273972602738,1.663053325515445,,,False,,,,,,
886,Team Golf San Francisco Giants Putter Grip,2016-01-30,2.0,2,1,0,3.5843621399176953,2.1076607378010648,3.4760273972602738,1.663053325515445,,,False,,,,,,
893,Team Golf Pittsburgh Steelers Putter Grip,2015-11-16,1.01,1,1,0,3.591093117408907,1.977207940319222,3.477966101694915,1.583940212724727,,,False,,,,,,
893,Team Golf Pittsburgh Steelers Putter Grip,2015-11-20,1.0,1,1,0,3.591093117408907,1.977207940319222,3.477966101694915,1.583940212724727,,,False,,,,,,
893,Team Golf Pittsburgh Steelers Putter Grip,2015-11-21,1.0,1,1,0,3.591093117408907,1.977207940319222,3.477966101694915,1.583940212724727,,,False,,,,,,
893,Team Golf Pittsburgh Steelers Putter Grip,2015-11-26,3.0,3,1,0,3.591093117408907,1.977207940319222,3.477966101694915,1.583940212724727,,,False,,,,,,
893,Team Golf Pittsburgh Steelers Putter Grip,2015-11-28,2.0,2,1,0,3.591093117408907,1.977207940319222,3.477966101694915,1.583940212724727,,,False,,,,,,
893,Team Golf Pittsburgh Steelers Putter Grip,2015-11-29,2.99,3,1,0,3.591093117408907,1.977207940319222,3.477966101694915,1.583940212724727,,,False,,,,,,
893,Team Golf Pittsburgh Steelers Putter Grip,2015-12-09,2.0,2,1,0,3.591093117408907,1.977207940319222,3.477966101694915,1.583940212724727,,,False,,,,,,
893,Team Golf Pittsburgh Steelers Putter Grip,2015-12-16,5.99,6,2,0,3.591093117408907,1.977207940319222,3.477966101694915,1.583940212724727,,,False,,,,,,
893,Team Golf Pittsburgh Steelers Putter Grip,2015-12-17,4.0,4,1,0,3.591093117408907,1.977207940319222,3.477966101694915,1.583940212724727,,,False,,,,,,
893,Team Golf Pittsburgh Steelers Putter Grip,2015-12-20,4.0,4,1,0,3.591093117408907,1.977207940319222,3.477966101694915,1.583940212724727,,,False,,,,,,
893,Team Golf Pittsburgh Steelers Putter Grip,2015-12-21,5.0,5,1,0,3.591093117408907,1.977207940319222,3.477966101694915,1.583940212724727,,,False,,,,,,
893,Team Golf Pittsburgh Steelers Putter Grip,2015-12-28,3.0,3,1,0,3.591093117408907,1.977207940319222,3.477966101694915,1.583940212724727,,,False,,,,,,
893,Team Golf Pittsburgh Steelers Putter Grip,2016-01-07,1.07,1,1,0,3.591093117408907,1.977207940319222,3.477966101694915,1.583940212724727,,,False,,,,,,
893,Team Golf Pittsburgh Steelers Putter Grip,2016-01-10,6.0600000000000005,6,2,0,3.591093117408907,1.977207940319222,3.477966101694915,1.583940212724727,,,False,,,,,,
893,Team Golf Pittsburgh Steelers Putter Grip,2016-01-12,2.0,2,1,0,3.591093117408907,1.977207940319222,3.477966101694915,1.583940212724727,,,False,,,,,,
893,Team Golf Pittsburgh Steelers Putter Grip,2016-01-28,5.0,5,1,0,3.591093117408907,1.977207940319222,3.477966101694915,1.583940212724727,,,False,,,,,,
893,Team Golf Pittsburgh Steelers Putter Grip,2016-01-29,3.0,3,1,0,3.591093117408907,1.977207940319222,3.477966101694915,1.583940212724727,,,False,,,,,,
897,Team Golf New England Patriots Putter Grip,2015-11-16,5.0,5,2,0,3.4149377593360994,1.9648009060148117,3.498220640569395,1.6193573574550726,,,False,,,,,,
897,Team Golf New England Patriots Putter Grip,2015-11-20,0.99,1,1,0,3.4149377593360994,1.9648009060148117,3.498220640569395,1.6193573574550726,,,False,,,,,,
897,Team Golf New England Patriots Putter Grip,2015-11-23,1.01,1,1,0,3.4149377593360994,1.9648009060148117,3.498220640569395,1.6193573574550726,,,False,,,,,,
897,Team Golf New England Patriots Putter Grip,2015-11-26,1.0,1,1,0,3.4149377593360994,1.9648009060148117,3.498220640569395,1.6193573574550726,,,False,,,,,,
897,Team Golf New England Patriots Putter Grip,2015-11-29,1.99,2,1,0,3.4149377593360994,1.9648009060148117,3.498220640569395,1.6193573574550726,,,False,,,,,,
897,Team Golf New England Patriots Putter Grip,2015-12-06,3.0,3,2,0,3.4149377593360994,1.9648009060148117,3.498220640569395,1.6193573574550726,,,False,,,,,,
897,Team Golf New England Patriots Putter Grip,2015-12-22,4.0,4,1,0,3.4149377593360994,1.9648009060148117,3.498220640569395,1.6193573574550726,,,False,,,,,,
897,Team Golf New England Patriots Putter Grip,2015-12-24,1.0,1,1,0,3.4149377593360994,1.9648009060148117,3.498220640569395,1.6193573574550726,,,False,,,,,,
897,Team Golf New England Patriots Putter Grip,2015-12-25,3.0,3,1,0,3.4149377593360994,1.9648009060148117,3.498220640569395,1.6193573574550726,,,False,,,,,,
897,Team Golf New England Patriots Putter Grip,2015-12-30,2.0,2,1,0,3.4149377593360994,1.9648009060148117,3.498220640569395,1.6193573574550726,,,False,,,,,,
897,Team Golf New England Patriots Putter Grip,2016-01-01,6.0,6,2,0,3.4149377593360994,1.9648009060148117,3.498220640569395,1.6193573574550726,,,False,,,,,,
897,Team Golf New England Patriots Putter Grip,2016-01-03,4.0,4,1,0,3.4149377593360994,1.9648009060148117,3.498220640569395,1.6193573574550726,,,False,,,,,,
897,Team Golf New England Patriots Putter Grip,2016-01-04,1.05,1,1,0,3.4149377593360994,1.9648009060148117,3.498220640569395,1.6193573574550726,,,False,,,,,,
897,Team Golf New England Patriots Putter Grip,2016-01-05,4.0,4,1,0,3.4149377593360994,1.9648009060148117,3.498220640569395,1.6193573574550726,,,False,,,,,,
897,Team Golf New England Patriots Putter Grip,2016-01-07,8.0,8,2,0,3.4149377593360994,1.9648009060148117,3.498220640569395,1.6193573574550726,,,False,,,,,,
897,Team Golf New England Patriots Putter Grip,2016-01-11,1.0,1,1,0,3.4149377593360994,1.9648009060148117,3.498220640569395,1.6193573574550726,,,False,,,,,,
897,Team Golf New England Patriots Putter Grip,2016-01-13,5.0,5,1,0,3.4149377593360994,1.9648009060148117,3.498220640569395,1.6193573574550726,,,False,,,,,,
897,Team Golf New England Patriots Putter Grip,2016-01-22,4.01,4,1,0,3.4149377593360994,1.9648009060148117,3.498220640569395,1.6193573574550726,,,False,,,,,,
897,Team Golf New England Patriots Putter Grip,2016-01-25,1.0,1,1,0,3.4149377593360994,1.9648009060148117,3.498220640569395,1.6193573574550726,,,False,,,,,,
897,Team Golf New England Patriots Putter Grip,2016-01-28,5.0,5,1,0,3.4149377593360994,1.9648009060148117,3.498220640569395,1.6193573574550726,,,False,,,,,,
905,Team Golf Texas Longhorns Putter Grip,2015-11-16,3.01,3,1,0,3.390151515151515,1.911357284489501,3.448160535117057,1.6425002306541823,,,False,,,,,,
905,Team Golf Texas Longhorns Putter Grip,2015-11-18,1.0,1,1,0,3.390151515151515,1.911357284489501,3.448160535117057,1.6425002306541823,,,False,,,,,,
905,Team Golf Texas Longhorns Putter Grip,2015-11-19,3.0,3,1,0,3.390151515151515,1.911357284489501,3.448160535117057,1.6425002306541823,,,False,,,,,,
905,Team Golf Texas Longhorns Putter Grip,2015-11-25,3.0,3,1,0,3.390151515151515,1.911357284489501,3.448160535117057,1.6425002306541823,,,False,,,,,,
905,Team Golf Texas Longhorns Putter Grip,2015-11-27,2.0,2,1,0,3.390151515151515,1.911357284489501,3.448160535117057,1.6425002306541823,,,False,,,,,,
905,Team Golf Texas Longhorns Putter Grip,2015-11-29,2.0,2,1,0,3.390151515151515,1.911357284489501,3.448160535117057,1.6425002306541823,,,False,,,,,,
905,Team Golf Texas Longhorns Putter Grip,2015-11-30,2.0,2,2,0,3.390151515151515,1.911357284489501,3.448160535117057,1.6425002306541823,,,False,,,,,,
905,Team Golf Texas Longhorns Putter Grip,2015-12-02,3.0,3,1,0,3.390151515151515,1.911357284489501,3.448160535117057,1.6425002306541823,,,False,,,,,,
905,Team Golf Texas Longhorns Putter Grip,2015-12-03,3.0,3,1,0,3.390151515151515,1.911357284489501,3.448160535117057,1.6425002306541823,,,False,,,,,,
905,Team Golf Texas Longhorns Putter Grip,2015-12-06,9.02,9,3,0,3.390151515151515,1.911357284489501,3.448160535117057,1.6425002306541823,,,False,,,,,,
905,Team Golf Texas Longhorns Putter Grip,2015-12-09,2.01,2,1,0,3.390151515151515,1.911357284489501,3.448160535117057,1.6425002306541823,,,False,,,,,,
905,Team Golf Texas Longhorns Putter Grip,2015-12-14,4.01,4,1,0,3.390151515151515,1.911357284489501,3.448160535117057,1.6425002306541823,,,False,,,,,,
905,Team Golf Texas Longhorns Putter Grip,2015-12-17,1.0,1,1,0,3.390151515151515,1.911357284489501,3.448160535117057,1.6425002306541823,,,False,,,,,,
905,Team Golf Texas Longhorns Putter Grip,2015-12-20,5.0,5,1,0,3.390151515151515,1.911357284489501,3.448160535117057,1.6425002306541823,,,False,,,,,,
905,Team Golf Texas Longhorns Putter Grip,2015-12-21,5.01,5,2,0,3.390151515151515,1.911357284489501,3.448160535117057,1.6425002306541823,,,False,,,,,,
905,Team Golf Texas Longhorns Putter Grip,2015-12-29,3.01,3,1,0,3.390151515151515,1.911357284489501,3.448160535117057,1.6425002306541823,,,False,,,,,,
905,Team Golf Texas Longhorns Putter Grip,2015-12-31,2.99,3,1,0,3.390151515151515,1.911357284489501,3.448160535117057,1.6425002306541823,,,False,,,,,,
905,Team Golf Texas Longhorns Putter Grip,2016-01-06,1.05,1,1,0,3.390151515151515,1.911357284489501,3.448160535117057,1.6425002306541823,,,False,,,,,,
905,Team Golf Texas Longhorns Putter Grip,2016-01-07,3.0,3,1,0,3.390151515151515,1.911357284489501,3.448160535117057,1.6425002306541823,,,False,,,,,,
905,Team Golf Texas Longhorns Putter Grip,2016-01-09,5.0,5,1,0,3.390151515151515,1.911357284489501,3.448160535117057,1.6425002306541823,,,False,,,,,,
905,Team Golf Texas Longhorns Putter Grip,2016-01-11,2.0,2,2,0,3.390151515151515,1.911357284489501,3.448160535117057,1.6425002306541823,,,False,,,,,,
905,Team Golf Texas Longhorns Putter Grip,2016-01-12,1.0,1,1,0,3.390151515151515,1.911357284489501,3.448160535117057,1.6425002306541823,,,False,,,,,,
905,Team Golf Texas Longhorns Putter Grip,2016-01-14,4.01,4,1,0,3.390151515151515,1.911357284489501,3.448160535117057,1.6425002306541823,,,False,,,,,,
905,Team Golf Texas Longhorns Putter Grip,2016-01-15,5.0,5,1,0,3.390151515151515,1.911357284489501,3.448160535117057,1.6425002306541823,,,False,,,,,,
905,Team Golf Texas Longhorns Putter Grip,2016-01-18,4.0,4,1,0,3.390151515151515,1.911357284489501,3.448160535117057,1.6425002306541823,,,False,,,,,,
905,Team Golf Texas Longhorns Putter Grip,2016-01-26,2.01,2,1,0,3.390151515151515,1.911357284489501,3.448160535117057,1.6425002306541823,,,False,,,,,,
905,Team Golf Texas Longhorns Putter Grip,2016-01-27,3.0,3,1,0,3.390151515151515,1.911357284489501,3.448160535117057,1.6425002306541823,,,False,,,,,,
906,Team Golf Tennessee Volunteers Putter Grip,2015-11-17,5.0,5,1,0,3.6023622047244093,2.012646363889034,3.5,1.5932550136313826,,,False,,,,,,
906,Team Golf Tennessee Volunteers Putter Grip,2015-11-22,5.0,5,1,0,3.6023622047244093,2.012646363889034,3.5,1.5932550136313826,,,False,,,,,,
906,Team Golf Tennessee Volunteers Putter Grip,2015-11-30,1.0,1,1,0,3.6023622047244093,2.012646363889034,3.5,1.5932550136313826,,,False,,,,,,
906,Team Golf Tennessee Volunteers Putter Grip,2015-12-03,5.0,5,1,0,3.6023622047244093,2.012646363889034,3.5,1.5932550136313826,,,False,,,,,,
906,Team Golf Tennessee Volunteers Putter Grip,2015-12-07,5.0,5,1,0,3.6023622047244093,2.012646363889034,3.5,1.5932550136313826,,,False,,,,,,
906,Team Golf Tennessee Volunteers Putter Grip,2015-12-08,1.0,1,1,0,3.6023622047244093,2.012646363889034,3.5,1.5932550136313826,,,False,,,,,,
906,Team Golf Tennessee Volunteers Putter Grip,2015-12-11,4.0,4,1,0,3.6023622047244093,2.012646363889034,3.5,1.5932550136313826,,,False,,,,,,
906,Team Golf Tennessee Volunteers Putter Grip,2015-12-15,5.0,5,2,0,3.6023622047244093,2.012646363889034,3.5,1.5932550136313826,,,False,,,,,,
906,Team Golf Tennessee Volunteers Putter Grip,2015-12-16,2.0,2,1,0,3.6023622047244093,2.012646363889034,3.5,1.5932550136313826,,,False,,,,,,
906,Team Golf Tennessee Volunteers Putter Grip,2015-12-19,1.99,2,1,0,3.6023622047244093,2.012646363889034,3.5,1.5932550136313826,,,False,,,,,,
906,Team Golf Tennessee Volunteers Putter Grip,2015-12-26,5.0,5,1,0,3.6023622047244093,2.012646363889034,3.5,1.5932550136313826,,,False,,,,,,
906,Team Golf Tennessee Volunteers Putter Grip,2015-12-27,9.99,10,2,0,3.6023622047244093,2.012646363889034,3.5,1.5932550136313826,,,False,,,,,,
906,Team Golf Tennessee Volunteers Putter Grip,2015-12-29,1.01,1,1,0,3.6023622047244093,2.012646363889034,3.5,1.5932550136313826,,,False,,,,,,
906,Team Golf Tennessee Volunteers Putter Grip,2016-01-05,1.04,1,1,0,3.6023622047244093,2.012646363889034,3.5,1.5932550136313826,,,False,,,,,,
906,Team Golf Tennessee Volunteers Putter Grip,2016-01-09,4.0,4,1,0,3.6023622047244093,2.012646363889034,3.5,1.5932550136313826,,,False,,,,,,
906,Team Golf Tennessee Volunteers Putter Grip,2016-01-16,4.0,4,1,0,3.6023622047244093,2.012646363889034,3.5,1.5932550136313826,,,False,,,,,,
906,Team Golf Tennessee Volunteers Putter Grip,2016-01-19,4.0,4,1,0,3.6023622047244093,2.012646363889034,3.5,1.5932550136313826,,,False,,,,,,
906,Team Golf Tennessee Volunteers Putter Grip,2016-01-21,1.0,1,1,0,3.6023622047244093,2.012646363889034,3.5,1.5932550136313826,,,False,,,,,,
906,Team Golf Tennessee Volunteers Putter Grip,2016-01-25,2.0,2,1,0,3.6023622047244093,2.012646363889034,3.5,1.5932550136313826,,,False,,,,,,
906,Team Golf Tennessee Volunteers Putter Grip,2016-01-29,9.0,9,2,0,3.6023622047244093,2.012646363889034,3.5,1.5932550136313826,,,False,,,,,,
917,Glove It Women's Mod Oval 3-Zip Carry All Gol,2015-11-15,1.0,1,1,0,3.5907335907335907,1.901262086555734,3.5694915254237287,1.6703959200410665,,,False,,,,,,
917,Glove It Women's Mod Oval 3-Zip Carry All Gol,2015-11-17,5.02,5,1,0,3.5907335907335907,1.901262086555734,3.5694915254237287,1.6703959200410665,,,False,,,,,,
917,Glove It Women's Mod Oval 3-Zip Carry All Gol,2015-11-18,4.99,5,1,0,3.5907335907335907,1.901262086555734,3.5694915254237287,1.6703959200410665,,,False,,,,,,
917,Glove It Women's Mod Oval 3-Zip Carry All Gol,2015-11-21,1.02,1,1,0,3.5907335907335907,1.901262086555734,3.5694915254237287,1.6703959200410665,,,False,,,,,,
917,Glove It Women's Mod Oval 3-Zip Carry All Gol,2015-11-23,5.02,5,1,0,3.5907335907335907,1.901262086555734,3.5694915254237287,1.6703959200410665,,,False,,,,,,
917,Glove It Women's Mod Oval 3-Zip Carry All Gol,2015-11-26,9.99,10,3,0,3.5907335907335907,1.901262086555734,3.5694915254237287,1.6703959200410665,,,False,,,,,,
917,Glove It Women's Mod Oval 3-Zip Carry All Gol,2015-11-29,4.01,4,1,0,3.5907335907335907,1.901262086555734,3.5694915254237287,1.6703959200410665,,,False,,,,,,
917,Glove It Women's Mod Oval 3-Zip Carry All Gol,2015-12-07,0.99,1,1,0,3.5907335907335907,1.901262086555734,3.5694915254237287,1.6703959200410665,,,False,,,,,,
917,Glove It Women's Mod Oval 3-Zip Carry All Gol,2015-12-09,0.99,1,1,0,3.5907335907335907,1.901262086555734,3.5694915254237287,1.6703959200410665,,,False,,,,,,
917,Glove It Women's Mod Oval 3-Zip Carry All Gol,2015-12-10,2.0,2,1,0,3.5907335907335907,1.901262086555734,3.5694915254237287,1.6703959200410665,,,False,,,,,,
917,Glove It Women's Mod Oval 3-Zip Carry All Gol,2015-12-12,3.01,3,1,0,3.5907335907335907,1.901262086555734,3.5694915254237287,1.6703959200410665,,,False,,,,,,
917,Glove It Women's Mod Oval 3-Zip Carry All Gol,2015-12-16,3.99,4,2,0,3.5907335907335907,1.901262086555734,3.5694915254237287,1.6703959200410665,,,False,,,,,,
917,Glove It Women's Mod Oval 3-Zip Carry All Gol,2015-12-20,1.0,1,1,0,3.5907335907335907,1.901262086555734,3.5694915254237287,1.6703959200410665,,,False,,,,,,
917,Glove It Women's Mod Oval 3-Zip Carry All Gol,2015-12-21,5.01,5,1,0,3.5907335907335907,1.901262086555734,3.5694915254237287,1.6703959200410665,,,False,,,,,,
917,Glove It Women's Mod Oval 3-Zip Carry All Gol,2016-01-01,1.99,2,1,0,3.5907335907335907,1.901262086555734,3.5694915254237287,1.6703959200410665,,,False,,,,,,
917,Glove It Women's Mod Oval 3-Zip Carry All Gol,2016-01-04,1.03,1,1,0,3.5907335907335907,1.901262086555734,3.5694915254237287,1.6703959200410665,,,False,,,,,,
917,Glove It Women's Mod Oval 3-Zip Carry All Gol,2016-01-05,1.02,1,1,0,3.5907335907335907,1.901262086555734,3.5694915254237287,1.6703959200410665,,,False,,,,,,
917,Glove It Women's Mod Oval 3-Zip Carry All Gol,2016-01-12,3.99,4,1,0,3.5907335907335907,1.901262086555734,3.5694915254237287,1.6703959200410665,,,False,,,,,,
917,Glove It Women's Mod Oval 3-Zip Carry All Gol,2016-01-13,1.01,1,1,0,3.5907335907335907,1.901262086555734,3.5694915254237287,1.6703959200410665,,,False,,,,,,
917,Glove It Women's Mod Oval 3-Zip Carry All Gol,2016-01-14,0.99,1,1,0,3.5907335907335907,1.901262086555734,3.5694915254237287,1.6703959200410665,,,False,,,,,,
917,Glove It Women's Mod Oval 3-Zip Carry All Gol,2016-01-17,3.98,4,1,0,3.5907335907335907,1.901262086555734,3.5694915254237287,1.6703959200410665,,,False,,,,,,
917,Glove It Women's Mod Oval 3-Zip Carry All Gol,2016-01-18,1.0,1,1,0,3.5907335907335907,1.901262086555734,3.5694915254237287,1.6703959200410665,,,False,,,,,,
917,Glove It Women's Mod Oval 3-Zip Carry All Gol,2016-01-20,5.01,5,2,0,3.5907335907335907,1.901262086555734,3.5694915254237287,1.6703959200410665,,,False,,,,,,
917,Glove It Women's Mod Oval 3-Zip Carry All Gol,2016-01-22,4.03,4,1,0,3.5907335907335907,1.901262086555734,3.5694915254237287,1.6703959200410665,,,False,,,,,,
917,Glove It Women's Mod Oval 3-Zip Carry All Gol,2016-01-24,4.04,4,1,0,3.5907335907335907,1.901262086555734,3.5694915254237287,1.6703959200410665,,,False,,,,,,
917,Glove It Women's Mod Oval 3-Zip Carry All Gol,2016-01-26,4.99,5,1,0,3.5907335907335907,1.901262086555734,3.5694915254237287,1.6703959200410665,,,False,,,,,,
917,Glove It Women's Mod Oval 3-Zip Carry All Gol,2016-01-28,3.0,3,1,0,3.5907335907335907,1.901262086555734,3.5694915254237287,1.6703959200410665,,,False,,,,,,
917,Glove It Women's Mod Oval 3-Zip Carry All Gol,2016-01-31,3.0,3,1,0,3.5907335907335907,1.901262086555734,3.5694915254237287,1.6703959200410665,,,False,,,,,,
924,Glove It Urban Brick Golf Towel,2015-11-15,1.0,1,1,0,3.6419753086419755,2.074891067390425,3.6066666666666665,1.6209195402844052,,,False,,,,,,
924,Glove It Urban Brick Golf Towel,2015-11-20,4.01,4,1,0,3.6419753086419755,2.074891067390425,3.6066666666666665,1.6209195402844052,,,False,,,,,,
924,Glove It Urban Brick Golf Towel,2015-11-21,2.02,2,1,0,3.6419753086419755,2.074891067390425,3.6066666666666665,1.6209195402844052,,,False,,,,,,
924,Glove It Urban Brick Golf Towel,2015-11-22,2.98,3,1,0,3.6419753086419755,2.074891067390425,3.6066666666666665,1.6209195402844052,,,False,,,,,,
924,Glove It Urban Brick Golf Towel,2015-11-25,2.97,3,1,0,3.6419753086419755,2.074891067390425,3.6066666666666665,1.6209195402844052,,,False,,,,,,
924,Glove It Urban Brick Golf Towel,2015-11-26,4.01,4,1,0,3.6419753086419755,2.074891067390425,3.6066666666666665,1.6209195402844052,,,False,,,,,,
924,Glove It Urban Brick Golf Towel,2015-12-01,6.98,7,2,0,3.6419753086419755,2.074891067390425,3.6066666666666665,1.6209195402844052,,,False,,,,,,
924,Glove It Urban Brick Golf Towel,2015-12-02,3.0,3,1,0,3.6419753086419755,2.074891067390425,3.6066666666666665,1.6209195402844052,,,False,,,,,,
924,Glove It Urban Brick Golf Towel,2015-12-05,2.99,3,1,0,3.6419753086419755,2.074891067390425,3.6066666666666665,1.6209195402844052,,,False,,,,,,
924,Glove It Urban Brick Golf Towel,2015-12-06,3.99,4,1,0,3.6419753086419755,2.074891067390425,3.6066666666666665,1.6209195402844052,,,False,,,,,,
924,Glove It Urban Brick Golf Towel,2015-12-07,2.99,3,1,0,3.6419753086419755,2.074891067390425,3.6066666666666665,1.6209195402844052,,,False,,,,,,
924,Glove It Urban Brick Golf Towel,2015-12-10,2.01,2,1,0,3.6419753086419755,2.074891067390425,3.6066666666666665,1.6209195402844052,,,False,,,,,,
924,Glove It Urban Brick Golf Towel,2015-12-12,7.039999999999999,7,2,0,3.6419753086419755,2.074891067390425,3.6066666666666665,1.6209195402844052,,,False,,,,,,
924,Glove It Urban Brick Golf Towel,2015-12-16,2.0,2,1,0,3.6419753086419755,2.074891067390425,3.6066666666666665,1.6209195402844052,,,False,,,,,,
924,Glove It Urban Brick Golf Towel,2015-12-19,1.01,1,1,0,3.6419753086419755,2.074891067390425,3.6066666666666665,1.6209195402844052,,,False,,,,,,
924,Glove It Urban Brick Golf Towel,2015-12-20,5.01,5,1,0,3.6419753086419755,2.074891067390425,3.6066666666666665,1.6209195402844052,,,False,,,,,,
924,Glove It Urban Brick Golf Towel,2015-12-21,6.99,7,2,0,3.6419753086419755,2.074891067390425,3.6066666666666665,1.6209195402844052,,,False,,,,,,
924,Glove It Urban Brick Golf Towel,2015-12-22,2.98,3,2,0,3.6419753086419755,2.074891067390425,3.6066666666666665,1.6209195402844052,,,False,,,,,,
924,Glove It Urban Brick Golf Towel,2015-12-25,2.99,3,1,0,3.6419753086419755,2.074891067390425,3.6066666666666665,1.6209195402844052,,,False,,,,,,
924,Glove It Urban Brick Golf Towel,2015-12-29,5.99,6,2,0,3.6419753086419755,2.074891067390425,3.6066666666666665,1.6209195402844052,,,False,,,,,,
924,Glove It Urban Brick Golf Towel,2016-01-09,1.07,1,1,0,3.6419753086419755,2.074891067390425,3.6066666666666665,1.6209195402844052,,,False,,,,,,
924,Glove It Urban Brick Golf Towel,2016-01-12,1.0,1,1,0,3.6419753086419755,2.074891067390425,3.6066666666666665,1.6209195402844052,,,False,,,,,,
924,Glove It Urban Brick Golf Towel,2016-01-23,4.98,5,2,0,3.6419753086419755,2.074891067390425,3.6066666666666665,1.6209195402844052,,,False,,,,,,
924,Glove It Urban Brick Golf Towel,2016-01-24,6.0,6,2,0,3.6419753086419755,2.074891067390425,3.6066666666666665,1.6209195402844052,,,False,,,,,,
924,Glove It Urban Brick Golf Towel,2016-01-25,7.0,7,2,0,3.6419753086419755,2.074891067390425,3.6066666666666665,1.6209195402844052,,,False,,,,,,
924,Glove It Urban Brick Golf Towel,2016-01-29,4.98,5,1,0,3.6419753086419755,2.074891067390425,3.6066666666666665,1.6209195402844052,,,False,,,,,,
924,Glove It Urban Brick Golf Towel,2016-02-01,1.0,1,1,0,3.6419753086419755,2.074891067390425,3.6066666666666665,1.6209195402844052,,,False,,,,,,
926,Glove It Imperial Golf Towel,2015-11-19,4.98,5,2,1,3.72,2.107931093270343,3.4900662251655628,1.6660277610481298,0.9445999999999999,5.54,True,1.9445999999999999,6.786782781456953,33.79817825165563,16.366998060201098,50.165176311856726,67.78875599999999
926,Glove It Imperial Golf Towel,2015-11-21,7.01,7,2,1,3.72,2.107931093270343,3.4900662251655628,1.6660277610481298,0.9445999999999999,5.54,True,1.9445999999999999,6.786782781456953,47.57534729801324,21.229542742621913,68.80489004063516,95.421522
926,Glove It Imperial Golf Towel,2015-11-25,6.029999999999999,6,2,1,3.72,2.107931093270343,3.4900662251655628,1.6660277610481298,0.9445999999999999,5.54,True,1.9445999999999999,6.786782781456953,40.924300172185426,18.833726214755234,59.75802638694066,82.08156599999998
926,Glove It Imperial Golf Towel,2015-11-27,4.01,4,1,1,3.72,2.107931093270343,3.4900662251655628,1.6660277610481298,0.9445999999999999,5.54,True,1.9445999999999999,6.786782781456953,27.21499895364238,14.22605626629199,41.44105521993437,54.584922
926,Glove It Imperial Golf Towel,2015-11-28,2.01,2,1,1,3.72,2.107931093270343,3.4900662251655628,1.6660277610481298,0.9445999999999999,5.54,True,1.9445999999999999,6.786782781456953,13.641433390728475,10.5805740447705,24.222007435498973,27.360521999999996
926,Glove It Imperial Golf Towel,2015-11-30,5.0,5,1,1,3.72,2.107931093270343,3.4900662251655628,1.6660277610481298,0.9445999999999999,5.54,True,1.9445999999999999,6.786782781456953,33.93391390728476,16.412733348217508,50.34664725550227,68.06099999999999
926,Glove It Imperial Golf Towel,2015-12-01,2.99,3,1,1,3.72,2.107931093270343,3.4900662251655628,1.6660277610481298,0.9445999999999999,5.54,True,1.9445999999999999,6.786782781456953,20.292480516556292,12.196406063363229,32.48888657991952,40.700478
926,Glove It Imperial Golf Towel,2015-12-06,1.0,1,1,1,3.72,2.107931093270343,3.4900662251655628,1.6660277610481298,0.9445999999999999,5.54,True,1.9445999999999999,6.786782781456953,6.786782781456953,9.440044192096003,16.226826973552956,13.6122
926,Glove It Imperial Golf Towel,2015-12-12,4.92,5,2,1,3.72,2.107931093270343,3.4900662251655628,1.6660277610481298,0.9445999999999999,5.54,True,1.9445999999999999,6.786782781456953,33.390971284768206,16.23012959922856,49.62110088399677,66.97202399999999
926,Glove It Imperial Golf Towel,2015-12-13,4.93,5,2,1,3.72,2.107931093270343,3.4900662251655628,1.6660277610481298,0.9445999999999999,5.54,True,1.9445999999999999,6.786782781456953,33.45883911258278,16.252905517776917,49.711744630359696,67.10814599999999
926,Glove It Imperial Golf Towel,2015-12-14,1.01,1,1,1,3.72,2.107931093270343,3.4900662251655628,1.6660277610481298,0.9445999999999999,5.54,True,1.9445999999999999,6.786782781456953,6.8546506092715225,9.448037094064814,16.302687703336336,13.748322
926,Glove It Imperial Golf Towel,2015-12-17,5.0,5,1,1,3.72,2.107931093270343,3.4900662251655628,1.6660277610481298,0.9445999999999999,5.54,True,1.9445999999999999,6.786782781456953,33.93391390728476,16.412733348217508,50.34664725550227,68.06099999999999
926,Glove It Imperial Golf Towel,2015-12-18,1.01,1,1,1,3.72,2.107931093270343,3.4900662251655628,1.6660277610481298,0.9445999999999999,5.54,True,1.9445999999999999,6.786782781456953,6.8546506092715225,9.448037094064814,16.302687703336336,13.748322
926,Glove It Imperial Golf Towel,2015-12-22,3.95,4,1,1,3.72,2.107931093270343,3.4900662251655628,1.6660277610481298,0.9445999999999999,5.54,True,1.9445999999999999,6.786782781456953,26.807791986754964,14.099412597610137,40.907204584365104,53.768190000000004
926,Glove It Imperial Golf Towel,2015-12-25,2.01,2,1,1,3.72,2.107931093270343,3.4900662251655628,1.6660277610481298,0.9445999999999999,5.54,True,1.9445999999999999,6.786782781456953,13.641433390728475,10.5805740447705,24.222007435498973,27.360521999999996
926,Glove It Imperial Golf Towel,2015-12-27,2.01,2,1,1,3.72,2.107931093270343,3.4900662251655628,1.6660277610481298,0.9445999999999999,5.54,True,1.9445999999999999,6.786782781456953,13.641433390728475,10.5805740447705,24.222007435498973,27.360521999999996
926,Glove It Imperial Golf Towel,2015-12-31,1.0,1,1,1,3.72,2.107931093270343,3.4900662251655628,1.6660277610481298,0.9445999999999999,5.54,True,1.9445999999999999,6.786782781456953,6.786782781456953,9.440044192096003,16.226826973552956,13.6122
926,Glove It Imperial Golf Towel,2016-01-01,4.0,4,1,1,3.72,2.107931093270343,3.4900662251655628,1.6660277610481298,0.9445999999999999,5.54,True,1.9445999999999999,6.786782781456953,27.147131125827812,14.204895207483192,41.352026333311,54.4488
926,Glove It Imperial Golf Towel,2016-01-08,4.99,5,1,1,3.72,2.107931093270343,3.4900662251655628,1.6660277610481298,0.9445999999999999,5.54,True,1.9445999999999999,6.786782781456953,33.866046079470195,16.3898587435565,50.2559048230267,67.92487799999999
926,Glove It Imperial Golf Towel,2016-01-16,1.0,1,1,1,3.72,2.107931093270343,3.4900662251655628,1.6660277610481298,0.9445999999999999,5.54,True,1.9445999999999999,6.786782781456953,6.786782781456953,9.440044192096003,16.226826973552956,13.6122
926,Glove It Imperial Golf Towel,2016-01-18,1.0,1,1,1,3.72,2.107931093270343,3.4900662251655628,1.6660277610481298,0.9445999999999999,5.54,True,1.9445999999999999,6.786782781456953,6.786782781456953,9.440044192096003,16.226826973552956,13.6122
926,Glove It Imperial Golf Towel,2016-01-22,2.0,2,1,1,3.72,2.107931093270343,3.4900662251655628,1.6660277610481298,0.9445999999999999,5.54,True,1.9445999999999999,6.786782781456953,13.573565562913906,10.566331295681401,24.139896858595307,27.2244
926,Glove It Imperial Golf Towel,2016-01-23,5.98,6,2,1,3.72,2.107931093270343,3.4900662251655628,1.6660277610481298,0.9445999999999999,5.54,True,1.9445999999999999,6.786782781456953,40.584961033112585,18.713602087919032,59.29856312103162,81.400956
926,Glove It Imperial Golf Towel,2016-01-26,2.98,3,1,1,3.72,2.107931093270343,3.4900662251655628,1.6660277610481298,0.9445999999999999,5.54,True,1.9445999999999999,6.786782781456953,20.22461268874172,12.178009513080783,32.4026222018225,40.564356
926,Glove It Imperial Golf Towel,2016-01-27,4.99,5,1,1,3.72,2.107931093270343,3.4900662251655628,1.6660277610481298,0.9445999999999999,5.54,True,1.9445999999999999,6.786782781456953,33.866046079470195,16.3898587435565,50.2559048230267,67.92487799999999
926,Glove It Imperial Golf Towel,2016-01-28,3.98,4,1,1,3.72,2.107931093270343,3.4900662251655628,1.6660277610481298,0.9445999999999999,5.54,True,1.9445999999999999,6.786782781456953,27.01139547019867,14.16263733800545,41.17403280820412,54.176556
926,Glove It Imperial Golf Towel,2016-02-01,1.99,2,1,1,3.72,2.107931093270343,3.4900662251655628,1.6660277610481298,0.9445999999999999,5.54,True,1.9445999999999999,6.786782781456953,13.505697735099336,10.55214050219992,24.057838237299258,27.088278
957,Diamondback Women's Serene Classic Comfort Bi,2015-11-14,2.0,2,2,1,13.659362549800797,3.725568735752626,3.4978853726119294,1.6265149370670224,0.32189999999999996,67.81,True,1.3218999999999999,4.623854674055709,9.247709348111417,14.223369575626096,23.471078923737515,18.5066
957,Diamondback Women's Serene Classic Comfort Bi,2015-11-15,13.0,13,13,1,13.659362549800797,3.725568735752626,3.4978853726119294,1.6265149370670224,0.32189999999999996,67.81,True,1.3218999999999999,4.623854674055709,60.11011076272421,37.195794785941374,97.30590554866558,120.29289999999999
957,Diamondback Women's Serene Classic Comfort Bi,2015-11-16,13.0,13,13,1,13.659362549800797,3.725568735752626,3.4978853726119294,1.6265149370670224,0.32189999999999996,67.81,True,1.3218999999999999,4.623854674055709,60.11011076272421,37.195794785941374,97.30590554866558,120.29289999999999
957,Diamondback Women's Serene Classic Comfort Bi,2015-11-17,13.0,13,13,1,13.659362549800797,3.725568735752626,3.4978853726119294,1.6265149370670224,0.32189999999999996,67.81,True,1.3218999999999999,4.623854674055709,60.11011076272421,37.195794785941374,97.30590554866558,120.29289999999999
957,Diamondback Women's Serene Classic Comfort Bi,2015-11-18,15.0,15,15,1,13.659362549800797,3.725568735752626,3.4978853726119294,1.6265149370670224,0.32189999999999996,67.81,True,1.3218999999999999,4.623854674055709,69.35782011083563,42.24247916132968,111.60029927216532,138.7995
957,Diamondback Women's Serene Classic Comfort Bi,2015-11-19,11.0,11,11,1,13.659362549800797,3.725568735752626,3.4978853726119294,1.6265149370670224,0.32189999999999996,67.81,True,1.3218999999999999,4.623854674055709,50.8624014146128,32.247459861603254,83.10986127621605,101.78629999999998
957,Diamondback Women's Serene Classic Comfort Bi,2015-11-20,13.0,13,13,1,13.659362549800797,3.725568735752626,3.4978853726119294,1.6265149370670224,0.32189999999999996,67.81,True,1.3218999999999999,4.623854674055709,60.11011076272421,37.195794785941374,97.30590554866558,120.29289999999999
957,Diamondback Women's Serene Classic Comfort Bi,2015-11-21,17.0,17,17,1,13.659362549800797,3.725568735752626,3.4978853726119294,1.6265149370670224,0.32189999999999996,67.81,True,1.3218999999999999,4.623854674055709,78.60552945894705,47.356080447374865,125.96160990632191,157.3061
957,Diamondback Women's Serene Classic Comfort Bi,2015-11-22,12.0,12,12,1,13.659362549800797,3.725568735752626,3.4978853726119294,1.6265149370670224,0.32189999999999996,67.81,True,1.3218999999999999,4.623854674055709,55.486256088668505,34.70668497463592,90.19294106330443,111.0396
957,Diamondback Women's Serene Classic Comfort Bi,2015-11-23,18.0,18,18,1,13.659362549800797,3.725568735752626,3.4978853726119294,1.6265149370670224,0.32189999999999996,67.81,True,1.3218999999999999,4.623854674055709,83.22938413300275,49.93156106411237,133.16094519711513,166.55939999999998
957,Diamondback Women's Serene Classic Comfort Bi,2015-11-24,19.0,19,19,1,13.659362549800797,3.725568735752626,3.4978853726119294,1.6265149370670224,0.32189999999999996,67.81,True,1.3218999999999999,4.623854674055709,87.85323880705846,52.517055121993145,140.3702939290516,175.81269999999998
957,Diamondback Women's Serene Classic Comfort Bi,2015-11-25,13.0,13,13,1,13.659362549800797,3.725568735752626,3.4978853726119294,1.6265149370670224,0.32189999999999996,67.81,True,1.3218999999999999,4.623854674055709,60.11011076272421,37.195794785941374,97.30590554866558,120.29289999999999
957,Diamondback Women's Serene Classic Comfort Bi,2015-11-26,18.0,18,18,1,13.659362549800797,3.725568735752626,3.4978853726119294,1.6265149370670224,0.32189999999999996,67.81,True,1.3218999999999999,4.623854674055709,83.22938413300275,49.93156106411237,133.16094519711513,166.55939999999998
957,Diamondback Women's Serene Classic Comfort Bi,2015-11-27,13.0,13,13,1,13.659362549800797,3.725568735752626,3.4978853726119294,1.6265149370670224,0.32189999999999996,67.81,True,1.3218999999999999,4.623854674055709,60.11011076272421,37.195794785941374,97.30590554866558,120.29289999999999
957,Diamondback Women's Serene Classic Comfort Bi,2015-11-28,9.0,9,9,1,13.659362549800797,3.725568735752626,3.4978853726119294,1.6265149370670224,0.32189999999999996,67.81,True,1.3218999999999999,4.623854674055709,41.61469206650138,27.450712176534164,69.06540424303554,83.27969999999999
957,Diamondback Women's Serene Classic Comfort Bi,2015-11-29,15.0,15,15,1,13.659362549800797,3.725568735752626,3.4978853726119294,1.6265149370670224,0.32189999999999996,67.81,True,1.3218999999999999,4.623854674055709,69.35782011083563,42.24247916132968,111.60029927216532,138.7995
957,Diamondback Women's Serene Classic Comfort Bi,2015-11-30,11.0,11,11,1,13.659362549800797,3.725568735752626,3.4978853726119294,1.6265149370670224,0.32189999999999996,67.81,True,1.3218999999999999,4.623854674055709,50.8624014146128,32.247459861603254,83.10986127621605,101.78629999999998
957,Diamondback Women's Serene Classic Comfort Bi,2015-12-01,17.0,17,17,1,13.659362549800797,3.725568735752626,3.4978853726119294,1.6265149370670224,0.32189999999999996,67.81,True,1.3218999999999999,4.623854674055709,78.60552945894705,47.356080447374865,125.96160990632191,157.3061
957,Diamondback Women's Serene Classic Comfort Bi,2015-12-02,6.0,6,6,1,13.659362549800797,3.725568735752626,3.4978853726119294,1.6265149370670224,0.32189999999999996,67.81,True,1.3218999999999999,4.623854674055709,27.743128044334252,20.769927705851067,48.513055750185316,55.5198
957,Diamondback Women's Serene Classic Comfort Bi,2015-12-03,9.0,9,9,1,13.659362549800797,3.725568735752626,3.4978853726119294,1.6265149370670224,0.32189999999999996,67.81,True,1.3218999999999999,4.623854674055709,41.61469206650138,27.450712176534164,69.06540424303554,83.27969999999999
957,Diamondback Women's Serene Classic Comfort Bi,2015-12-04,9.0,9,9,1,13.659362549800797,3.725568735752626,3.4978853726119294,1.6265149370670224,0.32189999999999996,67.81,True,1.3218999999999999,4.623854674055709,41.61469206650138,27.450712176534164,69.06540424303554,83.27969999999999
957,Diamondback Women's Serene Classic Comfort Bi,2015-12-05,12.0,12,12,1,13.659362549800797,3.725568735752626,3.4978853726119294,1.6265149370670224,0.32189999999999996,67.81,True,1.3218999999999999,4.623854674055709,55.486256088668505,34.70668497463592,90.19294106330443,111.0396
957,Diamondback Women's Serene Classic Comfort Bi,2015-12-06,13.0,13,13,1,13.659362549800797,3.725568735752626,3.4978853726119294,1.6265149370670224,0.32189999999999996,67.81,True,1.3218999999999999,4.623854674055709,60.11011076272421,37.195794785941374,97.30590554866558,120.29289999999999
957,Diamondback Women's Serene Classic Comfort Bi,2015-12-07,14.0,14,14,1,13.659362549800797,3.725568735752626,3.4978853726119294,1.6265149370670224,0.32189999999999996,67.81,True,1.3218999999999999,4.623854674055709,64.73396543677993,39.70916986054289,104.44313529732281,129.5462
957,Diamondback Women's Serene Classic Comfort Bi,2015-12-08,11.0,11,11,1,13.659362549800797,3.725568735752626,3.4978853726119294,1.6265149370670224,0.32189999999999996,67.81,True,1.3218999999999999,4.623854674055709,50.8624014146128,32.247459861603254,83.10986127621605,101.78629999999998
957,Diamondback Women's Serene Classic Comfort Bi,2015-12-09,18.0,18,18,1,13.659362549800797,3.725568735752626,3.4978853726119294,1.6265149370670224,0.32189999999999996,67.81,True,1.3218999999999999,4.623854674055709,83.22938413300275,49.93156106411237,133.16094519711513,166.55939999999998
957,Diamondback Women's Serene Classic Comfort Bi,2015-12-10,13.0,13,13,1,13.659362549800797,3.725568735752626,3.4978853726119294,1.6265149370670224,0.32189999999999996,67.81,True,1.3218999999999999,4.623854674055709,60.11011076272421,37.195794785941374,97.30590554866558,120.29289999999999
957,Diamondback Women's Serene Classic Comfort Bi,2015-12-11,13.0,13,13,1,13.659362549800797,3.725568735752626,3.4978853726119294,1.6265149370670224,0.32189999999999996,67.81,True,1.3218999999999999,4.623854674055709,60.11011076272421,37.195794785941374,97.30590554866558,120.29289999999999
957,Diamondback Women's Serene Classic Comfort Bi,2015-12-12,12.0,12,12,1,13.659362549800797,3.725568735752626,3.4978853726119294,1.6265149370670224,0.32189999999999996,67.81,True,1.3218999999999999,4.623854674055709,55.486256088668505,34.70668497463592,90.19294106330443,111.0396
957,Diamondback Women's Serene Classic Comfort Bi,2015-12-13,15.0,15,15,1,13.659362549800797,3.725568735752626,3.4978853726119294,1.6265149370670224,0.32189999999999996,67.81,True,1.3218999999999999,4.623854674055709,69.35782011083563,42.24247916132968,111.60029927216532,138.7995
957,Diamondback Women's Serene Classic Comfort Bi,2015-12-14,17.0,17,17,1,13.659362549800797,3.725568735752626,3.4978853726119294,1.6265149370670224,0.32189999999999996,67.81,True,1.3218999999999999,4.623854674055709,78.60552945894705,47.356080447374865,125.96160990632191,157.3061
957,Diamondback Women's Serene Classic Comfort Bi,2015-12-15,14.0,14,14,1,13.659362549800797,3.725568735752626,3.4978853726119294,1.6265149370670224,0.32189999999999996,67.81,True,1.3218999999999999,4.623854674055709,64.73396543677993,39.70916986054289,104.44313529732281,129.5462
957,Diamondback Women's Serene Classic Comfort Bi,2015-12-16,11.0,11,11,1,13.659362549800797,3.725568735752626,3.4978853726119294,1.6265149370670224,0.32189999999999996,67.81,True,1.3218999999999999,4.623854674055709,50.8624014146128,32.247459861603254,83.10986127621605,101.78629999999998
957,Diamondback Women's Serene Classic Comfort Bi,2015-12-17,11.0,11,11,1,13.659362549800797,3.725568735752626,3.4978853726119294,1.6265149370670224,0.32189999999999996,67.81,True,1.3218999999999999,4.623854674055709,50.8624014146128,32.247459861603254,83.10986127621605,101.78629999999998
957,Diamondback Women's Serene Classic Comfort Bi,2015-12-18,10.0,10,10,1,13.659362549800797,3.725568735752626,3.4978853726119294,1.6265149370670224,0.32189999999999996,67.81,True,1.3218999999999999,4.623854674055709,46.238546740557084,29.825512678731062,76.06405941928814,92.53299999999999
957,Diamondback Women's Serene Classic Comfort Bi,2015-12-19,12.0,12,12,1,13.659362549800797,3.725568735752626,3.4978853726119294,1.6265149370670224,0.32189999999999996,67.81,True,1.3218999999999999,4.623854674055709,55.486256088668505,34.70668497463592,90.19294106330443,111.0396
957,Diamondback Women's Serene Classic Comfort Bi,2015-12-20,9.0,9,9,1,13.659362549800797,3.725568735752626,3.4978853726119294,1.6265149370670224,0.32189999999999996,67.81,True,1.3218999999999999,4.623854674055709,41.61469206650138,27.450712176534164,69.06540424303554,83.27969999999999
957,Diamondback Women's Serene Classic Comfort Bi,2015-12-21,7.0,7,7,1,13.659362549800797,3.725568735752626,3.4978853726119294,1.6265149370670224,0.32189999999999996,67.81,True,1.3218999999999999,4.623854674055709,32.36698271838996,22.90100312600929,55.26798584439925,64.7731
957,Diamondback Women's Serene Classic Comfort Bi,2015-12-22,4.0,4,4,1,13.659362549800797,3.725568735752626,3.4978853726119294,1.6265149370670224,0.32189999999999996,67.81,True,1.3218999999999999,4.623854674055709,18.495418696222835,16.976788937925914,35.472207634148745,37.0132
957,Diamondback Women's Serene Classic Comfort Bi,2015-12-23,14.0,14,14,1,13.659362549800797,3.725568735752626,3.4978853726119294,1.6265149370670224,0.32189999999999996,67.81,True,1.3218999999999999,4.623854674055709,64.73396543677993,39.70916986054289,104.44313529732281,129.5462
957,Diamondback Women's Serene Classic Comfort Bi,2015-12-24,11.0,11,11,1,13.659362549800797,3.725568735752626,3.4978853726119294,1.6265149370670224,0.32189999999999996,67.81,True,1.3218999999999999,4.623854674055709,50.8624014146128,32.247459861603254,83.10986127621605,101.78629999999998
957,Diamondback Women's Serene Classic Comfort Bi,2015-12-25,17.0,17,17,1,13.659362549800797,3.725568735752626,3.4978853726119294,1.6265149370670224,0.32189999999999996,67.81,True,1.3218999999999999,4.623854674055709,78.60552945894705,47.356080447374865,125.96160990632191,157.3061
957,Diamondback Women's Serene Classic Comfort Bi,2015-12-26,11.0,11,11,1,13.659362549800797,3.725568735752626,3.4978853726119294,1.6265149370670224,0.32189999999999996,67.81,True,1.3218999999999999,4.623854674055709,50.8624014146128,32.247459861603254,83.10986127621605,101.78629999999998
957,Diamondback Women's Serene Classic Comfort Bi,2015-12-27,18.0,18,18,1,13.659362549800797,3.725568735752626,3.4978853726119294,1.6265149370670224,0.32189999999999996,67.81,True,1.3218999999999999,4.623854674055709,83.22938413300275,49.93156106411237,133.16094519711513,166.55939999999998
957,Diamondback Women's Serene Classic Comfort Bi,2015-12-28,13.0,13,13,1,13.659362549800797,3.725568735752626,3.4978853726119294,1.6265149370670224,0.32189999999999996,67.81,True,1.3218999999999999,4.623854674055709,60.11011076272421,37.195794785941374,97.30590554866558,120.29289999999999
957,Diamondback Women's Serene Classic Comfort Bi,2015-12-29,15.0,15,15,1,13.659362549800797,3.725568735752626,3.4978853726119294,1.6265149370670224,0.32189999999999996,67.81,True,1.3218999999999999,4.623854674055709,69.35782011083563,42.24247916132968,111.60029927216532,138.7995
957,Diamondback Women's Serene Classic Comfort Bi,2015-12-30,18.0,18,18,1,13.659362549800797,3.725568735752626,3.4978853726119294,1.6265149370670224,0.32189999999999996,67.81,True,1.3218999999999999,4.623854674055709,83.22938413300275,49.93156106411237,133.16094519711513,166.55939999999998
957,Diamondback Women's Serene Classic Comfort Bi,2015-12-31,15.0,15,15,1,13.659362549800797,3.725568735752626,3.4978853726119294,1.6265149370670224,0.32189999999999996,67.81,True,1.3218999999999999,4.623854674055709,69.35782011083563,42.24247916132968,111.60029927216532,138.7995
957,Diamondback Women's Serene Classic Comfort Bi,2016-01-01,18.0,18,18,1,13.659362549800797,3.725568735752626,3.4978853726119294,1.6265149370670224,0.32189999999999996,67.81,True,1.3218999999999999,4.623854674055709,83.22938413300275,49.93156106411237,133.16094519711513,166.55939999999998
957,Diamondback Women's Serene Classic Comfort Bi,2016-01-02,15.0,15,15,1,13.659362549800797,3.725568735752626,3.4978853726119294,1.6265149370670224,0.32189999999999996,67.81,True,1.3218999999999999,4.623854674055709,69.35782011083563,42.24247916132968,111.60029927216532,138.7995
957,Diamondback Women's Serene Classic Comfort Bi,2016-01-03,14.0,14,14,1,13.659362549800797,3.725568735752626,3.4978853726119294,1.6265149370670224,0.32189999999999996,67.81,True,1.3218999999999999,4.623854674055709,64.73396543677993,39.70916986054289,104.44313529732281,129.5462
957,Diamondback Women's Serene Classic Comfort Bi,2016-01-04,12.0,12,12,1,13.659362549800797,3.725568735752626,3.4978853726119294,1.6265149370670224,0.32189999999999996,67.81,True,1.3218999999999999,4.623854674055709,55.486256088668505,34.70668497463592,90.19294106330443,111.0396
957,Diamondback Women's Serene Classic Comfort Bi,2016-01-05,7.0,7,7,1,13.659362549800797,3.725568735752626,3.4978853726119294,1.6265149370670224,0.32189999999999996,67.81,True,1.3218999999999999,4.623854674055709,32.36698271838996,22.90100312600929,55.26798584439925,64.7731
957,Diamondback Women's Serene Classic Comfort Bi,2016-01-06,12.0,12,12,1,13.659362549800797,3.725568735752626,3.4978853726119294,1.6265149370670224,0.32189999999999996,67.81,True,1.3218999999999999,4.623854674055709,55.486256088668505,34.70668497463592,90.19294106330443,111.0396
957,Diamondback Women's Serene Classic Comfort Bi,2016-01-07,10.0,10,10,1,13.659362549800797,3.725568735752626,3.4978853726119294,1.6265149370670224,0.32189999999999996,67.81,True,1.3218999999999999,4.623854674055709,46.238546740557084,29.825512678731062,76.06405941928814,92.53299999999999
957,Diamondback Women's Serene Classic Comfort Bi,2016-01-08,14.0,14,14,1,13.659362549800797,3.725568735752626,3.4978853726119294,1.6265149370670224,0.32189999999999996,67.81,True,1.3218999999999999,4.623854674055709,64.73396543677993,39.70916986054289,104.44313529732281,129.5462
957,Diamondback Women's Serene Classic Comfort Bi,2016-01-09,15.0,15,15,1,13.659362549800797,3.725568735752626,3.4978853726119294,1.6265149370670224,0.32189999999999996,67.81,True,1.3218999999999999,4.623854674055709,69.35782011083563,42.24247916132968,111.60029927216532,138.7995
957,Diamondback Women's Serene Classic Comfort Bi,2016-01-10,12.0,12,12,1,13.659362549800797,3.725568735752626,3.4978853726119294,1.6265149370670224,0.32189999999999996,67.81,True,1.3218999999999999,4.623854674055709,55.486256088668505,34.70668497463592,90.19294106330443,111.0396
957,Diamondback Women's Serene Classic Comfort Bi,2016-01-11,20.0,20,20,1,13.659362549800797,3.725568735752626,3.4978853726119294,1.6265149370670224,0.32189999999999996,67.81,True,1.3218999999999999,4.623854674055709,92.47709348111417,55.11115332217326,147.58824680328743,185.06599999999997
957,Diamondback Women's Serene Classic Comfort Bi,2016-01-12,11.0,11,11,1,13.659362549800797,3.725568735752626,3.4978853726119294,1.6265149370670224,0.32189999999999996,67.81,True,1.3218999999999999,4.623854674055709,50.8624014146128,32.247459861603254,83.10986127621605,101.78629999999998
957,Diamondback Women's Serene Classic Comfort Bi,2016-01-13,13.0,13,13,1,13.659362549800797,3.725568735752626,3.4978853726119294,1.6265149370670224,0.32189999999999996,67.81,True,1.3218999999999999,4.623854674055709,60.11011076272421,37.195794785941374,97.30590554866558,120.29289999999999
957,Diamondback Women's Serene Classic Comfort Bi,2016-01-14,16.0,16,16,1,13.659362549800797,3.725568735752626,3.4978853726119294,1.6265149370670224,0.32189999999999996,67.81,True,1.3218999999999999,4.623854674055709,73.98167478489134,44.792340570722985,118.77401535561432,148.0528
957,Diamondback Women's Serene Classic Comfort Bi,2016-01-15,12.0,12,12,1,13.659362549800797,3.725568735752626,3.4978853726119294,1.6265149370670224,0.32189999999999996,67.81,True,1.3218999999999999,4.623854674055709,55.486256088668505,34.70668497463592,90.19294106330443,111.0396
957,Diamondback Women's Serene Classic Comfort Bi,2016-01-16,12.0,12,12,1,13.659362549800797,3.725568735752626,3.4978853726119294,1.6265149370670224,0.32189999999999996,67.81,True,1.3218999999999999,4.623854674055709,55.486256088668505,34.70668497463592,90.19294106330443,111.0396
957,Diamondback Women's Serene Classic Comfort Bi,2016-01-17,17.0,17,17,1,13.659362549800797,3.725568735752626,3.4978853726119294,1.6265149370670224,0.32189999999999996,67.81,True,1.3218999999999999,4.623854674055709,78.60552945894705,47.356080447374865,125.96160990632191,157.3061
957,Diamondback Women's Serene Classic Comfort Bi,2016-01-18,15.0,15,15,1,13.659362549800797,3.725568735752626,3.4978853726119294,1.6265149370670224,0.32189999999999996,67.81,True,1.3218999999999999,4.623854674055709,69.35782011083563,42.24247916132968,111.60029927216532,138.7995
957,Diamondback Women's Serene Classic Comfort Bi,2016-01-19,14.0,14,14,1,13.659362549800797,3.725568735752626,3.4978853726119294,1.6265149370670224,0.32189999999999996,67.81,True,1.3218999999999999,4.623854674055709,64.73396543677993,39.70916986054289,104.44313529732281,129.5462
957,Diamondback Women's Serene Classic Comfort Bi,2016-01-20,12.0,12,12,1,13.659362549800797,3.725568735752626,3.4978853726119294,1.6265149370670224,0.32189999999999996,67.81,True,1.3218999999999999,4.623854674055709,55.486256088668505,34.70668497463592,90.19294106330443,111.0396
957,Diamondback Women's Serene Classic Comfort Bi,2016-01-21,12.0,12,12,1,13.659362549800797,3.725568735752626,3.4978853726119294,1.6265149370670224,0.32189999999999996,67.81,True,1.3218999999999999,4.623854674055709,55.486256088668505,34.70668497463592,90.19294106330443,111.0396
957,Diamondback Women's Serene Classic Comfort Bi,2016-01-22,17.0,17,17,1,13.659362549800797,3.725568735752626,3.4978853726119294,1.6265149370670224,0.32189999999999996,67.81,True,1.3218999999999999,4.623854674055709,78.60552945894705,47.356080447374865,125.96160990632191,157.3061
957,Diamondback Women's Serene Classic Comfort Bi,2016-01-23,14.0,14,14,1,13.659362549800797,3.725568735752626,3.4978853726119294,1.6265149370670224,0.32189999999999996,67.81,True,1.3218999999999999,4.623854674055709,64.73396543677993,39.70916986054289,104.44313529732281,129.5462
957,Diamondback Women's Serene Classic Comfort Bi,2016-01-24,11.0,11,11,1,13.659362549800797,3.725568735752626,3.4978853726119294,1.6265149370670224,0.32189999999999996,67.81,True,1.3218999999999999,4.623854674055709,50.8624014146128,32.247459861603254,83.10986127621605,101.78629999999998
957,Diamondback Women's Serene Classic Comfort Bi,2016-01-25,12.0,12,12,1,13.659362549800797,3.725568735752626,3.4978853726119294,1.6265149370670224,0.32189999999999996,67.81,True,1.3218999999999999,4.623854674055709,55.486256088668505,34.70668497463592,90.19294106330443,111.0396
957,Diamondback Women's Serene Classic Comfort Bi,2016-01-26,10.0,10,10,1,13.659362549800797,3.725568735752626,3.4978853726119294,1.6265149370670224,0.32189999999999996,67.81,True,1.3218999999999999,4.623854674055709,46.238546740557084,29.825512678731062,76.06405941928814,92.53299999999999
957,Diamondback Women's Serene Classic Comfort Bi,2016-01-27,17.0,17,17,1,13.659362549800797,3.725568735752626,3.4978853726119294,1.6265149370670224,0.32189999999999996,67.81,True,1.3218999999999999,4.623854674055709,78.60552945894705,47.356080447374865,125.96160990632191,157.3061
957,Diamondback Women's Serene Classic Comfort Bi,2016-01-28,8.0,8,8,1,13.659362549800797,3.725568735752626,3.4978853726119294,1.6265149370670224,0.32189999999999996,67.81,True,1.3218999999999999,4.623854674055709,36.99083739244567,25.136424663723247,62.12726205616892,74.0264
957,Diamondback Women's Serene Classic Comfort Bi,2016-01-29,10.0,10,10,1,13.659362549800797,3.725568735752626,3.4978853726119294,1.6265149370670224,0.32189999999999996,67.81,True,1.3218999999999999,4.623854674055709,46.238546740557084,29.825512678731062,76.06405941928814,92.53299999999999
957,Diamondback Women's Serene Classic Comfort Bi,2016-01-30,18.0,18,18,1,13.659362549800797,3.725568735752626,3.4978853726119294,1.6265149370670224,0.32189999999999996,67.81,True,1.3218999999999999,4.623854674055709,83.22938413300275,49.93156106411237,133.16094519711513,166.55939999999998
957,Diamondback Women's Serene Classic Comfort Bi,2016-01-31,16.0,16,16,1,13.659362549800797,3.725568735752626,3.4978853726119294,1.6265149370670224,0.32189999999999996,67.81,True,1.3218999999999999,4.623854674055709,73.98167478489134,44.792340570722985,118.77401535561432,148.0528
957,Diamondback Women's Serene Classic Comfort Bi,2016-02-01,5.0,5,5,1,13.659362549800797,3.725568735752626,3.4978853726119294,1.6265149370670224,0.32189999999999996,67.81,True,1.3218999999999999,4.623854674055709,23.119273370278542,18.77875669636869,41.89803006664723,46.26649999999999
977,ENO Atlas Hammock Straps,2015-11-15,2.99,3,1,0,3.696296296296296,2.216108898033131,3.455108359133127,1.6513678418485072,,,False,,,,,,
977,ENO Atlas Hammock Straps,2015-11-16,4.99,5,1,0,3.696296296296296,2.216108898033131,3.455108359133127,1.6513678418485072,,,False,,,,,,
977,ENO Atlas Hammock Straps,2015-11-19,2.99,3,1,0,3.696296296296296,2.216108898033131,3.455108359133127,1.6513678418485072,,,False,,,,,,
977,ENO Atlas Hammock Straps,2015-11-21,4.99,5,1,0,3.696296296296296,2.216108898033131,3.455108359133127,1.6513678418485072,,,False,,,,,,
977,ENO Atlas Hammock Straps,2015-11-26,2.0,2,2,0,3.696296296296296,2.216108898033131,3.455108359133127,1.6513678418485072,,,False,,,,,,
977,ENO Atlas Hammock Straps,2015-11-28,1.0,1,1,0,3.696296296296296,2.216108898033131,3.455108359133127,1.6513678418485072,,,False,,,,,,
977,ENO Atlas Hammock Straps,2015-11-30,2.99,3,1,0,3.696296296296296,2.216108898033131,3.455108359133127,1.6513678418485072,,,False,,,,,,
977,ENO Atlas Hammock Straps,2015-12-02,5.0,5,1,0,3.696296296296296,2.216108898033131,3.455108359133127,1.6513678418485072,,,False,,,,,,
977,ENO Atlas Hammock Straps,2015-12-07,2.99,3,1,0,3.696296296296296,2.216108898033131,3.455108359133127,1.6513678418485072,,,False,,,,,,
977,ENO Atlas Hammock Straps,2015-12-09,4.01,4,1,0,3.696296296296296,2.216108898033131,3.455108359133127,1.6513678418485072,,,False,,,,,,
977,ENO Atlas Hammock Straps,2015-12-15,8.02,8,2,0,3.696296296296296,2.216108898033131,3.455108359133127,1.6513678418485072,,,False,,,,,,
977,ENO Atlas Hammock Straps,2015-12-28,2.01,2,1,0,3.696296296296296,2.216108898033131,3.455108359133127,1.6513678418485072,,,False,,,,,,
977,ENO Atlas Hammock Straps,2015-12-30,4.99,5,1,0,3.696296296296296,2.216108898033131,3.455108359133127,1.6513678418485072,,,False,,,,,,
977,ENO Atlas Hammock Straps,2016-01-01,1.99,2,1,0,3.696296296296296,2.216108898033131,3.455108359133127,1.6513678418485072,,,False,,,,,,
977,ENO Atlas Hammock Straps,2016-01-10,3.01,3,1,0,3.696296296296296,2.216108898033131,3.455108359133127,1.6513678418485072,,,False,,,,,,
977,ENO Atlas Hammock Straps,2016-01-11,5.0,5,1,0,3.696296296296296,2.216108898033131,3.455108359133127,1.6513678418485072,,,False,,,,,,
977,ENO Atlas Hammock Straps,2016-01-12,1.99,2,1,0,3.696296296296296,2.216108898033131,3.455108359133127,1.6513678418485072,,,False,,,,,,
977,ENO Atlas Hammock Straps,2016-01-15,2.99,3,1,0,3.696296296296296,2.216108898033131,3.455108359133127,1.6513678418485072,,,False,,,,,,
977,ENO Atlas Hammock Straps,2016-01-16,3.98,4,1,0,3.696296296296296,2.216108898033131,3.455108359133127,1.6513678418485072,,,False,,,,,,
977,ENO Atlas Hammock Straps,2016-01-21,5.0,5,1,0,3.696296296296296,2.216108898033131,3.455108359133127,1.6513678418485072,,,False,,,,,,
977,ENO Atlas Hammock Straps,2016-01-23,2.0,2,1,0,3.696296296296296,2.216108898033131,3.455108359133127,1.6513678418485072,,,False,,,,,,
977,ENO Atlas Hammock Straps,2016-01-27,5.0,5,1,0,3.696296296296296,2.216108898033131,3.455108359133127,1.6513678418485072,,,False,,,,,,
1004,Field & Stream Sportsman 16 Gun Fire Safe,2015-11-14,3.0,3,3,1,17.239043824701195,4.233068965122261,3.5019644095216087,1.614792177498707,0.7107125000000001,28.92875,True,1.7107125,5.990854289923735,17.972562869771206,18.814754673653475,36.78731754342468,35.9249625
1004,Field & Stream Sportsman 16 Gun Fire Safe,2015-11-15,23.0,23,23,1,17.239043824701195,4.233068965122261,3.5019644095216087,1.614792177498707,0.7107125000000001,28.92875,True,1.7107125,5.990854289923735,137.78964866824592,63.4284633396793,201.2181120079252,275.4247125
1004,Field & Stream Sportsman 16 Gun Fire Safe,2015-11-16,12.0,12,12,1,17.239043824701195,4.233068965122261,3.5019644095216087,1.614792177498707,0.7107125000000001,28.92875,True,1.7107125,5.990854289923735,71.89025147908482,36.14649725797785,108.03674873706268,143.69985
1004,Field & Stream Sportsman 16 Gun Fire Safe,2015-11-17,18.0,18,18,1,17.239043824701195,4.233068965122261,3.5019644095216087,1.614792177498707,0.7107125000000001,28.92875,True,1.7107125,5.990854289923735,107.83537721862723,50.760893328190946,158.59627054681818,215.549775
1004,Field & Stream Sportsman 16 Gun Fire Safe,2015-11-18,17.0,17,17,1,17.239043824701195,4.233068965122261,3.5019644095216087,1.614792177498707,0.7107125000000001,28.92875,True,1.7107125,5.990854289923735,101.8445229287035,48.26701349465354,150.11153642335705,203.5747875
1004,Field & Stream Sportsman 16 Gun Fire Safe,2015-11-19,18.0,18,18,1,17.239043824701195,4.233068965122261,3.5019644095216087,1.614792177498707,0.7107125000000001,28.92875,True,1.7107125,5.990854289923735,107.83537721862723,50.760893328190946,158.59627054681818,215.549775
1004,Field & Stream Sportsman 16 Gun Fire Safe,2015-11-20,27.0,27,27,1,17.239043824701195,4.233068965122261,3.5019644095216087,1.614792177498707,0.7107125000000001,28.92875,True,1.7107125,5.990854289923735,161.75306582794084,73.7183227105018,235.47138853844262,323.3246625
1004,Field & Stream Sportsman 16 Gun Fire Safe,2015-11-21,16.0,16,16,1,17.239043824701195,4.233068965122261,3.5019644095216087,1.614792177498707,0.7107125000000001,28.92875,True,1.7107125,5.990854289923735,95.85366863877977,45.79140861915389,141.64507725793365,191.59980000000002
1004,Field & Stream Sportsman 16 Gun Fire Safe,2015-11-22,16.0,16,16,1,17.239043824701195,4.233068965122261,3.5019644095216087,1.614792177498707,0.7107125000000001,28.92875,True,1.7107125,5.990854289923735,95.85366863877977,45.79140861915389,141.64507725793365,191.59980000000002
1004,Field & Stream Sportsman 16 Gun Fire Safe,2015-11-23,15.0,15,15,1,17.239043824701195,4.233068965122261,3.5019644095216087,1.614792177498707,0.7107125000000001,28.92875,True,1.7107125,5.990854289923735,89.86281434885603,43.33721064369212,133.20002499254815,179.62481250000002
1004,Field & Stream Sportsman 16 Gun Fire Safe,2015-11-24,12.0,12,12,1,17.239043824701195,4.233068965122261,3.5019644095216087,1.614792177498707,0.7107125000000001,28.92875,True,1.7107125,5.990854289923735,71.89025147908482,36.14649725797785,108.03674873706268,143.69985
1004,Field & Stream Sportsman 16 Gun Fire Safe,2015-11-25,15.0,15,15,1,17.239043824701195,4.233068965122261,3.5019644095216087,1.614792177498707,0.7107125000000001,28.92875,True,1.7107125,5.990854289923735,89.86281434885603,43.33721064369212,133.20002499254815,179.62481250000002
1004,Field & Stream Sportsman 16 Gun Fire Safe,2015-11-26,18.0,18,18,1,17.239043824701195,4.233068965122261,3.5019644095216087,1.614792177498707,0.7107125000000001,28.92875,True,1.7107125,5.990854289923735,107.83537721862723,50.760893328190946,158.59627054681818,215.549775
1004,Field & Stream Sportsman 16 Gun Fire Safe,2015-11-27,23.0,23,23,1,17.239043824701195,4.233068965122261,3.5019644095216087,1.614792177498707,0.7107125000000001,28.92875,True,1.7107125,5.990854289923735,137.78964866824592,63.4284633396793,201.2181120079252,275.4247125
1004,Field & Stream Sportsman 16 Gun Fire Safe,2015-11-28,17.0,17,17,1,17.239043824701195,4.233068965122261,3.5019644095216087,1.614792177498707,0.7107125000000001,28.92875,True,1.7107125,5.990854289923735,101.8445229287035,48.26701349465354,150.11153642335705,203.5747875
1004,Field & Stream Sportsman 16 Gun Fire Safe,2015-11-29,15.0,15,15,1,17.239043824701195,4.233068965122261,3.5019644095216087,1.614792177498707,0.7107125000000001,28.92875,True,1.7107125,5.990854289923735,89.86281434885603,43.33721064369212,133.20002499254815,179.62481250000002
1004,Field & Stream Sportsman 16 Gun Fire Safe,2015-11-30,24.0,24,24,1,17.239043824701195,4.233068965122261,3.5019644095216087,1.614792177498707,0.7107125000000001,28.92875,True,1.7107125,5.990854289923735,143.78050295816965,65.99096097127963,209.77146392944928,287.3997
1004,Field & Stream Sportsman 16 Gun Fire Safe,2015-12-01,13.0,13,13,1,17.239043824701195,4.233068965122261,3.5019644095216087,1.614792177498707,0.7107125000000001,28.92875,True,1.7107125,5.990854289923735,77.88110576900856,38.50937427072895,116.3904800397375,155.6748375
1004,Field & Stream Sportsman 16 Gun Fire Safe,2015-12-02,20.0,20,20,1,17.239043824701195,4.233068965122261,3.5019644095216087,1.614792177498707,0.7107125000000001,28.92875,True,1.7107125,5.990854289923735,119.81708579847471,55.79365846841651,175.61074426689123,239.49975
1004,Field & Stream Sportsman 16 Gun Fire Safe,2015-12-03,23.0,23,23,1,17.239043824701195,4.233068965122261,3.5019644095216087,1.614792177498707,0.7107125000000001,28.92875,True,1.7107125,5.990854289923735,137.78964866824592,63.4284633396793,201.2181120079252,275.4247125
1004,Field & Stream Sportsman 16 Gun Fire Safe,2015-12-04,16.0,16,16,1,17.239043824701195,4.233068965122261,3.5019644095216087,1.614792177498707,0.7107125000000001,28.92875,True,1.7107125,5.990854289923735,95.85366863877977,45.79140861915389,141.64507725793365,191.59980000000002
1004,Field & Stream Sportsman 16 Gun Fire Safe,2015-12-05,23.0,23,23,1,17.239043824701195,4.233068965122261,3.5019644095216087,1.614792177498707,0.7107125000000001,28.92875,True,1.7107125,5.990854289923735,137.78964866824592,63.4284633396793,201.2181120079252,275.4247125
1004,Field & Stream Sportsman 16 Gun Fire Safe,2015-12-06,16.0,16,16,1,17.239043824701195,4.233068965122261,3.5019644095216087,1.614792177498707,0.7107125000000001,28.92875,True,1.7107125,5.990854289923735,95.85366863877977,45.79140861915389,141.64507725793365,191.59980000000002
1004,Field & Stream Sportsman 16 Gun Fire Safe,2015-12-07,13.0,13,13,1,17.239043824701195,4.233068965122261,3.5019644095216087,1.614792177498707,0.7107125000000001,28.92875,True,1.7107125,5.990854289923735,77.88110576900856,38.50937427072895,116.3904800397375,155.6748375
1004,Field & Stream Sportsman 16 Gun Fire Safe,2015-12-08,19.0,19,19,1,17.239043824701195,4.233068965122261,3.5019644095216087,1.614792177498707,0.7107125000000001,28.92875,True,1.7107125,5.990854289923735,113.82623150855098,53.27048153222439,167.09671304077537,227.5247625
1004,Field & Stream Sportsman 16 Gun Fire Safe,2015-12-09,17.0,17,17,1,17.239043824701195,4.233068965122261,3.5019644095216087,1.614792177498707,0.7107125000000001,28.92875,True,1.7107125,5.990854289923735,101.8445229287035,48.26701349465354,150.11153642335705,203.5747875
1004,Field & Stream Sportsman 16 Gun Fire Safe,2015-12-10,17.0,17,17,1,17.239043824701195,4.233068965122261,3.5019644095216087,1.614792177498707,0.7107125000000001,28.92875,True,1.7107125,5.990854289923735,101.8445229287035,48.26701349465354,150.11153642335705,203.5747875
1004,Field & Stream Sportsman 16 Gun Fire Safe,2015-12-11,16.0,16,16,1,17.239043824701195,4.233068965122261,3.5019644095216087,1.614792177498707,0.7107125000000001,28.92875,True,1.7107125,5.990854289923735,95.85366863877977,45.79140861915389,141.64507725793365,191.59980000000002
1004,Field & Stream Sportsman 16 Gun Fire Safe,2015-12-12,18.0,18,18,1,17.239043824701195,4.233068965122261,3.5019644095216087,1.614792177498707,0.7107125000000001,28.92875,True,1.7107125,5.990854289923735,107.83537721862723,50.760893328190946,158.59627054681818,215.549775
1004,Field & Stream Sportsman 16 Gun Fire Safe,2015-12-13,18.0,18,18,1,17.239043824701195,4.233068965122261,3.5019644095216087,1.614792177498707,0.7107125000000001,28.92875,True,1.7107125,5.990854289923735,107.83537721862723,50.760893328190946,158.59627054681818,215.549775
1004,Field & Stream Sportsman 16 Gun Fire Safe,2015-12-14,18.0,18,18,1,17.239043824701195,4.233068965122261,3.5019644095216087,1.614792177498707,0.7107125000000001,28.92875,True,1.7107125,5.990854289923735,107.83537721862723,50.760893328190946,158.59627054681818,215.549775
1004,Field & Stream Sportsman 16 Gun Fire Safe,2015-12-15,17.0,17,17,1,17.239043824701195,4.233068965122261,3.5019644095216087,1.614792177498707,0.7107125000000001,28.92875,True,1.7107125,5.990854289923735,101.8445229287035,48.26701349465354,150.11153642335705,203.5747875
1004,Field & Stream Sportsman 16 Gun Fire Safe,2015-12-16,20.0,20,20,1,17.239043824701195,4.233068965122261,3.5019644095216087,1.614792177498707,0.7107125000000001,28.92875,True,1.7107125,5.990854289923735,119.81708579847471,55.79365846841651,175.61074426689123,239.49975
1004,Field & Stream Sportsman 16 Gun Fire Safe,2015-12-17,15.0,15,15,1,17.239043824701195,4.233068965122261,3.5019644095216087,1.614792177498707,0.7107125000000001,28.92875,True,1.7107125,5.990854289923735,89.86281434885603,43.33721064369212,133.20002499254815,179.62481250000002
1004,Field & Stream Sportsman 16 Gun Fire Safe,2015-12-18,22.0,22,22,1,17.239043824701195,4.233068965122261,3.5019644095216087,1.614792177498707,0.7107125000000001,28.92875,True,1.7107125,5.990854289923735,131.79879437832219,60.87401091409449,192.67280529241668,263.449725
1004,Field & Stream Sportsman 16 Gun Fire Safe,2015-12-19,23.0,23,23,1,17.239043824701195,4.233068965122261,3.5019644095216087,1.614792177498707,0.7107125000000001,28.92875,True,1.7107125,5.990854289923735,137.78964866824592,63.4284633396793,201.2181120079252,275.4247125
1004,Field & Stream Sportsman 16 Gun Fire Safe,2015-12-20,15.0,15,15,1,17.239043824701195,4.233068965122261,3.5019644095216087,1.614792177498707,0.7107125000000001,28.92875,True,1.7107125,5.990854289923735,89.86281434885603,43.33721064369212,133.20002499254815,179.62481250000002
1004,Field & Stream Sportsman 16 Gun Fire Safe,2015-12-21,27.0,27,27,1,17.239043824701195,4.233068965122261,3.5019644095216087,1.614792177498707,0.7107125000000001,28.92875,True,1.7107125,5.990854289923735,161.75306582794084,73.7183227105018,235.47138853844262,323.3246625
1004,Field & Stream Sportsman 16 Gun Fire Safe,2015-12-22,14.0,14,14,1,17.239043824701195,4.233068965122261,3.5019644095216087,1.614792177498707,0.7107125000000001,28.92875,True,1.7107125,5.990854289923735,83.8719600589323,40.90827252330912,124.78023258224142,167.64982500000002
1004,Field & Stream Sportsman 16 Gun Fire Safe,2015-12-23,16.0,16,16,1,17.239043824701195,4.233068965122261,3.5019644095216087,1.614792177498707,0.7107125000000001,28.92875,True,1.7107125,5.990854289923735,95.85366863877977,45.79140861915389,141.64507725793365,191.59980000000002
1004,Field & Stream Sportsman 16 Gun Fire Safe,2015-12-24,22.0,22,22,1,17.239043824701195,4.233068965122261,3.5019644095216087,1.614792177498707,0.7107125000000001,28.92875,True,1.7107125,5.990854289923735,131.79879437832219,60.87401091409449,192.67280529241668,263.449725
1004,Field & Stream Sportsman 16 Gun Fire Safe,2015-12-25,22.0,22,22,1,17.239043824701195,4.233068965122261,3.5019644095216087,1.614792177498707,0.7107125000000001,28.92875,True,1.7107125,5.990854289923735,131.79879437832219,60.87401091409449,192.67280529241668,263.449725
1004,Field & Stream Sportsman 16 Gun Fire Safe,2015-12-26,22.0,22,22,1,17.239043824701195,4.233068965122261,3.5019644095216087,1.614792177498707,0.7107125000000001,28.92875,True,1.7107125,5.990854289923735,131.79879437832219,60.87401091409449,192.67280529241668,263.449725
1004,Field & Stream Sportsman 16 Gun Fire Safe,2015-12-27,18.0,18,18,1,17.239043824701195,4.233068965122261,3.5019644095216087,1.614792177498707,0.7107125000000001,28.92875,True,1.7107125,5.990854289923735,107.83537721862723,50.760893328190946,158.59627054681818,215.549775
1004,Field & Stream Sportsman 16 Gun Fire Safe,2015-12-28,11.0,11,11,1,17.239043824701195,4.233068965122261,3.5019644095216087,1.614792177498707,0.7107125000000001,28.92875,True,1.7107125,5.990854289923735,65.89939718916109,33.82719073075809,99.72658791991918,131.7248625
1004,Field & Stream Sportsman 16 Gun Fire Safe,2015-12-29,16.0,16,16,1,17.239043824701195,4.233068965122261,3.5019644095216087,1.614792177498707,0.7107125000000001,28.92875,True,1.7107125,5.990854289923735,95.85366863877977,45.79140861915389,141.64507725793365,191.59980000000002
1004,Field & Stream Sportsman 16 Gun Fire Safe,2015-12-30,15.0,15,15,1,17.239043824701195,4.233068965122261,3.5019644095216087,1.614792177498707,0.7107125000000001,28.92875,True,1.7107125,5.990854289923735,89.86281434885603,43.33721064369212,133.20002499254815,179.62481250000002
1004,Field & Stream Sportsman 16 Gun Fire Safe,2015-12-31,18.0,18,18,1,17.239043824701195,4.233068965122261,3.5019644095216087,1.614792177498707,0.7107125000000001,28.92875,True,1.7107125,5.990854289923735,107.83537721862723,50.760893328190946,158.59627054681818,215.549775
1004,Field & Stream Sportsman 16 Gun Fire Safe,2016-01-01,13.0,13,13,1,17.239043824701195,4.233068965122261,3.5019644095216087,1.614792177498707,0.7107125000000001,28.92875,True,1.7107125,5.990854289923735,77.88110576900856,38.50937427072895,116.3904800397375,155.6748375
1004,Field & Stream Sportsman 16 Gun Fire Safe,2016-01-02,19.0,19,19,1,17.239043824701195,4.233068965122261,3.5019644095216087,1.614792177498707,0.7107125000000001,28.92875,True,1.7107125,5.990854289923735,113.82623150855098,53.27048153222439,167.09671304077537,227.5247625
1004,Field & Stream Sportsman 16 Gun Fire Safe,2016-01-03,18.0,18,18,1,17.239043824701195,4.233068965122261,3.5019644095216087,1.614792177498707,0.7107125000000001,28.92875,True,1.7107125,5.990854289923735,107.83537721862723,50.760893328190946,158.59627054681818,215.549775
1004,Field & Stream Sportsman 16 Gun Fire Safe,2016-01-04,14.0,14,14,1,17.239043824701195,4.233068965122261,3.5019644095216087,1.614792177498707,0.7107125000000001,28.92875,True,1.7107125,5.990854289923735,83.8719600589323,40.90827252330912,124.78023258224142,167.64982500000002
1004,Field & Stream Sportsman 16 Gun Fire Safe,2016-01-05,13.0,13,13,1,17.239043824701195,4.233068965122261,3.5019644095216087,1.614792177498707,0.7107125000000001,28.92875,True,1.7107125,5.990854289923735,77.88110576900856,38.50937427072895,116.3904800397375,155.6748375
1004,Field & Stream Sportsman 16 Gun Fire Safe,2016-01-06,19.0,19,19,1,17.239043824701195,4.233068965122261,3.5019644095216087,1.614792177498707,0.7107125000000001,28.92875,True,1.7107125,5.990854289923735,113.82623150855098,53.27048153222439,167.09671304077537,227.5247625
1004,Field & Stream Sportsman 16 Gun Fire Safe,2016-01-07,28.0,28,28,1,17.239043824701195,4.233068965122261,3.5019644095216087,1.614792177498707,0.7107125000000001,28.92875,True,1.7107125,5.990854289923735,167.7439201178646,76.3051565570392,244.0490766749038,335.29965000000004
1004,Field & Stream Sportsman 16 Gun Fire Safe,2016-01-08,19.0,19,19,1,17.239043824701195,4.233068965122261,3.5019644095216087,1.614792177498707,0.7107125000000001,28.92875,True,1.7107125,5.990854289923735,113.82623150855098,53.27048153222439,167.09671304077537,227.5247625
1004,Field & Stream Sportsman 16 Gun Fire Safe,2016-01-09,19.0,19,19,1,17.239043824701195,4.233068965122261,3.5019644095216087,1.614792177498707,0.7107125000000001,28.92875,True,1.7107125,5.990854289923735,113.82623150855098,53.27048153222439,167.09671304077537,227.5247625
1004,Field & Stream Sportsman 16 Gun Fire Safe,2016-01-10,12.0,12,12,1,17.239043824701195,4.233068965122261,3.5019644095216087,1.614792177498707,0.7107125000000001,28.92875,True,1.7107125,5.990854289923735,71.89025147908482,36.14649725797785,108.03674873706268,143.69985
1004,Field & Stream Sportsman 16 Gun Fire Safe,2016-01-11,17.0,17,17,1,17.239043824701195,4.233068965122261,3.5019644095216087,1.614792177498707,0.7107125000000001,28.92875,True,1.7107125,5.990854289923735,101.8445229287035,48.26701349465354,150.11153642335705,203.5747875
1004,Field & Stream Sportsman 16 Gun Fire Safe,2016-01-12,23.0,23,23,1,17.239043824701195,4.233068965122261,3.5019644095216087,1.614792177498707,0.7107125000000001,28.92875,True,1.7107125,5.990854289923735,137.78964866824592,63.4284633396793,201.2181120079252,275.4247125
1004,Field & Stream Sportsman 16 Gun Fire Safe,2016-01-13,18.0,18,18,1,17.239043824701195,4.233068965122261,3.5019644095216087,1.614792177498707,0.7107125000000001,28.92875,True,1.7107125,5.990854289923735,107.83537721862723,50.760893328190946,158.59627054681818,215.549775
1004,Field & Stream Sportsman 16 Gun Fire Safe,2016-01-14,15.0,15,15,1,17.239043824701195,4.233068965122261,3.5019644095216087,1.614792177498707,0.7107125000000001,28.92875,True,1.7107125,5.990854289923735,89.86281434885603,43.33721064369212,133.20002499254815,179.62481250000002
1004,Field & Stream Sportsman 16 Gun Fire Safe,2016-01-15,24.0,24,24,1,17.239043824701195,4.233068965122261,3.5019644095216087,1.614792177498707,0.7107125000000001,28.92875,True,1.7107125,5.990854289923735,143.78050295816965,65.99096097127963,209.77146392944928,287.3997
1004,Field & Stream Sportsman 16 Gun Fire Safe,2016-01-16,23.0,23,23,1,17.239043824701195,4.233068965122261,3.5019644095216087,1.614792177498707,0.7107125000000001,28.92875,True,1.7107125,5.990854289923735,137.78964866824592,63.4284633396793,201.2181120079252,275.4247125
1004,Field & Stream Sportsman 16 Gun Fire Safe,2016-01-17,14.0,14,14,1,17.239043824701195,4.233068965122261,3.5019644095216087,1.614792177498707,0.7107125000000001,28.92875,True,1.7107125,5.990854289923735,83.8719600589323,40.90827252330912,124.78023258224142,167.64982500000002
1004,Field & Stream Sportsman 16 Gun Fire Safe,2016-01-18,15.0,15,15,1,17.239043824701195,4.233068965122261,3.5019644095216087,1.614792177498707,0.7107125000000001,28.92875,True,1.7107125,5.990854289923735,89.86281434885603,43.33721064369212,133.20002499254815,179.62481250000002
1004,Field & Stream Sportsman 16 Gun Fire Safe,2016-01-19,15.0,15,15,1,17.239043824701195,4.233068965122261,3.5019644095216087,1.614792177498707,0.7107125000000001,28.92875,True,1.7107125,5.990854289923735,89.86281434885603,43.33721064369212,133.20002499254815,179.62481250000002
1004,Field & Stream Sportsman 16 Gun Fire Safe,2016-01-20,13.0,13,13,1,17.239043824701195,4.233068965122261,3.5019644095216087,1.614792177498707,0.7107125000000001,28.92875,True,1.7107125,5.990854289923735,77.88110576900856,38.50937427072895,116.3904800397375,155.6748375
1004,Field & Stream Sportsman 16 Gun Fire Safe,2016-01-21,20.0,20,20,1,17.239043824701195,4.233068965122261,3.5019644095216087,1.614792177498707,0.7107125000000001,28.92875,True,1.7107125,5.990854289923735,119.81708579847471,55.79365846841651,175.61074426689123,239.49975
1004,Field & Stream Sportsman 16 Gun Fire Safe,2016-01-22,21.0,21,21,1,17.239043824701195,4.233068965122261,3.5019644095216087,1.614792177498707,0.7107125000000001,28.92875,True,1.7107125,5.990854289923735,125.80794008839844,58.32866070228012,184.13660079067856,251.4747375
1004,Field & Stream Sportsman 16 Gun Fire Safe,2016-01-23,17.0,17,17,1,17.239043824701195,4.233068965122261,3.5019644095216087,1.614792177498707,0.7107125000000001,28.92875,True,1.7107125,5.990854289923735,101.8445229287035,48.26701349465354,150.11153642335705,203.5747875
1004,Field & Stream Sportsman 16 Gun Fire Safe,2016-01-24,25.0,25,25,1,17.239043824701195,4.233068965122261,3.5019644095216087,1.614792177498707,0.7107125000000001,28.92875,True,1.7107125,5.990854289923735,149.77135724809338,68.56060173021405,218.33195897830743,299.3746875
1004,Field & Stream Sportsman 16 Gun Fire Safe,2016-01-25,19.0,19,19,1,17.239043824701195,4.233068965122261,3.5019644095216087,1.614792177498707,0.7107125000000001,28.92875,True,1.7107125,5.990854289923735,113.82623150855098,53.27048153222439,167.09671304077537,227.5247625
1004,Field & Stream Sportsman 16 Gun Fire Safe,2016-01-26,26.0,26,26,1,17.239043824701195,4.233068965122261,3.5019644095216087,1.614792177498707,0.7107125000000001,28.92875,True,1.7107125,5.990854289923735,155.7622115380171,71.1366115352796,226.8988230732967,311.349675
1004,Field & Stream Sportsman 16 Gun Fire Safe,2016-01-27,15.0,15,15,1,17.239043824701195,4.233068965122261,3.5019644095216087,1.614792177498707,0.7107125000000001,28.92875,True,1.7107125,5.990854289923735,89.86281434885603,43.33721064369212,133.20002499254815,179.62481250000002
1004,Field & Stream Sportsman 16 Gun Fire Safe,2016-01-28,16.0,16,16,1,17.239043824701195,4.233068965122261,3.5019644095216087,1.614792177498707,0.7107125000000001,28.92875,True,1.7107125,5.990854289923735,95.85366863877977,45.79140861915389,141.64507725793365,191.59980000000002
1004,Field & Stream Sportsman 16 Gun Fire Safe,2016-01-29,13.0,13,13,1,17.239043824701195,4.233068965122261,3.5019644095216087,1.614792177498707,0.7107125000000001,28.92875,True,1.7107125,5.990854289923735,77.88110576900856,38.50937427072895,116.3904800397375,155.6748375
1004,Field & Stream Sportsman 16 Gun Fire Safe,2016-01-30,19.0,19,19,1,17.239043824701195,4.233068965122261,3.5019644095216087,1.614792177498707,0.7107125000000001,28.92875,True,1.7107125,5.990854289923735,113.82623150855098,53.27048153222439,167.09671304077537,227.5247625
1004,Field & Stream Sportsman 16 Gun Fire Safe,2016-01-31,11.0,11,11,1,17.239043824701195,4.233068965122261,3.5019644095216087,1.614792177498707,0.7107125000000001,28.92875,True,1.7107125,5.990854289923735,65.89939718916109,33.82719073075809,99.72658791991918,131.7248625
1004,Field & Stream Sportsman 16 Gun Fire Safe,2016-02-01,12.0,12,12,1,17.239043824701195,4.233068965122261,3.5019644095216087,1.614792177498707,0.7107125000000001,28.92875,True,1.7107125,5.990854289923735,71.89025147908482,36.14649725797785,108.03674873706268,143.69985
1014,O'Brien Men's Neoprene Life Vest,2015-11-14,37.0,37,13,1,57.504980079681275,14.781525449552028,3.4945779069164113,1.6269396156705422,0.6760714285714287,32.392857142857146,True,1.6760714285714287,5.8571621846995425,216.71500083388307,115.18997178657014,331.90497262045324,434.1025
1014,O'Brien Men's Neoprene Life Vest,2015-11-15,45.0,45,17,1,57.504980079681275,14.781525449552028,3.4945779069164113,1.6269396156705422,0.6760714285714287,32.392857142857146,True,1.6760714285714287,5.8571621846995425,263.5722983114794,134.04267306849945,397.6149713799789,527.9625
1014,O'Brien Men's Neoprene Life Vest,2015-11-16,56.0,56,19,1,57.504980079681275,14.781525449552028,3.4945779069164113,1.6269396156705422,0.6760714285714287,32.392857142857146,True,1.6760714285714287,5.8571621846995425,328.0010823431744,161.01291759791144,489.01399994108584,657.02
1014,O'Brien Men's Neoprene Life Vest,2015-11-17,68.0,68,24,1,57.504980079681275,14.781525449552028,3.4945779069164113,1.6269396156705422,0.6760714285714287,32.392857142857146,True,1.6760714285714287,5.8571621846995425,398.2870285595689,191.2673677790857,589.5543963386547,797.8100000000001
1014,O'Brien Men's Neoprene Life Vest,2015-11-18,36.0,36,13,1,57.504980079681275,14.781525449552028,3.4945779069164113,1.6269396156705422,0.6760714285714287,32.392857142857146,True,1.6760714285714287,5.8571621846995425,210.85783864918352,112.8975421113252,323.75538076050873,422.37
1014,O'Brien Men's Neoprene Life Vest,2015-11-19,67.0,67,21,1,57.504980079681275,14.781525449552028,3.4945779069164113,1.6269396156705422,0.6760714285714287,32.392857142857146,True,1.6760714285714287,5.8571621846995425,392.42986637486933,188.72266988203833,581.1525362569076,786.0775
1014,O'Brien Men's Neoprene Life Vest,2015-11-20,65.0,65,23,1,57.504980079681275,14.781525449552028,3.4945779069164113,1.6269396156705422,0.6760714285714287,32.392857142857146,True,1.6760714285714287,5.8571621846995425,380.71554200547024,183.64450011164487,564.3600421171151,762.6125000000001
1014,O'Brien Men's Neoprene Life Vest,2015-11-21,62.0,62,22,1,57.504980079681275,14.781525449552028,3.4945779069164113,1.6269396156705422,0.6760714285714287,32.392857142857146,True,1.6760714285714287,5.8571621846995425,363.1440554513716,176.05773724928005,539.2017927006517,727.4150000000001
1014,O'Brien Men's Neoprene Life Vest,2015-11-22,56.0,56,20,1,57.504980079681275,14.781525449552028,3.4945779069164113,1.6269396156705422,0.6760714285714287,32.392857142857146,True,1.6760714285714287,5.8571621846995425,328.0010823431744,161.01291759791144,489.01399994108584,657.02
1014,O'Brien Men's Neoprene Life Vest,2015-11-23,80.0,80,23,1,57.504980079681275,14.781525449552028,3.4945779069164113,1.6269396156705422,0.6760714285714287,32.392857142857146,True,1.6760714285714287,5.8571621846995425,468.5729747759634,222.04526565617962,690.618240432143,938.6
1014,O'Brien Men's Neoprene Life Vest,2015-11-24,47.0,47,19,1,57.504980079681275,14.781525449552028,3.4945779069164113,1.6269396156705422,0.6760714285714287,32.392857142857146,True,1.6760714285714287,5.8571621846995425,275.2866226808785,138.87177058426948,414.158393265148,551.4275
1014,O'Brien Men's Neoprene Life Vest,2015-11-25,54.0,54,16,1,57.504980079681275,14.781525449552028,3.4945779069164113,1.6269396156705422,0.6760714285714287,32.392857142857146,True,1.6760714285714287,5.8571621846995425,316.2867579737753,156.0428569707729,472.3296149445482,633.5550000000001
1014,O'Brien Men's Neoprene Life Vest,2015-11-26,72.0,72,24,1,57.504980079681275,14.781525449552028,3.4945779069164113,1.6269396156705422,0.6760714285714287,32.392857142857146,True,1.6760714285714287,5.8571621846995425,421.71567729836704,201.4802687291061,623.1959460274732,844.74
1014,O'Brien Men's Neoprene Life Vest,2015-11-27,66.01,66,26,1,57.504980079681275,14.781525449552028,3.4945779069164113,1.6269396156705422,0.6760714285714287,32.392857142857146,True,1.6760714285714287,5.8571621846995425,386.63127581201684,186.20705422613312,572.8383300381499,774.4623250000001
1014,O'Brien Men's Neoprene Life Vest,2015-11-28,55.01,55,20,1,57.504980079681275,14.781525449552028,3.4945779069164113,1.6269396156705422,0.6760714285714287,32.392857142857146,True,1.6760714285714287,5.8571621846995425,322.20249178032185,158.54962442503094,480.75211620535276,645.4048250000001
1014,O'Brien Men's Neoprene Life Vest,2015-11-29,41.0,41,12,1,57.504980079681275,14.781525449552028,3.4945779069164113,1.6269396156705422,0.6760714285714287,32.392857142857146,True,1.6760714285714287,5.8571621846995425,240.14364957268126,124.51297624308971,364.65662581577095,481.0325
1014,O'Brien Men's Neoprene Life Vest,2015-11-30,31.0,31,10,1,57.504980079681275,14.781525449552028,3.4945779069164113,1.6269396156705422,0.6760714285714287,32.392857142857146,True,1.6760714285714287,5.8571621846995425,181.5720277256858,101.71706864791365,283.2890963735995,363.70750000000004
1014,O'Brien Men's Neoprene Life Vest,2015-12-01,60.01,60,21,1,57.504980079681275,14.781525449552028,3.4945779069164113,1.6269396156705422,0.6760714285714287,32.392857142857146,True,1.6760714285714287,5.8571621846995425,351.48830270381956,171.04745647097593,522.5357591747954,704.067325
1014,O'Brien Men's Neoprene Life Vest,2015-12-02,73.01,73,24,1,57.504980079681275,14.781525449552028,3.4945779069164113,1.6269396156705422,0.6760714285714287,32.392857142857146,True,1.6760714285714287,5.8571621846995425,427.63141110491364,204.06700713343835,631.698418238352,856.5898250000001
1014,O'Brien Men's Neoprene Life Vest,2015-12-03,53.0,53,19,1,57.504980079681275,14.781525449552028,3.4945779069164113,1.6269396156705422,0.6760714285714287,32.392857142857146,True,1.6760714285714287,5.8571621846995425,310.42959578907573,153.56747050520337,463.9970662942791,621.8225
1014,O'Brien Men's Neoprene Life Vest,2015-12-04,40.0,40,15,1,57.504980079681275,14.781525449552028,3.4945779069164113,1.6269396156705422,0.6760714285714287,32.392857142857146,True,1.6760714285714287,5.8571621846995425,234.2864873879817,122.16098126272189,356.4474686507036,469.3
1014,O'Brien Men's Neoprene Life Vest,2015-12-05,35.0,35,15,1,57.504980079681275,14.781525449552028,3.4945779069164113,1.6269396156705422,0.6760714285714287,32.392857142857146,True,1.6760714285714287,5.8571621846995425,205.000676464484,110.62235651292761,315.62303297741164,410.63750000000005
1014,O'Brien Men's Neoprene Life Vest,2015-12-06,50.0,50,16,1,57.504980079681275,14.781525449552028,3.4945779069164113,1.6269396156705422,0.6760714285714287,32.392857142857146,True,1.6760714285714287,5.8571621846995425,292.8581092349771,146.1838032796585,439.0419125146356,586.625
1014,O'Brien Men's Neoprene Life Vest,2015-12-07,62.0,62,22,1,57.504980079681275,14.781525449552028,3.4945779069164113,1.6269396156705422,0.6760714285714287,32.392857142857146,True,1.6760714285714287,5.8571621846995425,363.1440554513716,176.05773724928005,539.2017927006517,727.4150000000001
1014,O'Brien Men's Neoprene Life Vest,2015-12-08,52.0,52,19,1,57.504980079681275,14.781525449552028,3.4945779069164113,1.6269396156705422,0.6760714285714287,32.392857142857146,True,1.6760714285714287,5.8571621846995425,304.5724336043762,151.09893485474714,455.67136845912336,610.09
1014,O'Brien Men's Neoprene Life Vest,2015-12-09,53.0,53,20,1,57.504980079681275,14.781525449552028,3.4945779069164113,1.6269396156705422,0.6760714285714287,32.392857142857146,True,1.6760714285714287,5.8571621846995425,310.42959578907573,153.56747050520337,463.9970662942791,621.8225
1014,O'Brien Men's Neoprene Life Vest,2015-12-10,54.0,54,18,1,57.504980079681275,14.781525449552028,3.4945779069164113,1.6269396156705422,0.6760714285714287,32.392857142857146,True,1.6760714285714287,5.8571621846995425,316.2867579737753,156.0428569707729,472.3296149445482,633.5550000000001
1014,O'Brien Men's Neoprene Life Vest,2015-12-11,60.0,60,19,1,57.504980079681275,14.781525449552028,3.4945779069164113,1.6269396156705422,0.6760714285714287,32.392857142857146,True,1.6760714285714287,5.8571621846995425,351.42973108197253,171.02232734429603,522.4520584262685,703.95
1014,O'Brien Men's Neoprene Life Vest,2015-12-12,55.0,55,17,1,57.504980079681275,14.781525449552028,3.4945779069164113,1.6269396156705422,0.6760714285714287,32.392857142857146,True,1.6760714285714287,5.8571621846995425,322.1439201584748,158.52477332247747,480.6686934809523,645.2875
1014,O'Brien Men's Neoprene Life Vest,2015-12-13,44.0,44,16,1,57.504980079681275,14.781525449552028,3.4945779069164113,1.6269396156705422,0.6760714285714287,32.392857142857146,True,1.6760714285714287,5.8571621846995425,257.7151361267799,131.6433096252094,389.3584457519893,516.23
1014,O'Brien Men's Neoprene Life Vest,2015-12-14,42.0,42,16,1,57.504980079681275,14.781525449552028,3.4945779069164113,1.6269396156705422,0.6760714285714287,32.392857142857146,True,1.6760714285714287,5.8571621846995425,246.00081175738077,126.87782506750554,372.8786368248863,492.76500000000004
1014,O'Brien Men's Neoprene Life Vest,2015-12-15,85.0,85,27,1,57.504980079681275,14.781525449552028,3.4945779069164113,1.6269396156705422,0.6760714285714287,32.392857142857146,True,1.6760714285714287,5.8571621846995425,497.8587856994611,234.9751031110288,732.83388881049,997.2625
1014,O'Brien Men's Neoprene Life Vest,2015-12-16,77.01,77,30,1,57.504980079681275,14.781525449552028,3.4945779069164113,1.6269396156705422,0.6760714285714287,32.392857142857146,True,1.6760714285714287,5.8571621846995425,451.0600598437118,214.3397204108459,665.3997802545578,903.5198250000001
1014,O'Brien Men's Neoprene Life Vest,2015-12-17,45.0,45,13,1,57.504980079681275,14.781525449552028,3.4945779069164113,1.6269396156705422,0.6760714285714287,32.392857142857146,True,1.6760714285714287,5.8571621846995425,263.5722983114794,134.04267306849945,397.6149713799789,527.9625
1014,O'Brien Men's Neoprene Life Vest,2015-12-18,61.0,61,23,1,57.504980079681275,14.781525449552028,3.4945779069164113,1.6269396156705422,0.6760714285714287,32.392857142857146,True,1.6760714285714287,5.8571621846995425,357.2868932666721,173.5376586860744,530.8245519527466,715.6825
1014,O'Brien Men's Neoprene Life Vest,2015-12-19,88.01,88,27,1,57.504980079681275,14.781525449552028,3.4945779069164113,1.6269396156705422,0.6760714285714287,32.392857142857146,True,1.6760714285714287,5.8571621846995425,515.4888438754068,242.78247365078664,758.2713175261935,1032.5773250000002
1014,O'Brien Men's Neoprene Life Vest,2015-12-20,64.01,64,19,1,57.504980079681275,14.781525449552028,3.4945779069164113,1.6269396156705422,0.6760714285714287,32.392857142857146,True,1.6760714285714287,5.8571621846995425,374.91695144261774,181.13665419516127,556.053605637779,750.9973250000002
1014,O'Brien Men's Neoprene Life Vest,2015-12-21,44.0,44,16,1,57.504980079681275,14.781525449552028,3.4945779069164113,1.6269396156705422,0.6760714285714287,32.392857142857146,True,1.6760714285714287,5.8571621846995425,257.7151361267799,131.6433096252094,389.3584457519893,516.23
1014,O'Brien Men's Neoprene Life Vest,2015-12-22,47.0,47,14,1,57.504980079681275,14.781525449552028,3.4945779069164113,1.6269396156705422,0.6760714285714287,32.392857142857146,True,1.6760714285714287,5.8571621846995425,275.2866226808785,138.87177058426948,414.158393265148,551.4275
1014,O'Brien Men's Neoprene Life Vest,2015-12-23,73.0,73,26,1,57.504980079681275,14.781525449552028,3.4945779069164113,1.6269396156705422,0.6760714285714287,32.392857142857146,True,1.6760714285714287,5.8571621846995425,427.5728394830666,204.04138107850565,631.6142205615722,856.4725000000001
1014,O'Brien Men's Neoprene Life Vest,2015-12-24,88.01,88,27,1,57.504980079681275,14.781525449552028,3.4945779069164113,1.6269396156705422,0.6760714285714287,32.392857142857146,True,1.6760714285714287,5.8571621846995425,515.4888438754068,242.78247365078664,758.2713175261935,1032.5773250000002
1014,O'Brien Men's Neoprene Life Vest,2015-12-25,95.0,95,29,1,57.504980079681275,14.781525449552028,3.4945779069164113,1.6269396156705422,0.6760714285714287,32.392857142857146,True,1.6760714285714287,5.8571621846995425,556.4304075464565,260.9714487803373,817.4018563267939,1114.5875
1014,O'Brien Men's Neoprene Life Vest,2015-12-26,44.0,44,16,1,57.504980079681275,14.781525449552028,3.4945779069164113,1.6269396156705422,0.6760714285714287,32.392857142857146,True,1.6760714285714287,5.8571621846995425,257.7151361267799,131.6433096252094,389.3584457519893,516.23
1014,O'Brien Men's Neoprene Life Vest,2015-12-27,58.01,58,23,1,57.504980079681275,14.781525449552028,3.4945779069164113,1.6269396156705422,0.6760714285714287,32.392857142857146,True,1.6760714285714287,5.8571621846995425,339.77397833442046,166.03179450912415,505.8057728435446,680.6023250000001
1014,O'Brien Men's Neoprene Life Vest,2015-12-28,77.0,77,22,1,57.504980079681275,14.781525449552028,3.4945779069164113,1.6269396156705422,0.6760714285714287,32.392857142857146,True,1.6760714285714287,5.8571621846995425,451.00148822186475,214.31398583522378,665.3154740570885,903.4025
1014,O'Brien Men's Neoprene Life Vest,2015-12-29,54.0,54,19,1,57.504980079681275,14.781525449552028,3.4945779069164113,1.6269396156705422,0.6760714285714287,32.392857142857146,True,1.6760714285714287,5.8571621846995425,316.2867579737753,156.0428569707729,472.3296149445482,633.5550000000001
1014,O'Brien Men's Neoprene Life Vest,2015-12-30,78.0,78,24,1,57.504980079681275,14.781525449552028,3.4945779069164113,1.6269396156705422,0.6760714285714287,32.392857142857146,True,1.6760714285714287,5.8571621846995425,456.8586504065643,216.88867578872714,673.7473261952914,915.135
1014,O'Brien Men's Neoprene Life Vest,2015-12-31,45.01,45,16,1,57.504980079681275,14.781525449552028,3.4945779069164113,1.6269396156705422,0.6760714285714287,32.392857142857146,True,1.6760714285714287,5.8571621846995425,263.6308699333264,134.06671965336298,397.69758958668933,528.079825
1014,O'Brien Men's Neoprene Life Vest,2016-01-01,38.0,38,19,1,57.504980079681275,14.781525449552028,3.4945779069164113,1.6269396156705422,0.6760714285714287,32.392857142857146,True,1.6760714285714287,5.8571621846995425,222.57216301858261,117.4986362334065,340.0707992519891,445.83500000000004
1014,O'Brien Men's Neoprene Life Vest,2016-01-02,83.0,83,24,1,57.504980079681275,14.781525449552028,3.4945779069164113,1.6269396156705422,0.6760714285714287,32.392857142857146,True,1.6760714285714287,5.8571621846995425,486.14446133006203,229.7969613724928,715.9414227025549,973.7975
1014,O'Brien Men's Neoprene Life Vest,2016-01-03,51.0,51,19,1,57.504980079681275,14.781525449552028,3.4945779069164113,1.6269396156705422,0.6760714285714287,32.392857142857146,True,1.6760714285714287,5.8571621846995425,298.7152714196767,148.63759134962766,447.35286276930435,598.3575000000001
1014,O'Brien Men's Neoprene Life Vest,2016-01-04,30.0,30,11,1,57.504980079681275,14.781525449552028,3.4945779069164113,1.6269396156705422,0.6760714285714287,32.392857142857146,True,1.6760714285714287,5.8571621846995425,175.71486554098627,99.54616745789428,275.2610329988805,351.975
1014,O'Brien Men's Neoprene Life Vest,2016-01-05,56.0,56,17,1,57.504980079681275,14.781525449552028,3.4945779069164113,1.6269396156705422,0.6760714285714287,32.392857142857146,True,1.6760714285714287,5.8571621846995425,328.0010823431744,161.01291759791144,489.01399994108584,657.02
1014,O'Brien Men's Neoprene Life Vest,2016-01-06,46.0,46,17,1,57.504980079681275,14.781525449552028,3.4945779069164113,1.6269396156705422,0.6760714285714287,32.392857142857146,True,1.6760714285714287,5.8571621846995425,269.42946049617893,136.45233881735305,405.881799313532,539.695
1014,O'Brien Men's Neoprene Life Vest,2016-01-07,64.0,64,22,1,57.504980079681275,14.781525449552028,3.4945779069164113,1.6269396156705422,0.6760714285714287,32.392857142857146,True,1.6760714285714287,5.8571621846995425,374.8583798207707,181.11134300435816,555.9697228251289,750.88
1014,O'Brien Men's Neoprene Life Vest,2016-01-08,77.0,77,23,1,57.504980079681275,14.781525449552028,3.4945779069164113,1.6269396156705422,0.6760714285714287,32.392857142857146,True,1.6760714285714287,5.8571621846995425,451.00148822186475,214.31398583522378,665.3154740570885,903.4025
1014,O'Brien Men's Neoprene Life Vest,2016-01-09,39.0,39,11,1,57.504980079681275,14.781525449552028,3.4945779069164113,1.6269396156705422,0.6760714285714287,32.392857142857146,True,1.6760714285714287,5.8571621846995425,228.42932520328216,119.8225970522136,348.25192225549574,457.5675
1014,O'Brien Men's Neoprene Life Vest,2016-01-10,70.0,70,20,1,57.504980079681275,14.781525449552028,3.4945779069164113,1.6269396156705422,0.6760714285714287,32.392857142857146,True,1.6760714285714287,5.8571621846995425,410.001352928968,196.36726221529912,606.3686151442671,821.2750000000001
1014,O'Brien Men's Neoprene Life Vest,2016-01-11,72.0,72,24,1,57.504980079681275,14.781525449552028,3.4945779069164113,1.6269396156705422,0.6760714285714287,32.392857142857146,True,1.6760714285714287,5.8571621846995425,421.71567729836704,201.4802687291061,623.1959460274732,844.74
1014,O'Brien Men's Neoprene Life Vest,2016-01-12,59.0,59,19,1,57.504980079681275,14.781525449552028,3.4945779069164113,1.6269396156705422,0.6760714285714287,32.392857142857146,True,1.6760714285714287,5.8571621846995425,345.572568897273,168.51195580546155,514.0845247027346,692.2175000000001
1014,O'Brien Men's Neoprene Life Vest,2016-01-13,48.0,48,17,1,57.504980079681275,14.781525449552028,3.4945779069164113,1.6269396156705422,0.6760714285714287,32.392857142857146,True,1.6760714285714287,5.8571621846995425,281.143784865578,141.30046671119464,422.4442515767727,563.1600000000001
1014,O'Brien Men's Neoprene Life Vest,2016-01-14,54.0,54,17,1,57.504980079681275,14.781525449552028,3.4945779069164113,1.6269396156705422,0.6760714285714287,32.392857142857146,True,1.6760714285714287,5.8571621846995425,316.2867579737753,156.0428569707729,472.3296149445482,633.5550000000001
1014,O'Brien Men's Neoprene Life Vest,2016-01-15,59.0,59,23,1,57.504980079681275,14.781525449552028,3.4945779069164113,1.6269396156705422,0.6760714285714287,32.392857142857146,True,1.6760714285714287,5.8571621846995425,345.572568897273,168.51195580546155,514.0845247027346,692.2175000000001
1014,O'Brien Men's Neoprene Life Vest,2016-01-16,66.0,66,21,1,57.504980079681275,14.781525449552028,3.4945779069164113,1.6269396156705422,0.6760714285714287,32.392857142857146,True,1.6760714285714287,5.8571621846995425,386.5727041901698,186.18166292300856,572.7543671131784,774.345
1014,O'Brien Men's Neoprene Life Vest,2016-01-17,67.0,67,19,1,57.504980079681275,14.781525449552028,3.4945779069164113,1.6269396156705422,0.6760714285714287,32.392857142857146,True,1.6760714285714287,5.8571621846995425,392.42986637486933,188.72266988203833,581.1525362569076,786.0775
1014,O'Brien Men's Neoprene Life Vest,2016-01-18,55.0,55,18,1,57.504980079681275,14.781525449552028,3.4945779069164113,1.6269396156705422,0.6760714285714287,32.392857142857146,True,1.6760714285714287,5.8571621846995425,322.1439201584748,158.52477332247747,480.6686934809523,645.2875
1014,O'Brien Men's Neoprene Life Vest,2016-01-19,64.0,64,21,1,57.504980079681275,14.781525449552028,3.4945779069164113,1.6269396156705422,0.6760714285714287,32.392857142857146,True,1.6760714285714287,5.8571621846995425,374.8583798207707,181.11134300435816,555.9697228251289,750.88
1014,O'Brien Men's Neoprene Life Vest,2016-01-20,43.0,43,17,1,57.504980079681275,14.781525449552028,3.4945779069164113,1.6269396156705422,0.6760714285714287,32.392857142857146,True,1.6760714285714287,5.8571621846995425,251.85797394208032,129.254822215328,381.1127961574083,504.4975
1014,O'Brien Men's Neoprene Life Vest,2016-01-21,61.0,61,23,1,57.504980079681275,14.781525449552028,3.4945779069164113,1.6269396156705422,0.6760714285714287,32.392857142857146,True,1.6760714285714287,5.8571621846995425,357.2868932666721,173.5376586860744,530.8245519527466,715.6825
1014,O'Brien Men's Neoprene Life Vest,2016-01-22,50.0,50,15,1,57.504980079681275,14.781525449552028,3.4945779069164113,1.6269396156705422,0.6760714285714287,32.392857142857146,True,1.6760714285714287,5.8571621846995425,292.8581092349771,146.1838032796585,439.0419125146356,586.625
1014,O'Brien Men's Neoprene Life Vest,2016-01-23,60.0,60,22,1,57.504980079681275,14.781525449552028,3.4945779069164113,1.6269396156705422,0.6760714285714287,32.392857142857146,True,1.6760714285714287,5.8571621846995425,351.42973108197253,171.02232734429603,522.4520584262685,703.95
1014,O'Brien Men's Neoprene Life Vest,2016-01-24,60.0,60,20,1,57.504980079681275,14.781525449552028,3.4945779069164113,1.6269396156705422,0.6760714285714287,32.392857142857146,True,1.6760714285714287,5.8571621846995425,351.42973108197253,171.02232734429603,522.4520584262685,703.95
1014,O'Brien Men's Neoprene Life Vest,2016-01-25,77.0,77,24,1,57.504980079681275,14.781525449552028,3.4945779069164113,1.6269396156705422,0.6760714285714287,32.392857142857146,True,1.6760714285714287,5.8571621846995425,451.00148822186475,214.31398583522378,665.3154740570885,903.4025
1014,O'Brien Men's Neoprene Life Vest,2016-01-26,75.0,75,23,1,57.504980079681275,14.781525449552028,3.4945779069164113,1.6269396156705422,0.6760714285714287,32.392857142857146,True,1.6760714285714287,5.8571621846995425,439.2871638524657,209.17225962418595,648.4594234766516,879.9375
1014,O'Brien Men's Neoprene Life Vest,2016-01-27,62.0,62,22,1,57.504980079681275,14.781525449552028,3.4945779069164113,1.6269396156705422,0.6760714285714287,32.392857142857146,True,1.6760714285714287,5.8571621846995425,363.1440554513716,176.05773724928005,539.2017927006517,727.4150000000001
1014,O'Brien Men's Neoprene Life Vest,2016-01-28,56.0,56,15,1,57.504980079681275,14.781525449552028,3.4945779069164113,1.6269396156705422,0.6760714285714287,32.392857142857146,True,1.6760714285714287,5.8571621846995425,328.0010823431744,161.01291759791144,489.01399994108584,657.02
1014,O'Brien Men's Neoprene Life Vest,2016-01-29,59.0,59,18,1,57.504980079681275,14.781525449552028,3.4945779069164113,1.6269396156705422,0.6760714285714287,32.392857142857146,True,1.6760714285714287,5.8571621846995425,345.572568897273,168.51195580546155,514.0845247027346,692.2175000000001
1014,O'Brien Men's Neoprene Life Vest,2016-01-30,70.0,70,26,1,57.504980079681275,14.781525449552028,3.4945779069164113,1.6269396156705422,0.6760714285714287,32.392857142857146,True,1.6760714285714287,5.8571621846995425,410.001352928968,196.36726221529912,606.3686151442671,821.2750000000001
1014,O'Brien Men's Neoprene Life Vest,2016-01-31,59.0,59,20,1,57.504980079681275,14.781525449552028,3.4945779069164113,1.6269396156705422,0.6760714285714287,32.392857142857146,True,1.6760714285714287,5.8571621846995425,345.572568897273,168.51195580546155,514.0845247027346,692.2175000000001
1014,O'Brien Men's Neoprene Life Vest,2016-02-01,15.01,15,7,1,57.504980079681275,14.781525449552028,3.4945779069164113,1.6269396156705422,0.6760714285714287,32.392857142857146,True,1.6760714285714287,5.8571621846995425,87.91600439234013,71.25159452820449,159.1675989205446,176.104825
1073,Pelican Sunstream 100 Kayak,2015-11-14,8.0,8,8,1,15.413346613545817,4.072554977314458,3.4825848142164784,1.6233492546583836,0.57107,42.893,True,1.57107,5.471384524071082,43.77107619256866,26.494387760879594,70.26546395344825,87.97991999999999
1073,Pelican Sunstream 100 Kayak,2015-11-15,14.0,14,14,1,15.413346613545817,4.072554977314458,3.4825848142164784,1.6233492546583836,0.57107,42.893,True,1.57107,5.471384524071082,76.59938333699515,40.53709498937201,117.13647832636715,153.96486
1073,Pelican Sunstream 100 Kayak,2015-11-16,21.0,21,21,1,15.413346613545817,4.072554977314458,3.4825848142164784,1.6233492546583836,0.57107,42.893,True,1.57107,5.471384524071082,114.89907500549272,58.226904360456174,173.1259793659489,230.94728999999998
1073,Pelican Sunstream 100 Kayak,2015-11-17,13.0,13,13,1,15.413346613545817,4.072554977314458,3.4825848142164784,1.6233492546583836,0.57107,42.893,True,1.57107,5.471384524071082,71.12799881292406,38.08827536777454,109.2162741806986,142.96737
1073,Pelican Sunstream 100 Kayak,2015-11-18,20.0,20,20,1,15.413346613545817,4.072554977314458,3.4825848142164784,1.6233492546583836,0.57107,42.893,True,1.57107,5.471384524071082,109.42769048142165,55.65966064718761,165.08735112860927,219.94979999999998
1073,Pelican Sunstream 100 Kayak,2015-11-19,18.0,18,18,1,15.413346613545817,4.072554977314458,3.4825848142164784,1.6233492546583836,0.57107,42.893,True,1.57107,5.471384524071082,98.48492143327948,50.55724685373275,149.04216828701223,197.95481999999998
1073,Pelican Sunstream 100 Kayak,2015-11-20,10.0,10,10,1,15.413346613545817,4.072554977314458,3.4825848142164784,1.6233492546583836,0.57107,42.893,True,1.57107,5.471384524071082,54.713845240710825,30.962424254868086,85.67626949557891,109.97489999999999
1073,Pelican Sunstream 100 Kayak,2015-11-21,20.0,20,20,1,15.413346613545817,4.072554977314458,3.4825848142164784,1.6233492546583836,0.57107,42.893,True,1.57107,5.471384524071082,109.42769048142165,55.65966064718761,165.08735112860927,219.94979999999998
1073,Pelican Sunstream 100 Kayak,2015-11-22,14.0,14,14,1,15.413346613545817,4.072554977314458,3.4825848142164784,1.6233492546583836,0.57107,42.893,True,1.57107,5.471384524071082,76.59938333699515,40.53709498937201,117.13647832636715,153.96486
1073,Pelican Sunstream 100 Kayak,2015-11-23,20.0,20,20,1,15.413346613545817,4.072554977314458,3.4825848142164784,1.6233492546583836,0.57107,42.893,True,1.57107,5.471384524071082,109.42769048142165,55.65966064718761,165.08735112860927,219.94979999999998
1073,Pelican Sunstream 100 Kayak,2015-11-24,14.0,14,14,1,15.413346613545817,4.072554977314458,3.4825848142164784,1.6233492546583836,0.57107,42.893,True,1.57107,5.471384524071082,76.59938333699515,40.53709498937201,117.13647832636715,153.96486
1073,Pelican Sunstream 100 Kayak,2015-11-25,13.0,13,13,1,15.413346613545817,4.072554977314458,3.4825848142164784,1.6233492546583836,0.57107,42.893,True,1.57107,5.471384524071082,71.12799881292406,38.08827536777454,109.2162741806986,142.96737
1073,Pelican Sunstream 100 Kayak,2015-11-26,16.0,16,16,1,15.413346613545817,4.072554977314458,3.4825848142164784,1.6233492546583836,0.57107,42.893,True,1.57107,5.471384524071082,87.54215238513731,45.509573626894124,133.05172601203145,175.95983999999999
1073,Pelican Sunstream 100 Kayak,2015-11-27,19.0,19,19,1,15.413346613545817,4.072554977314458,3.4825848142164784,1.6233492546583836,0.57107,42.893,True,1.57107,5.471384524071082,103.95630595735057,53.10259343355343,157.058899390904,208.95230999999998
1073,Pelican Sunstream 100 Kayak,2015-11-28,12.0,12,12,1,15.413346613545817,4.072554977314458,3.4825848142164784,1.6233492546583836,0.57107,42.893,True,1.57107,5.471384524071082,65.65661428885298,35.67127058090704,101.32788486976003,131.96988
1073,Pelican Sunstream 100 Kayak,2015-11-29,19.0,19,19,1,15.413346613545817,4.072554977314458,3.4825848142164784,1.6233492546583836,0.57107,42.893,True,1.57107,5.471384524071082,103.95630595735057,53.10259343355343,157.058899390904,208.95230999999998
1073,Pelican Sunstream 100 Kayak,2015-11-30,18.0,18,18,1,15.413346613545817,4.072554977314458,3.4825848142164784,1.6233492546583836,0.57107,42.893,True,1.57107,5.471384524071082,98.48492143327948,50.55724685373275,149.04216828701223,197.95481999999998
1073,Pelican Sunstream 100 Kayak,2015-12-01,16.0,16,16,1,15.413346613545817,4.072554977314458,3.4825848142164784,1.6233492546583836,0.57107,42.893,True,1.57107,5.471384524071082,87.54215238513731,45.509573626894124,133.05172601203145,175.95983999999999
1073,Pelican Sunstream 100 Kayak,2015-12-02,19.0,19,19,1,15.413346613545817,4.072554977314458,3.4825848142164784,1.6233492546583836,0.57107,42.893,True,1.57107,5.471384524071082,103.95630595735057,53.10259343355343,157.058899390904,208.95230999999998
1073,Pelican Sunstream 100 Kayak,2015-12-03,19.0,19,19,1,15.413346613545817,4.072554977314458,3.4825848142164784,1.6233492546583836,0.57107,42.893,True,1.57107,5.471384524071082,103.95630595735057,53.10259343355343,157.058899390904,208.95230999999998
1073,Pelican Sunstream 100 Kayak,2015-12-04,14.0,14,14,1,15.413346613545817,4.072554977314458,3.4825848142164784,1.6233492546583836,0.57107,42.893,True,1.57107,5.471384524071082,76.59938333699515,40.53709498937201,117.13647832636715,153.96486
1073,Pelican Sunstream 100 Kayak,2015-12-05,23.0,23,23,1,15.413346613545817,4.072554977314458,3.4825848142164784,1.6233492546583836,0.57107,42.893,True,1.57107,5.471384524071082,125.84184405363489,63.386970661464744,189.22881471509965,252.94227
1073,Pelican Sunstream 100 Kayak,2015-12-06,21.0,21,21,1,15.413346613545817,4.072554977314458,3.4825848142164784,1.6233492546583836,0.57107,42.893,True,1.57107,5.471384524071082,114.89907500549272,58.226904360456174,173.1259793659489,230.94728999999998
1073,Pelican Sunstream 100 Kayak,2015-12-07,16.0,16,16,1,15.413346613545817,4.072554977314458,3.4825848142164784,1.6233492546583836,0.57107,42.893,True,1.57107,5.471384524071082,87.54215238513731,45.509573626894124,133.05172601203145,175.95983999999999
1073,Pelican Sunstream 100 Kayak,2015-12-08,12.0,12,12,1,15.413346613545817,4.072554977314458,3.4825848142164784,1.6233492546583836,0.57107,42.893,True,1.57107,5.471384524071082,65.65661428885298,35.67127058090704,101.32788486976003,131.96988
1073,Pelican Sunstream 100 Kayak,2015-12-09,10.0,10,10,1,15.413346613545817,4.072554977314458,3.4825848142164784,1.6233492546583836,0.57107,42.893,True,1.57107,5.471384524071082,54.713845240710825,30.962424254868086,85.67626949557891,109.97489999999999
1073,Pelican Sunstream 100 Kayak,2015-12-10,23.0,23,23,1,15.413346613545817,4.072554977314458,3.4825848142164784,1.6233492546583836,0.57107,42.893,True,1.57107,5.471384524071082,125.84184405363489,63.386970661464744,189.22881471509965,252.94227
1073,Pelican Sunstream 100 Kayak,2015-12-11,22.0,22,22,1,15.413346613545817,4.072554977314458,3.4825848142164784,1.6233492546583836,0.57107,42.893,True,1.57107,5.471384524071082,120.3704595295638,60.80303556150914,181.17349509107294,241.94478
1073,Pelican Sunstream 100 Kayak,2015-12-12,23.0,23,23,1,15.413346613545817,4.072554977314458,3.4825848142164784,1.6233492546583836,0.57107,42.893,True,1.57107,5.471384524071082,125.84184405363489,63.386970661464744,189.22881471509965,252.94227
1073,Pelican Sunstream 100 Kayak,2015-12-13,10.0,10,10,1,15.413346613545817,4.072554977314458,3.4825848142164784,1.6233492546583836,0.57107,42.893,True,1.57107,5.471384524071082,54.713845240710825,30.962424254868086,85.67626949557891,109.97489999999999
1073,Pelican Sunstream 100 Kayak,2015-12-14,24.0,24,24,1,15.413346613545817,4.072554977314458,3.4825848142164784,1.6233492546583836,0.57107,42.893,True,1.57107,5.471384524071082,131.31322857770596,65.97779277780857,197.29102135551454,263.93976
1073,Pelican Sunstream 100 Kayak,2015-12-15,14.0,14,14,1,15.413346613545817,4.072554977314458,3.4825848142164784,1.6233492546583836,0.57107,42.893,True,1.57107,5.471384524071082,76.59938333699515,40.53709498937201,117.13647832636715,153.96486
1073,Pelican Sunstream 100 Kayak,2015-12-16,9.0,9,9,1,15.413346613545817,4.072554977314458,3.4825848142164784,1.6233492546583836,0.57107,42.893,True,1.57107,5.471384524071082,49.24246071663974,28.69113211875299,77.93359283539273,98.97740999999999
1073,Pelican Sunstream 100 Kayak,2015-12-17,10.0,10,10,1,15.413346613545817,4.072554977314458,3.4825848142164784,1.6233492546583836,0.57107,42.893,True,1.57107,5.471384524071082,54.713845240710825,30.962424254868086,85.67626949557891,109.97489999999999
1073,Pelican Sunstream 100 Kayak,2015-12-18,15.0,15,15,1,15.413346613545817,4.072554977314458,3.4825848142164784,1.6233492546583836,0.57107,42.893,True,1.57107,5.471384524071082,82.07076786106623,43.012295845654734,125.08306370672096,164.96235
1073,Pelican Sunstream 100 Kayak,2015-12-19,14.0,14,14,1,15.413346613545817,4.072554977314458,3.4825848142164784,1.6233492546583836,0.57107,42.893,True,1.57107,5.471384524071082,76.59938333699515,40.53709498937201,117.13647832636715,153.96486
1073,Pelican Sunstream 100 Kayak,2015-12-20,18.0,18,18,1,15.413346613545817,4.072554977314458,3.4825848142164784,1.6233492546583836,0.57107,42.893,True,1.57107,5.471384524071082,98.48492143327948,50.55724685373275,149.04216828701223,197.95481999999998
1073,Pelican Sunstream 100 Kayak,2015-12-21,17.0,17,17,1,15.413346613545817,4.072554977314458,3.4825848142164784,1.6233492546583836,0.57107,42.893,True,1.57107,5.471384524071082,93.0135369092084,48.02548452165869,141.03902143086708,186.95732999999998
1073,Pelican Sunstream 100 Kayak,2015-12-22,13.0,13,13,1,15.413346613545817,4.072554977314458,3.4825848142164784,1.6233492546583836,0.57107,42.893,True,1.57107,5.471384524071082,71.12799881292406,38.08827536777454,109.2162741806986,142.96737
1073,Pelican Sunstream 100 Kayak,2015-12-23,15.0,15,15,1,15.413346613545817,4.072554977314458,3.4825848142164784,1.6233492546583836,0.57107,42.893,True,1.57107,5.471384524071082,82.07076786106623,43.012295845654734,125.08306370672096,164.96235
1073,Pelican Sunstream 100 Kayak,2015-12-24,14.0,14,14,1,15.413346613545817,4.072554977314458,3.4825848142164784,1.6233492546583836,0.57107,42.893,True,1.57107,5.471384524071082,76.59938333699515,40.53709498937201,117.13647832636715,153.96486
1073,Pelican Sunstream 100 Kayak,2015-12-25,18.0,18,18,1,15.413346613545817,4.072554977314458,3.4825848142164784,1.6233492546583836,0.57107,42.893,True,1.57107,5.471384524071082,98.48492143327948,50.55724685373275,149.04216828701223,197.95481999999998
1073,Pelican Sunstream 100 Kayak,2015-12-26,14.0,14,14,1,15.413346613545817,4.072554977314458,3.4825848142164784,1.6233492546583836,0.57107,42.893,True,1.57107,5.471384524071082,76.59938333699515,40.53709498937201,117.13647832636715,153.96486
1073,Pelican Sunstream 100 Kayak,2015-12-27,17.0,17,17,1,15.413346613545817,4.072554977314458,3.4825848142164784,1.6233492546583836,0.57107,42.893,True,1.57107,5.471384524071082,93.0135369092084,48.02548452165869,141.03902143086708,186.95732999999998
1073,Pelican Sunstream 100 Kayak,2015-12-28,16.0,16,16,1,15.413346613545817,4.072554977314458,3.4825848142164784,1.6233492546583836,0.57107,42.893,True,1.57107,5.471384524071082,87.54215238513731,45.509573626894124,133.05172601203145,175.95983999999999
1073,Pelican Sunstream 100 Kayak,2015-12-29,16.0,16,16,1,15.413346613545817,4.072554977314458,3.4825848142164784,1.6233492546583836,0.57107,42.893,True,1.57107,5.471384524071082,87.54215238513731,45.509573626894124,133.05172601203145,175.95983999999999
1073,Pelican Sunstream 100 Kayak,2015-12-30,14.0,14,14,1,15.413346613545817,4.072554977314458,3.4825848142164784,1.6233492546583836,0.57107,42.893,True,1.57107,5.471384524071082,76.59938333699515,40.53709498937201,117.13647832636715,153.96486
1073,Pelican Sunstream 100 Kayak,2015-12-31,12.0,12,12,1,15.413346613545817,4.072554977314458,3.4825848142164784,1.6233492546583836,0.57107,42.893,True,1.57107,5.471384524071082,65.65661428885298,35.67127058090704,101.32788486976003,131.96988
1073,Pelican Sunstream 100 Kayak,2016-01-01,15.0,15,15,1,15.413346613545817,4.072554977314458,3.4825848142164784,1.6233492546583836,0.57107,42.893,True,1.57107,5.471384524071082,82.07076786106623,43.012295845654734,125.08306370672096,164.96235
1073,Pelican Sunstream 100 Kayak,2016-01-02,14.0,14,14,1,15.413346613545817,4.072554977314458,3.4825848142164784,1.6233492546583836,0.57107,42.893,True,1.57107,5.471384524071082,76.59938333699515,40.53709498937201,117.13647832636715,153.96486
1073,Pelican Sunstream 100 Kayak,2016-01-03,15.0,15,15,1,15.413346613545817,4.072554977314458,3.4825848142164784,1.6233492546583836,0.57107,42.893,True,1.57107,5.471384524071082,82.07076786106623,43.012295845654734,125.08306370672096,164.96235
1073,Pelican Sunstream 100 Kayak,2016-01-04,13.0,13,13,1,15.413346613545817,4.072554977314458,3.4825848142164784,1.6233492546583836,0.57107,42.893,True,1.57107,5.471384524071082,71.12799881292406,38.08827536777454,109.2162741806986,142.96737
1073,Pelican Sunstream 100 Kayak,2016-01-05,9.01,9,9,1,15.413346613545817,4.072554977314458,3.4825848142164784,1.6233492546583836,0.57107,42.893,True,1.57107,5.471384524071082,49.297174561880446,28.71350502862747,78.01067959050792,99.0873849
1073,Pelican Sunstream 100 Kayak,2016-01-06,14.01,14,14,1,15.413346613545817,4.072554977314458,3.4825848142164784,1.6233492546583836,0.57107,42.893,True,1.57107,5.471384524071082,76.65409718223586,40.56172441666139,117.21582159889725,154.07483489999998
1073,Pelican Sunstream 100 Kayak,2016-01-07,19.01,19,19,1,15.413346613545817,4.072554977314458,3.4825848142164784,1.6233492546583836,0.57107,42.893,True,1.57107,5.471384524071082,104.01101980259128,53.12810890242216,157.13912870501343,209.06228490000004
1073,Pelican Sunstream 100 Kayak,2016-01-08,14.01,14,14,1,15.413346613545817,4.072554977314458,3.4825848142164784,1.6233492546583836,0.57107,42.893,True,1.57107,5.471384524071082,76.65409718223586,40.56172441666139,117.21582159889725,154.07483489999998
1073,Pelican Sunstream 100 Kayak,2016-01-09,10.0,10,10,1,15.413346613545817,4.072554977314458,3.4825848142164784,1.6233492546583836,0.57107,42.893,True,1.57107,5.471384524071082,54.713845240710825,30.962424254868086,85.67626949557891,109.97489999999999
1073,Pelican Sunstream 100 Kayak,2016-01-10,12.01,12,12,1,15.413346613545817,4.072554977314458,3.4825848142164784,1.6233492546583836,0.57107,42.893,True,1.57107,5.471384524071082,65.71132813409369,35.69526185435659,101.40658998845028,132.0798549
1073,Pelican Sunstream 100 Kayak,2016-01-11,19.0,19,19,1,15.413346613545817,4.072554977314458,3.4825848142164784,1.6233492546583836,0.57107,42.893,True,1.57107,5.471384524071082,103.95630595735057,53.10259343355343,157.058899390904,208.95230999999998
1073,Pelican Sunstream 100 Kayak,2016-01-12,8.0,8,8,1,15.413346613545817,4.072554977314458,3.4825848142164784,1.6233492546583836,0.57107,42.893,True,1.57107,5.471384524071082,43.77107619256866,26.494387760879594,70.26546395344825,87.97991999999999
1073,Pelican Sunstream 100 Kayak,2016-01-13,16.0,16,16,1,15.413346613545817,4.072554977314458,3.4825848142164784,1.6233492546583836,0.57107,42.893,True,1.57107,5.471384524071082,87.54215238513731,45.509573626894124,133.05172601203145,175.95983999999999
1073,Pelican Sunstream 100 Kayak,2016-01-14,12.0,12,12,1,15.413346613545817,4.072554977314458,3.4825848142164784,1.6233492546583836,0.57107,42.893,True,1.57107,5.471384524071082,65.65661428885298,35.67127058090704,101.32788486976003,131.96988
1073,Pelican Sunstream 100 Kayak,2016-01-15,14.0,14,14,1,15.413346613545817,4.072554977314458,3.4825848142164784,1.6233492546583836,0.57107,42.893,True,1.57107,5.471384524071082,76.59938333699515,40.53709498937201,117.13647832636715,153.96486
1073,Pelican Sunstream 100 Kayak,2016-01-16,22.0,22,22,1,15.413346613545817,4.072554977314458,3.4825848142164784,1.6233492546583836,0.57107,42.893,True,1.57107,5.471384524071082,120.3704595295638,60.80303556150914,181.17349509107294,241.94478
1073,Pelican Sunstream 100 Kayak,2016-01-17,16.0,16,16,1,15.413346613545817,4.072554977314458,3.4825848142164784,1.6233492546583836,0.57107,42.893,True,1.57107,5.471384524071082,87.54215238513731,45.509573626894124,133.05172601203145,175.95983999999999
1073,Pelican Sunstream 100 Kayak,2016-01-18,15.0,15,15,1,15.413346613545817,4.072554977314458,3.4825848142164784,1.6233492546583836,0.57107,42.893,True,1.57107,5.471384524071082,82.07076786106623,43.012295845654734,125.08306370672096,164.96235
1073,Pelican Sunstream 100 Kayak,2016-01-19,12.0,12,12,1,15.413346613545817,4.072554977314458,3.4825848142164784,1.6233492546583836,0.57107,42.893,True,1.57107,5.471384524071082,65.65661428885298,35.67127058090704,101.32788486976003,131.96988
1073,Pelican Sunstream 100 Kayak,2016-01-20,18.0,18,18,1,15.413346613545817,4.072554977314458,3.4825848142164784,1.6233492546583836,0.57107,42.893,True,1.57107,5.471384524071082,98.48492143327948,50.55724685373275,149.04216828701223,197.95481999999998
1073,Pelican Sunstream 100 Kayak,2016-01-21,12.0,12,12,1,15.413346613545817,4.072554977314458,3.4825848142164784,1.6233492546583836,0.57107,42.893,True,1.57107,5.471384524071082,65.65661428885298,35.67127058090704,101.32788486976003,131.96988
1073,Pelican Sunstream 100 Kayak,2016-01-22,11.0,11,11,1,15.413346613545817,4.072554977314458,3.4825848142164784,1.6233492546583836,0.57107,42.893,True,1.57107,5.471384524071082,60.1852297647819,33.293010426694046,93.47824019147595,120.97239
1073,Pelican Sunstream 100 Kayak,2016-01-23,5.0,5,5,1,15.413346613545817,4.072554977314458,3.4825848142164784,1.6233492546583836,0.57107,42.893,True,1.57107,5.471384524071082,27.356922620355412,20.58737935806869,47.94430197842411,54.987449999999995
1073,Pelican Sunstream 100 Kayak,2016-01-24,15.0,15,15,1,15.413346613545817,4.072554977314458,3.4825848142164784,1.6233492546583836,0.57107,42.893,True,1.57107,5.471384524071082,82.07076786106623,43.012295845654734,125.08306370672096,164.96235
1073,Pelican Sunstream 100 Kayak,2016-01-25,14.0,14,14,1,15.413346613545817,4.072554977314458,3.4825848142164784,1.6233492546583836,0.57107,42.893,True,1.57107,5.471384524071082,76.59938333699515,40.53709498937201,117.13647832636715,153.96486
1073,Pelican Sunstream 100 Kayak,2016-01-26,17.0,17,17,1,15.413346613545817,4.072554977314458,3.4825848142164784,1.6233492546583836,0.57107,42.893,True,1.57107,5.471384524071082,93.0135369092084,48.02548452165869,141.03902143086708,186.95732999999998
1073,Pelican Sunstream 100 Kayak,2016-01-27,18.0,18,18,1,15.413346613545817,4.072554977314458,3.4825848142164784,1.6233492546583836,0.57107,42.893,True,1.57107,5.471384524071082,98.48492143327948,50.55724685373275,149.04216828701223,197.95481999999998
1073,Pelican Sunstream 100 Kayak,2016-01-28,11.0,11,11,1,15.413346613545817,4.072554977314458,3.4825848142164784,1.6233492546583836,0.57107,42.893,True,1.57107,5.471384524071082,60.1852297647819,33.293010426694046,93.47824019147595,120.97239
1073,Pelican Sunstream 100 Kayak,2016-01-29,19.0,19,19,1,15.413346613545817,4.072554977314458,3.4825848142164784,1.6233492546583836,0.57107,42.893,True,1.57107,5.471384524071082,103.95630595735057,53.10259343355343,157.058899390904,208.95230999999998
1073,Pelican Sunstream 100 Kayak,2016-01-30,24.0,24,24,1,15.413346613545817,4.072554977314458,3.4825848142164784,1.6233492546583836,0.57107,42.893,True,1.57107,5.471384524071082,131.31322857770596,65.97779277780857,197.29102135551454,263.93976
1073,Pelican Sunstream 100 Kayak,2016-01-31,21.0,21,21,1,15.413346613545817,4.072554977314458,3.4825848142164784,1.6233492546583836,0.57107,42.893,True,1.57107,5.471384524071082,114.89907500549272,58.226904360456174,173.1259793659489,230.94728999999998
1073,Pelican Sunstream 100 Kayak,2016-02-01,7.0,7,7,1,15.413346613545817,4.072554977314458,3.4825848142164784,1.6233492546583836,0.57107,42.893,True,1.57107,5.471384524071082,38.29969166849757,24.39234054867971,62.692032217177285,76.98243
