Product Card Id,Product Name,Forecast_Date,Forecasted_Demand,Actual_Demand,Forecast_Transactions,Supplier_Risk_Available,Supplier_Trust_Score_Mean,Supplier_Trust_Score_Min,Supplier_Trust_Score_Max,Disruption_Probability_Mean,Supplier_Risk_Observations
37,adidas Kids' F5 Messi FG Soccer Cleat,2015-11-16,1.01,1,1,0,,,,,
37,adidas Kids' F5 Messi FG Soccer Cleat,2015-11-17,3.01,3,1,0,,,,,
37,adidas Kids' F5 Messi FG Soccer Cleat,2015-11-18,7.0,7,2,0,,,,,
37,adidas Kids' F5 Messi FG Soccer Cleat,2015-11-21,5.03,5,1,0,,,,,
37,adidas Kids' F5 Messi FG Soccer Cleat,2015-11-23,1.0,1,1,0,,,,,
37,adidas Kids' F5 Messi FG Soccer Cleat,2015-11-29,5.0,5,1,0,,,,,
37,adidas Kids' F5 Messi FG Soccer Cleat,2015-11-30,3.0,3,1,0,,,,,
37,adidas Kids' F5 Messi FG Soccer Cleat,2015-12-03,2.0,2,1,0,,,,,
37,adidas Kids' F5 Messi FG Soccer Cleat,2015-12-07,6.02,6,2,0,,,,,
37,adidas Kids' F5 Messi FG Soccer Cleat,2015-12-09,3.01,3,1,0,,,,,
37,adidas Kids' F5 Messi FG Soccer Cleat,2015-12-12,3.0,3,1,0,,,,,
37,adidas Kids' F5 Messi FG Soccer Cleat,2015-12-14,1.0,1,1,0,,,,,
37,adidas Kids' F5 Messi FG Soccer Cleat,2015-12-16,5.0,5,1,0,,,,,
37,adidas Kids' F5 Messi FG Soccer Cleat,2015-12-18,3.0,3,1,0,,,,,
37,adidas Kids' F5 Messi FG Soccer Cleat,2015-12-21,1.0,1,1,0,,,,,
37,adidas Kids' F5 Messi FG Soccer Cleat,2015-12-23,3.97,4,1,0,,,,,
37,adidas Kids' F5 Messi FG Soccer Cleat,2015-12-26,5.01,5,1,0,,,,,
37,adidas Kids' F5 Messi FG Soccer Cleat,2015-12-27,3.01,3,1,0,,,,,
37,adidas Kids' F5 Messi FG Soccer Cleat,2015-12-29,2.98,3,1,0,,,,,
37,adidas Kids' F5 Messi FG Soccer Cleat,2016-01-01,1.01,1,1,0,,,,,
37,adidas Kids' F5 Messi FG Soccer Cleat,2016-01-04,2.0,2,1,0,,,,,
37,adidas Kids' F5 Messi FG Soccer Cleat,2016-01-10,4.02,4,1,0,,,,,
37,adidas Kids' F5 Messi FG Soccer Cleat,2016-01-12,6.970000000000001,7,2,0,,,,,
37,adidas Kids' F5 Messi FG Soccer Cleat,2016-01-22,4.02,4,1,0,,,,,
37,adidas Kids' F5 Messi FG Soccer Cleat,2016-01-26,2.01,2,1,0,,,,,
37,adidas Kids' F5 Messi FG Soccer Cleat,2016-01-29,2.99,3,1,0,,,,,
37,adidas Kids' F5 Messi FG Soccer Cleat,2016-01-31,2.0,2,1,0,,,,,
44,adidas Men's F10 Messi TRX FG Soccer Cleat,2015-12-02,1.0,1,1,1,2.05,2.05,2.05,97.95,1.0
44,adidas Men's F10 Messi TRX FG Soccer Cleat,2015-12-03,3.0,3,1,1,2.05,2.05,2.05,97.95,1.0
44,adidas Men's F10 Messi TRX FG Soccer Cleat,2015-12-04,3.0,3,1,1,2.05,2.05,2.05,97.95,1.0
44,adidas Men's F10 Messi TRX FG Soccer Cleat,2015-12-06,1.0,1,1,1,2.05,2.05,2.05,97.95,1.0
44,adidas Men's F10 Messi TRX FG Soccer Cleat,2015-12-08,5.0,5,2,1,2.05,2.05,2.05,97.95,1.0
44,adidas Men's F10 Messi TRX FG Soccer Cleat,2015-12-10,5.0,5,1,1,2.05,2.05,2.05,97.95,1.0
44,adidas Men's F10 Messi TRX FG Soccer Cleat,2015-12-13,8.0,8,2,1,2.05,2.05,2.05,97.95,1.0
44,adidas Men's F10 Messi TRX FG Soccer Cleat,2015-12-19,5.0,5,1,1,2.05,2.05,2.05,97.95,1.0
44,adidas Men's F10 Messi TRX FG Soccer Cleat,2015-12-22,4.0,4,1,1,2.05,2.05,2.05,97.95,1.0
44,adidas Men's F10 Messi TRX FG Soccer Cleat,2015-12-30,2.0,2,1,1,2.05,2.05,2.05,97.95,1.0
44,adidas Men's F10 Messi TRX FG Soccer Cleat,2016-01-04,2.0,2,1,1,2.05,2.05,2.05,97.95,1.0
44,adidas Men's F10 Messi TRX FG Soccer Cleat,2016-01-19,1.04,1,1,1,2.05,2.05,2.05,97.95,1.0
44,adidas Men's F10 Messi TRX FG Soccer Cleat,2016-01-21,5.0,5,1,1,2.05,2.05,2.05,97.95,1.0
44,adidas Men's F10 Messi TRX FG Soccer Cleat,2016-01-22,2.0,2,1,1,2.05,2.05,2.05,97.95,1.0
44,adidas Men's F10 Messi TRX FG Soccer Cleat,2016-01-24,7.0,7,2,1,2.05,2.05,2.05,97.95,1.0
44,adidas Men's F10 Messi TRX FG Soccer Cleat,2016-01-25,2.0,2,1,1,2.05,2.05,2.05,97.95,1.0
93,Under Armour Men's Tech II T-Shirt,2015-11-20,2.0,2,1,0,,,,,
93,Under Armour Men's Tech II T-Shirt,2015-11-28,2.0,2,1,0,,,,,
93,Under Armour Men's Tech II T-Shirt,2015-11-29,0.99,1,1,0,,,,,
93,Under Armour Men's Tech II T-Shirt,2015-11-30,5.0,5,1,0,,,,,
93,Under Armour Men's Tech II T-Shirt,2015-12-04,1.0,1,1,0,,,,,
93,Under Armour Men's Tech II T-Shirt,2015-12-05,7.0,7,2,0,,,,,
93,Under Armour Men's Tech II T-Shirt,2015-12-06,2.0,2,1,0,,,,,
93,Under Armour Men's Tech II T-Shirt,2015-12-09,2.0,2,1,0,,,,,
93,Under Armour Men's Tech II T-Shirt,2015-12-15,5.01,5,1,0,,,,,
93,Under Armour Men's Tech II T-Shirt,2015-12-22,2.0,2,1,0,,,,,
93,Under Armour Men's Tech II T-Shirt,2015-12-26,5.0,5,1,0,,,,,
93,Under Armour Men's Tech II T-Shirt,2015-12-27,4.99,5,2,0,,,,,
93,Under Armour Men's Tech II T-Shirt,2016-01-11,2.0,2,1,0,,,,,
93,Under Armour Men's Tech II T-Shirt,2016-01-18,3.0,3,1,0,,,,,
93,Under Armour Men's Tech II T-Shirt,2016-01-27,9.0,9,2,0,,,,,
93,Under Armour Men's Tech II T-Shirt,2016-01-30,4.0,4,1,0,,,,,
116,Nike Men's Comfort 2 Slide,2015-11-16,1.99,2,1,0,,,,,
116,Nike Men's Comfort 2 Slide,2015-11-19,5.02,5,1,0,,,,,
116,Nike Men's Comfort 2 Slide,2015-11-22,2.01,2,1,0,,,,,
116,Nike Men's Comfort 2 Slide,2015-11-27,9.02,9,2,0,,,,,
116,Nike Men's Comfort 2 Slide,2015-11-28,4.0,4,1,0,,,,,
116,Nike Men's Comfort 2 Slide,2015-12-07,4.02,4,1,0,,,,,
116,Nike Men's Comfort 2 Slide,2015-12-10,1.0,1,1,0,,,,,
116,Nike Men's Comfort 2 Slide,2015-12-11,3.99,4,2,0,,,,,
116,Nike Men's Comfort 2 Slide,2015-12-12,6.01,6,2,0,,,,,
116,Nike Men's Comfort 2 Slide,2015-12-13,0.99,1,1,0,,,,,
116,Nike Men's Comfort 2 Slide,2015-12-18,3.03,3,1,0,,,,,
116,Nike Men's Comfort 2 Slide,2015-12-19,7.98,8,2,0,,,,,
116,Nike Men's Comfort 2 Slide,2015-12-20,1.0,1,1,0,,,,,
116,Nike Men's Comfort 2 Slide,2015-12-23,2.0,2,1,0,,,,,
116,Nike Men's Comfort 2 Slide,2015-12-26,1.0,1,1,0,,,,,
116,Nike Men's Comfort 2 Slide,2015-12-31,4.99,5,1,0,,,,,
116,Nike Men's Comfort 2 Slide,2016-01-01,2.01,2,1,0,,,,,
116,Nike Men's Comfort 2 Slide,2016-01-03,5.0,5,1,0,,,,,
116,Nike Men's Comfort 2 Slide,2016-01-04,4.99,5,1,0,,,,,
116,Nike Men's Comfort 2 Slide,2016-01-05,4.99,5,1,0,,,,,
116,Nike Men's Comfort 2 Slide,2016-01-17,1.01,1,1,0,,,,,
116,Nike Men's Comfort 2 Slide,2016-01-18,3.0,3,1,0,,,,,
116,Nike Men's Comfort 2 Slide,2016-01-22,2.99,3,1,0,,,,,
116,Nike Men's Comfort 2 Slide,2016-01-26,1.0,1,1,0,,,,,
116,Nike Men's Comfort 2 Slide,2016-01-30,3.01,3,1,0,,,,,
134,Nike Women's Legend V-Neck T-Shirt,2015-11-17,1.0,1,1,0,,,,,
134,Nike Women's Legend V-Neck T-Shirt,2015-11-20,2.0,2,1,0,,,,,
134,Nike Women's Legend V-Neck T-Shirt,2015-11-21,2.0,2,2,0,,,,,
134,Nike Women's Legend V-Neck T-Shirt,2015-11-22,2.0,2,1,0,,,,,
134,Nike Women's Legend V-Neck T-Shirt,2015-11-27,3.03,3,1,0,,,,,
134,Nike Women's Legend V-Neck T-Shirt,2015-12-02,1.0,1,1,0,,,,,
134,Nike Women's Legend V-Neck T-Shirt,2015-12-03,1.99,2,1,0,,,,,
134,Nike Women's Legend V-Neck T-Shirt,2015-12-04,1.98,2,1,0,,,,,
134,Nike Women's Legend V-Neck T-Shirt,2015-12-07,1.0,1,1,0,,,,,
134,Nike Women's Legend V-Neck T-Shirt,2015-12-08,5.01,5,1,0,,,,,
134,Nike Women's Legend V-Neck T-Shirt,2015-12-09,1.0,1,1,0,,,,,
134,Nike Women's Legend V-Neck T-Shirt,2015-12-11,9.0,9,2,0,,,,,
134,Nike Women's Legend V-Neck T-Shirt,2015-12-12,5.0,5,1,0,,,,,
134,Nike Women's Legend V-Neck T-Shirt,2015-12-15,5.0,5,1,0,,,,,
134,Nike Women's Legend V-Neck T-Shirt,2015-12-18,4.99,5,2,0,,,,,
134,Nike Women's Legend V-Neck T-Shirt,2015-12-19,1.99,2,1,0,,,,,
134,Nike Women's Legend V-Neck T-Shirt,2015-12-21,1.01,1,1,0,,,,,
134,Nike Women's Legend V-Neck T-Shirt,2015-12-22,1.0,1,1,0,,,,,
134,Nike Women's Legend V-Neck T-Shirt,2015-12-23,4.0,4,1,0,,,,,
134,Nike Women's Legend V-Neck T-Shirt,2015-12-30,1.0,1,1,0,,,,,
134,Nike Women's Legend V-Neck T-Shirt,2015-12-31,1.0,1,1,0,,,,,
134,Nike Women's Legend V-Neck T-Shirt,2016-01-01,1.0,1,1,0,,,,,
134,Nike Women's Legend V-Neck T-Shirt,2016-01-02,1.99,2,1,0,,,,,
134,Nike Women's Legend V-Neck T-Shirt,2016-01-05,8.0,8,2,0,,,,,
134,Nike Women's Legend V-Neck T-Shirt,2016-01-07,5.0,5,1,0,,,,,
134,Nike Women's Legend V-Neck T-Shirt,2016-01-08,1.05,1,1,0,,,,,
134,Nike Women's Legend V-Neck T-Shirt,2016-01-13,3.0,3,1,0,,,,,
134,Nike Women's Legend V-Neck T-Shirt,2016-01-19,1.0,1,1,0,,,,,
134,Nike Women's Legend V-Neck T-Shirt,2016-01-28,7.0,7,2,0,,,,,
134,Nike Women's Legend V-Neck T-Shirt,2016-01-29,2.0,2,1,0,,,,,
134,Nike Women's Legend V-Neck T-Shirt,2016-01-31,1.0,1,1,0,,,,,
135,Nike Dri-FIT Crew Sock 6 Pack,2015-11-21,2.98,3,1,0,,,,,
135,Nike Dri-FIT Crew Sock 6 Pack,2015-11-22,4.97,5,1,0,,,,,
135,Nike Dri-FIT Crew Sock 6 Pack,2015-11-24,2.99,3,1,0,,,,,
135,Nike Dri-FIT Crew Sock 6 Pack,2015-12-02,4.94,5,1,0,,,,,
135,Nike Dri-FIT Crew Sock 6 Pack,2015-12-03,4.95,5,1,0,,,,,
135,Nike Dri-FIT Crew Sock 6 Pack,2015-12-05,4.02,4,1,0,,,,,
135,Nike Dri-FIT Crew Sock 6 Pack,2015-12-10,4.98,5,1,0,,,,,
135,Nike Dri-FIT Crew Sock 6 Pack,2015-12-11,5.0,5,1,0,,,,,
135,Nike Dri-FIT Crew Sock 6 Pack,2015-12-19,1.99,2,1,0,,,,,
135,Nike Dri-FIT Crew Sock 6 Pack,2015-12-20,4.97,5,1,0,,,,,
135,Nike Dri-FIT Crew Sock 6 Pack,2015-12-25,2.0,2,1,0,,,,,
135,Nike Dri-FIT Crew Sock 6 Pack,2015-12-28,2.98,3,1,0,,,,,
135,Nike Dri-FIT Crew Sock 6 Pack,2015-12-30,2.01,2,1,0,,,,,
135,Nike Dri-FIT Crew Sock 6 Pack,2015-12-31,2.01,2,1,0,,,,,
135,Nike Dri-FIT Crew Sock 6 Pack,2016-01-01,4.02,4,1,0,,,,,
135,Nike Dri-FIT Crew Sock 6 Pack,2016-01-03,1.02,1,1,0,,,,,
135,Nike Dri-FIT Crew Sock 6 Pack,2016-01-09,1.05,1,1,0,,,,,
135,Nike Dri-FIT Crew Sock 6 Pack,2016-01-14,3.9800000000000004,4,2,0,,,,,
135,Nike Dri-FIT Crew Sock 6 Pack,2016-01-15,5.02,5,1,0,,,,,
135,Nike Dri-FIT Crew Sock 6 Pack,2016-01-17,9.04,9,2,0,,,,,
135,Nike Dri-FIT Crew Sock 6 Pack,2016-01-18,4.98,5,2,0,,,,,
135,Nike Dri-FIT Crew Sock 6 Pack,2016-01-22,4.04,4,1,0,,,,,
135,Nike Dri-FIT Crew Sock 6 Pack,2016-01-23,4.03,4,1,0,,,,,
135,Nike Dri-FIT Crew Sock 6 Pack,2016-01-24,5.01,5,1,0,,,,,
135,Nike Dri-FIT Crew Sock 6 Pack,2016-01-27,2.01,2,1,0,,,,,
135,Nike Dri-FIT Crew Sock 6 Pack,2016-01-28,5.01,5,2,0,,,,,
172,Nike Women's Tempo Shorts,2015-11-15,2.02,2,1,0,,,,,
172,Nike Women's Tempo Shorts,2015-11-20,1.0,1,1,0,,,,,
172,Nike Women's Tempo Shorts,2015-11-21,2.02,2,1,0,,,,,
172,Nike Women's Tempo Shorts,2015-11-25,1.0,1,1,0,,,,,
172,Nike Women's Tempo Shorts,2015-11-29,2.0,2,1,0,,,,,
172,Nike Women's Tempo Shorts,2015-12-06,4.01,4,2,0,,,,,
172,Nike Women's Tempo Shorts,2015-12-09,8.01,8,2,0,,,,,
172,Nike Women's Tempo Shorts,2015-12-17,2.99,3,1,0,,,,,
172,Nike Women's Tempo Shorts,2015-12-21,3.0,3,1,0,,,,,
172,Nike Women's Tempo Shorts,2015-12-29,6.0,6,2,0,,,,,
172,Nike Women's Tempo Shorts,2016-01-05,4.01,4,1,0,,,,,
172,Nike Women's Tempo Shorts,2016-01-06,4.01,4,1,0,,,,,
172,Nike Women's Tempo Shorts,2016-01-07,4.99,5,1,0,,,,,
172,Nike Women's Tempo Shorts,2016-01-09,4.99,5,1,0,,,,,
172,Nike Women's Tempo Shorts,2016-01-10,4.02,4,1,0,,,,,
172,Nike Women's Tempo Shorts,2016-01-21,2.99,3,1,0,,,,,
172,Nike Women's Tempo Shorts,2016-01-27,5.0,5,1,0,,,,,
191,Nike Men's Free 5.0+ Running Shoe,2015-11-14,14.0,14,6,1,17.842857142857145,1.35,100.0,82.15714285714286,7.0
191,Nike Men's Free 5.0+ Running Shoe,2015-11-15,20.0,20,7,1,17.842857142857145,1.35,100.0,82.15714285714286,7.0
191,Nike Men's Free 5.0+ Running Shoe,2015-11-16,47.0,47,18,1,17.842857142857145,1.35,100.0,82.15714285714286,7.0
191,Nike Men's Free 5.0+ Running Shoe,2015-11-17,30.009999999999998,30,9,1,17.842857142857145,1.35,100.0,82.15714285714286,7.0
191,Nike Men's Free 5.0+ Running Shoe,2015-11-18,53.0,53,14,1,17.842857142857145,1.35,100.0,82.15714285714286,7.0
191,Nike Men's Free 5.0+ Running Shoe,2015-11-19,45.99,46,14,1,17.842857142857145,1.35,100.0,82.15714285714286,7.0
191,Nike Men's Free 5.0+ Running Shoe,2015-11-20,37.0,37,14,1,17.842857142857145,1.35,100.0,82.15714285714286,7.0
191,Nike Men's Free 5.0+ Running Shoe,2015-11-21,46.0,46,17,1,17.842857142857145,1.35,100.0,82.15714285714286,7.0
191,Nike Men's Free 5.0+ Running Shoe,2015-11-22,22.0,22,9,1,17.842857142857145,1.35,100.0,82.15714285714286,7.0
191,Nike Men's Free 5.0+ Running Shoe,2015-11-23,53.0,53,16,1,17.842857142857145,1.35,100.0,82.15714285714286,7.0
191,Nike Men's Free 5.0+ Running Shoe,2015-11-24,26.0,26,9,1,17.842857142857145,1.35,100.0,82.15714285714286,7.0
191,Nike Men's Free 5.0+ Running Shoe,2015-11-25,34.980000000000004,35,12,1,17.842857142857145,1.35,100.0,82.15714285714286,7.0
191,Nike Men's Free 5.0+ Running Shoe,2015-11-26,36.0,36,11,1,17.842857142857145,1.35,100.0,82.15714285714286,7.0
191,Nike Men's Free 5.0+ Running Shoe,2015-11-27,40.0,40,16,1,17.842857142857145,1.35,100.0,82.15714285714286,7.0
191,Nike Men's Free 5.0+ Running Shoe,2015-11-28,50.0,50,16,1,17.842857142857145,1.35,100.0,82.15714285714286,7.0
191,Nike Men's Free 5.0+ Running Shoe,2015-11-29,44.0,44,14,1,17.842857142857145,1.35,100.0,82.15714285714286,7.0
191,Nike Men's Free 5.0+ Running Shoe,2015-11-30,15.0,15,5,1,17.842857142857145,1.35,100.0,82.15714285714286,7.0
191,Nike Men's Free 5.0+ Running Shoe,2015-12-01,43.99,44,16,1,17.842857142857145,1.35,100.0,82.15714285714286,7.0
191,Nike Men's Free 5.0+ Running Shoe,2015-12-02,40.01,40,15,1,17.842857142857145,1.35,100.0,82.15714285714286,7.0
191,Nike Men's Free 5.0+ Running Shoe,2015-12-03,31.0,31,11,1,17.842857142857145,1.35,100.0,82.15714285714286,7.0
191,Nike Men's Free 5.0+ Running Shoe,2015-12-04,34.0,34,10,1,17.842857142857145,1.35,100.0,82.15714285714286,7.0
191,Nike Men's Free 5.0+ Running Shoe,2015-12-05,39.01,39,16,1,17.842857142857145,1.35,100.0,82.15714285714286,7.0
191,Nike Men's Free 5.0+ Running Shoe,2015-12-06,31.98,32,11,1,17.842857142857145,1.35,100.0,82.15714285714286,7.0
191,Nike Men's Free 5.0+ Running Shoe,2015-12-07,57.0,57,16,1,17.842857142857145,1.35,100.0,82.15714285714286,7.0
191,Nike Men's Free 5.0+ Running Shoe,2015-12-08,27.009999999999998,27,9,1,17.842857142857145,1.35,100.0,82.15714285714286,7.0
191,Nike Men's Free 5.0+ Running Shoe,2015-12-09,34.0,34,9,1,17.842857142857145,1.35,100.0,82.15714285714286,7.0
191,Nike Men's Free 5.0+ Running Shoe,2015-12-10,27.0,27,10,1,17.842857142857145,1.35,100.0,82.15714285714286,7.0
191,Nike Men's Free 5.0+ Running Shoe,2015-12-11,44.01,44,15,1,17.842857142857145,1.35,100.0,82.15714285714286,7.0
191,Nike Men's Free 5.0+ Running Shoe,2015-12-12,49.01,49,16,1,17.842857142857145,1.35,100.0,82.15714285714286,7.0
191,Nike Men's Free 5.0+ Running Shoe,2015-12-13,46.97,47,14,1,17.842857142857145,1.35,100.0,82.15714285714286,7.0
191,Nike Men's Free 5.0+ Running Shoe,2015-12-14,36.01,36,11,1,17.842857142857145,1.35,100.0,82.15714285714286,7.0
191,Nike Men's Free 5.0+ Running Shoe,2015-12-15,47.0,47,13,1,17.842857142857145,1.35,100.0,82.15714285714286,7.0
191,Nike Men's Free 5.0+ Running Shoe,2015-12-16,57.0,57,17,1,17.842857142857145,1.35,100.0,82.15714285714286,7.0
191,Nike Men's Free 5.0+ Running Shoe,2015-12-17,19.0,19,6,1,17.842857142857145,1.35,100.0,82.15714285714286,7.0
191,Nike Men's Free 5.0+ Running Shoe,2015-12-18,27.0,27,8,1,17.842857142857145,1.35,100.0,82.15714285714286,7.0
191,Nike Men's Free 5.0+ Running Shoe,2015-12-19,34.98,35,14,1,17.842857142857145,1.35,100.0,82.15714285714286,7.0
191,Nike Men's Free 5.0+ Running Shoe,2015-12-20,22.0,22,5,1,17.842857142857145,1.35,100.0,82.15714285714286,7.0
191,Nike Men's Free 5.0+ Running Shoe,2015-12-21,29.0,29,10,1,17.842857142857145,1.35,100.0,82.15714285714286,7.0
191,Nike Men's Free 5.0+ Running Shoe,2015-12-22,54.0,54,16,1,17.842857142857145,1.35,100.0,82.15714285714286,7.0
191,Nike Men's Free 5.0+ Running Shoe,2015-12-23,39.0,39,11,1,17.842857142857145,1.35,100.0,82.15714285714286,7.0
191,Nike Men's Free 5.0+ Running Shoe,2015-12-24,16.0,16,5,1,17.842857142857145,1.35,100.0,82.15714285714286,7.0
191,Nike Men's Free 5.0+ Running Shoe,2015-12-25,31.0,31,9,1,17.842857142857145,1.35,100.0,82.15714285714286,7.0
191,Nike Men's Free 5.0+ Running Shoe,2015-12-26,40.0,40,10,1,17.842857142857145,1.35,100.0,82.15714285714286,7.0
191,Nike Men's Free 5.0+ Running Shoe,2015-12-27,39.0,39,14,1,17.842857142857145,1.35,100.0,82.15714285714286,7.0
191,Nike Men's Free 5.0+ Running Shoe,2015-12-28,30.009999999999998,30,12,1,17.842857142857145,1.35,100.0,82.15714285714286,7.0
191,Nike Men's Free 5.0+ Running Shoe,2015-12-29,42.97,43,13,1,17.842857142857145,1.35,100.0,82.15714285714286,7.0
191,Nike Men's Free 5.0+ Running Shoe,2015-12-30,33.0,33,13,1,17.842857142857145,1.35,100.0,82.15714285714286,7.0
191,Nike Men's Free 5.0+ Running Shoe,2015-12-31,36.0,36,12,1,17.842857142857145,1.35,100.0,82.15714285714286,7.0
191,Nike Men's Free 5.0+ Running Shoe,2016-01-01,48.01,48,16,1,17.842857142857145,1.35,100.0,82.15714285714286,7.0
191,Nike Men's Free 5.0+ Running Shoe,2016-01-02,29.009999999999998,29,12,1,17.842857142857145,1.35,100.0,82.15714285714286,7.0
191,Nike Men's Free 5.0+ Running Shoe,2016-01-03,53.0,53,17,1,17.842857142857145,1.35,100.0,82.15714285714286,7.0
191,Nike Men's Free 5.0+ Running Shoe,2016-01-04,25.0,25,7,1,17.842857142857145,1.35,100.0,82.15714285714286,7.0
191,Nike Men's Free 5.0+ Running Shoe,2016-01-05,38.0,38,12,1,17.842857142857145,1.35,100.0,82.15714285714286,7.0
191,Nike Men's Free 5.0+ Running Shoe,2016-01-06,29.0,29,12,1,17.842857142857145,1.35,100.0,82.15714285714286,7.0
191,Nike Men's Free 5.0+ Running Shoe,2016-01-07,37.0,37,10,1,17.842857142857145,1.35,100.0,82.15714285714286,7.0
191,Nike Men's Free 5.0+ Running Shoe,2016-01-08,46.019999999999996,46,16,1,17.842857142857145,1.35,100.0,82.15714285714286,7.0
191,Nike Men's Free 5.0+ Running Shoe,2016-01-09,40.0,40,12,1,17.842857142857145,1.35,100.0,82.15714285714286,7.0
191,Nike Men's Free 5.0+ Running Shoe,2016-01-10,34.0,34,11,1,17.842857142857145,1.35,100.0,82.15714285714286,7.0
191,Nike Men's Free 5.0+ Running Shoe,2016-01-11,42.0,42,13,1,17.842857142857145,1.35,100.0,82.15714285714286,7.0
191,Nike Men's Free 5.0+ Running Shoe,2016-01-12,26.0,26,8,1,17.842857142857145,1.35,100.0,82.15714285714286,7.0
191,Nike Men's Free 5.0+ Running Shoe,2016-01-13,56.0,56,20,1,17.842857142857145,1.35,100.0,82.15714285714286,7.0
191,Nike Men's Free 5.0+ Running Shoe,2016-01-14,49.0,49,14,1,17.842857142857145,1.35,100.0,82.15714285714286,7.0
191,Nike Men's Free 5.0+ Running Shoe,2016-01-15,15.0,15,6,1,17.842857142857145,1.35,100.0,82.15714285714286,7.0
191,Nike Men's Free 5.0+ Running Shoe,2016-01-16,57.0,57,18,1,17.842857142857145,1.35,100.0,82.15714285714286,7.0
191,Nike Men's Free 5.0+ Running Shoe,2016-01-17,40.0,40,13,1,17.842857142857145,1.35,100.0,82.15714285714286,7.0
191,Nike Men's Free 5.0+ Running Shoe,2016-01-18,32.0,32,11,1,17.842857142857145,1.35,100.0,82.15714285714286,7.0
191,Nike Men's Free 5.0+ Running Shoe,2016-01-19,52.0,52,16,1,17.842857142857145,1.35,100.0,82.15714285714286,7.0
191,Nike Men's Free 5.0+ Running Shoe,2016-01-20,37.0,37,11,1,17.842857142857145,1.35,100.0,82.15714285714286,7.0
191,Nike Men's Free 5.0+ Running Shoe,2016-01-21,21.0,21,9,1,17.842857142857145,1.35,100.0,82.15714285714286,7.0
191,Nike Men's Free 5.0+ Running Shoe,2016-01-22,40.0,40,17,1,17.842857142857145,1.35,100.0,82.15714285714286,7.0
191,Nike Men's Free 5.0+ Running Shoe,2016-01-23,34.0,34,14,1,17.842857142857145,1.35,100.0,82.15714285714286,7.0
191,Nike Men's Free 5.0+ Running Shoe,2016-01-24,30.0,30,12,1,17.842857142857145,1.35,100.0,82.15714285714286,7.0
191,Nike Men's Free 5.0+ Running Shoe,2016-01-25,35.0,35,14,1,17.842857142857145,1.35,100.0,82.15714285714286,7.0
191,Nike Men's Free 5.0+ Running Shoe,2016-01-26,51.0,51,17,1,17.842857142857145,1.35,100.0,82.15714285714286,7.0
191,Nike Men's Free 5.0+ Running Shoe,2016-01-27,33.0,33,12,1,17.842857142857145,1.35,100.0,82.15714285714286,7.0
191,Nike Men's Free 5.0+ Running Shoe,2016-01-28,36.0,36,12,1,17.842857142857145,1.35,100.0,82.15714285714286,7.0
191,Nike Men's Free 5.0+ Running Shoe,2016-01-29,24.0,24,7,1,17.842857142857145,1.35,100.0,82.15714285714286,7.0
191,Nike Men's Free 5.0+ Running Shoe,2016-01-30,57.0,57,16,1,17.842857142857145,1.35,100.0,82.15714285714286,7.0
191,Nike Men's Free 5.0+ Running Shoe,2016-01-31,26.0,26,10,1,17.842857142857145,1.35,100.0,82.15714285714286,7.0
191,Nike Men's Free 5.0+ Running Shoe,2016-02-01,10.99,11,4,1,17.842857142857145,1.35,100.0,82.15714285714286,7.0
235,Under Armour Hustle Storm Medium Duffle Bag,2015-11-15,2.01,2,1,1,4.71,4.71,4.71,95.29,1.0
235,Under Armour Hustle Storm Medium Duffle Bag,2015-11-18,4.0,4,1,1,4.71,4.71,4.71,95.29,1.0
235,Under Armour Hustle Storm Medium Duffle Bag,2015-11-23,1.0,1,1,1,4.71,4.71,4.71,95.29,1.0
235,Under Armour Hustle Storm Medium Duffle Bag,2015-11-25,2.0,2,1,1,4.71,4.71,4.71,95.29,1.0
235,Under Armour Hustle Storm Medium Duffle Bag,2015-11-27,2.0,2,1,1,4.71,4.71,4.71,95.29,1.0
235,Under Armour Hustle Storm Medium Duffle Bag,2015-11-28,3.01,3,1,1,4.71,4.71,4.71,95.29,1.0
235,Under Armour Hustle Storm Medium Duffle Bag,2015-11-30,4.97,5,1,1,4.71,4.71,4.71,95.29,1.0
235,Under Armour Hustle Storm Medium Duffle Bag,2015-12-08,1.0,1,1,1,4.71,4.71,4.71,95.29,1.0
235,Under Armour Hustle Storm Medium Duffle Bag,2015-12-10,7.029999999999999,7,2,1,4.71,4.71,4.71,95.29,1.0
235,Under Armour Hustle Storm Medium Duffle Bag,2015-12-14,2.01,2,1,1,4.71,4.71,4.71,95.29,1.0
235,Under Armour Hustle Storm Medium Duffle Bag,2015-12-17,3.0,3,1,1,4.71,4.71,4.71,95.29,1.0
235,Under Armour Hustle Storm Medium Duffle Bag,2015-12-19,4.99,5,2,1,4.71,4.71,4.71,95.29,1.0
235,Under Armour Hustle Storm Medium Duffle Bag,2015-12-21,4.0,4,1,1,4.71,4.71,4.71,95.29,1.0
235,Under Armour Hustle Storm Medium Duffle Bag,2015-12-23,1.96,2,1,1,4.71,4.71,4.71,95.29,1.0
235,Under Armour Hustle Storm Medium Duffle Bag,2015-12-24,3.01,3,1,1,4.71,4.71,4.71,95.29,1.0
235,Under Armour Hustle Storm Medium Duffle Bag,2015-12-29,1.0,1,1,1,4.71,4.71,4.71,95.29,1.0
235,Under Armour Hustle Storm Medium Duffle Bag,2016-01-01,3.01,3,1,1,4.71,4.71,4.71,95.29,1.0
235,Under Armour Hustle Storm Medium Duffle Bag,2016-01-06,1.01,1,1,1,4.71,4.71,4.71,95.29,1.0
235,Under Armour Hustle Storm Medium Duffle Bag,2016-01-10,1.0,1,1,1,4.71,4.71,4.71,95.29,1.0
235,Under Armour Hustle Storm Medium Duffle Bag,2016-01-11,2.99,3,1,1,4.71,4.71,4.71,95.29,1.0
235,Under Armour Hustle Storm Medium Duffle Bag,2016-01-12,1.0,1,1,1,4.71,4.71,4.71,95.29,1.0
235,Under Armour Hustle Storm Medium Duffle Bag,2016-01-14,4.0,4,1,1,4.71,4.71,4.71,95.29,1.0
235,Under Armour Hustle Storm Medium Duffle Bag,2016-01-17,4.0,4,1,1,4.71,4.71,4.71,95.29,1.0
235,Under Armour Hustle Storm Medium Duffle Bag,2016-01-19,1.99,2,2,1,4.71,4.71,4.71,95.29,1.0
235,Under Armour Hustle Storm Medium Duffle Bag,2016-01-21,3.01,3,1,1,4.71,4.71,4.71,95.29,1.0
235,Under Armour Hustle Storm Medium Duffle Bag,2016-01-26,1.99,2,1,1,4.71,4.71,4.71,95.29,1.0
235,Under Armour Hustle Storm Medium Duffle Bag,2016-01-27,1.01,1,1,1,4.71,4.71,4.71,95.29,1.0
235,Under Armour Hustle Storm Medium Duffle Bag,2016-01-29,3.01,3,1,1,4.71,4.71,4.71,95.29,1.0
235,Under Armour Hustle Storm Medium Duffle Bag,2016-01-30,2.0,2,1,1,4.71,4.71,4.71,95.29,1.0
249,Under Armour Women's Micro G Skulpt Running S,2015-11-15,2.99,3,1,0,,,,,
249,Under Armour Women's Micro G Skulpt Running S,2015-11-19,1.03,1,1,0,,,,,
249,Under Armour Women's Micro G Skulpt Running S,2015-11-20,6.93,7,2,0,,,,,
249,Under Armour Women's Micro G Skulpt Running S,2015-11-22,3.93,4,1,0,,,,,
249,Under Armour Women's Micro G Skulpt Running S,2015-11-23,1.02,1,1,0,,,,,
249,Under Armour Women's Micro G Skulpt Running S,2015-11-24,2.03,2,1,0,,,,,
249,Under Armour Women's Micro G Skulpt Running S,2015-11-30,2.03,2,1,0,,,,,
249,Under Armour Women's Micro G Skulpt Running S,2015-12-01,2.98,3,1,0,,,,,
249,Under Armour Women's Micro G Skulpt Running S,2015-12-04,3.91,4,1,0,,,,,
249,Under Armour Women's Micro G Skulpt Running S,2015-12-06,4.92,5,1,0,,,,,
249,Under Armour Women's Micro G Skulpt Running S,2015-12-09,4.91,5,1,0,,,,,
249,Under Armour Women's Micro G Skulpt Running S,2015-12-10,2.04,2,2,0,,,,,
249,Under Armour Women's Micro G Skulpt Running S,2015-12-12,3.03,3,1,0,,,,,
249,Under Armour Women's Micro G Skulpt Running S,2015-12-13,6.109999999999999,6,2,0,,,,,
249,Under Armour Women's Micro G Skulpt Running S,2015-12-14,4.96,5,1,0,,,,,
249,Under Armour Women's Micro G Skulpt Running S,2015-12-19,2.02,2,1,0,,,,,
249,Under Armour Women's Micro G Skulpt Running S,2015-12-27,1.03,1,1,0,,,,,
249,Under Armour Women's Micro G Skulpt Running S,2015-12-29,1.02,1,1,0,,,,,
249,Under Armour Women's Micro G Skulpt Running S,2016-01-01,1.01,1,1,0,,,,,
249,Under Armour Women's Micro G Skulpt Running S,2016-01-13,2.02,2,1,0,,,,,
249,Under Armour Women's Micro G Skulpt Running S,2016-01-14,5.03,5,1,0,,,,,
249,Under Armour Women's Micro G Skulpt Running S,2016-01-18,1.0,1,1,0,,,,,
249,Under Armour Women's Micro G Skulpt Running S,2016-01-19,3.02,3,1,0,,,,,
249,Under Armour Women's Micro G Skulpt Running S,2016-01-21,4.93,5,2,0,,,,,
249,Under Armour Women's Micro G Skulpt Running S,2016-01-25,6.96,7,2,0,,,,,
249,Under Armour Women's Micro G Skulpt Running S,2016-01-26,5.0,5,1,0,,,,,
273,Under Armour Kids' Mercenary Slide,2015-11-21,3.99,4,1,1,100.0,100.0,100.0,0.0,2.0
273,Under Armour Kids' Mercenary Slide,2015-11-24,2.9,3,1,1,100.0,100.0,100.0,0.0,2.0
273,Under Armour Kids' Mercenary Slide,2015-11-25,0.99,1,1,1,100.0,100.0,100.0,0.0,2.0
273,Under Armour Kids' Mercenary Slide,2015-11-28,3.08,3,1,1,100.0,100.0,100.0,0.0,2.0
273,Under Armour Kids' Mercenary Slide,2015-11-29,1.97,2,1,1,100.0,100.0,100.0,0.0,2.0
273,Under Armour Kids' Mercenary Slide,2015-12-04,2.94,3,2,1,100.0,100.0,100.0,0.0,2.0
273,Under Armour Kids' Mercenary Slide,2015-12-10,3.06,3,1,1,100.0,100.0,100.0,0.0,2.0
273,Under Armour Kids' Mercenary Slide,2015-12-19,5.01,5,1,1,100.0,100.0,100.0,0.0,2.0
273,Under Armour Kids' Mercenary Slide,2015-12-22,3.95,4,1,1,100.0,100.0,100.0,0.0,2.0
273,Under Armour Kids' Mercenary Slide,2015-12-25,4.98,5,1,1,100.0,100.0,100.0,0.0,2.0
273,Under Armour Kids' Mercenary Slide,2015-12-27,4.01,4,1,1,100.0,100.0,100.0,0.0,2.0
273,Under Armour Kids' Mercenary Slide,2015-12-30,1.0,1,1,1,100.0,100.0,100.0,0.0,2.0
273,Under Armour Kids' Mercenary Slide,2016-01-01,4.01,4,1,1,100.0,100.0,100.0,0.0,2.0
273,Under Armour Kids' Mercenary Slide,2016-01-02,3.99,4,1,1,100.0,100.0,100.0,0.0,2.0
273,Under Armour Kids' Mercenary Slide,2016-01-03,4.97,5,1,1,100.0,100.0,100.0,0.0,2.0
273,Under Armour Kids' Mercenary Slide,2016-01-04,1.9,2,1,1,100.0,100.0,100.0,0.0,2.0
273,Under Armour Kids' Mercenary Slide,2016-01-07,4.96,5,1,1,100.0,100.0,100.0,0.0,2.0
273,Under Armour Kids' Mercenary Slide,2016-01-08,0.99,1,1,1,100.0,100.0,100.0,0.0,2.0
273,Under Armour Kids' Mercenary Slide,2016-01-21,1.99,2,1,1,100.0,100.0,100.0,0.0,2.0
273,Under Armour Kids' Mercenary Slide,2016-01-22,4.99,5,1,1,100.0,100.0,100.0,0.0,2.0
273,Under Armour Kids' Mercenary Slide,2016-01-28,1.0,1,1,1,100.0,100.0,100.0,0.0,2.0
276,Under Armour Women's Ignite Slide,2015-11-16,1.0,1,1,1,5.7,5.7,5.7,94.3,1.0
276,Under Armour Women's Ignite Slide,2015-11-19,3.04,3,2,1,5.7,5.7,5.7,94.3,1.0
276,Under Armour Women's Ignite Slide,2015-11-21,9.97,10,3,1,5.7,5.7,5.7,94.3,1.0
276,Under Armour Women's Ignite Slide,2015-11-24,2.0,2,2,1,5.7,5.7,5.7,94.3,1.0
276,Under Armour Women's Ignite Slide,2015-11-25,4.0,4,1,1,5.7,5.7,5.7,94.3,1.0
276,Under Armour Women's Ignite Slide,2015-11-26,4.01,4,1,1,5.7,5.7,5.7,94.3,1.0
276,Under Armour Women's Ignite Slide,2015-11-29,1.0,1,1,1,5.7,5.7,5.7,94.3,1.0
276,Under Armour Women's Ignite Slide,2015-11-30,14.97,15,4,1,5.7,5.7,5.7,94.3,1.0
276,Under Armour Women's Ignite Slide,2015-12-01,7.0,7,2,1,5.7,5.7,5.7,94.3,1.0
276,Under Armour Women's Ignite Slide,2015-12-02,5.0,5,2,1,5.7,5.7,5.7,94.3,1.0
276,Under Armour Women's Ignite Slide,2015-12-06,3.0,3,1,1,5.7,5.7,5.7,94.3,1.0
276,Under Armour Women's Ignite Slide,2015-12-07,5.0,5,1,1,5.7,5.7,5.7,94.3,1.0
276,Under Armour Women's Ignite Slide,2015-12-09,3.01,3,2,1,5.7,5.7,5.7,94.3,1.0
276,Under Armour Women's Ignite Slide,2015-12-15,3.99,4,1,1,5.7,5.7,5.7,94.3,1.0
276,Under Armour Women's Ignite Slide,2015-12-16,1.0,1,1,1,5.7,5.7,5.7,94.3,1.0
276,Under Armour Women's Ignite Slide,2015-12-17,3.0,3,1,1,5.7,5.7,5.7,94.3,1.0
276,Under Armour Women's Ignite Slide,2015-12-18,5.0,5,1,1,5.7,5.7,5.7,94.3,1.0
276,Under Armour Women's Ignite Slide,2015-12-22,2.02,2,1,1,5.7,5.7,5.7,94.3,1.0
276,Under Armour Women's Ignite Slide,2015-12-24,5.95,6,2,1,5.7,5.7,5.7,94.3,1.0
276,Under Armour Women's Ignite Slide,2015-12-25,1.97,2,1,1,5.7,5.7,5.7,94.3,1.0
276,Under Armour Women's Ignite Slide,2015-12-26,4.0,4,1,1,5.7,5.7,5.7,94.3,1.0
276,Under Armour Women's Ignite Slide,2015-12-31,10.01,10,2,1,5.7,5.7,5.7,94.3,1.0
276,Under Armour Women's Ignite Slide,2016-01-06,1.0,1,1,1,5.7,5.7,5.7,94.3,1.0
276,Under Armour Women's Ignite Slide,2016-01-07,3.01,3,1,1,5.7,5.7,5.7,94.3,1.0
276,Under Armour Women's Ignite Slide,2016-01-09,2.0,2,1,1,5.7,5.7,5.7,94.3,1.0
276,Under Armour Women's Ignite Slide,2016-01-13,4.99,5,2,1,5.7,5.7,5.7,94.3,1.0
276,Under Armour Women's Ignite Slide,2016-01-14,1.0,1,1,1,5.7,5.7,5.7,94.3,1.0
276,Under Armour Women's Ignite Slide,2016-01-17,9.0,9,2,1,5.7,5.7,5.7,94.3,1.0
276,Under Armour Women's Ignite Slide,2016-01-18,4.0,4,1,1,5.7,5.7,5.7,94.3,1.0
276,Under Armour Women's Ignite Slide,2016-01-21,5.0,5,1,1,5.7,5.7,5.7,94.3,1.0
278,Under Armour Men's Compression EV SL Slide,2015-11-17,4.0,4,1,0,,,,,
278,Under Armour Men's Compression EV SL Slide,2015-11-19,1.98,2,1,0,,,,,
278,Under Armour Men's Compression EV SL Slide,2015-11-25,0.99,1,1,0,,,,,
278,Under Armour Men's Compression EV SL Slide,2015-11-29,1.0,1,1,0,,,,,
278,Under Armour Men's Compression EV SL Slide,2015-11-30,8.99,9,3,0,,,,,
278,Under Armour Men's Compression EV SL Slide,2015-12-04,2.99,3,1,0,,,,,
278,Under Armour Men's Compression EV SL Slide,2015-12-07,3.02,3,1,0,,,,,
278,Under Armour Men's Compression EV SL Slide,2015-12-10,2.99,3,1,0,,,,,
278,Under Armour Men's Compression EV SL Slide,2015-12-11,5.02,5,2,0,,,,,
278,Under Armour Men's Compression EV SL Slide,2015-12-15,2.01,2,1,0,,,,,
278,Under Armour Men's Compression EV SL Slide,2015-12-17,3.99,4,1,0,,,,,
278,Under Armour Men's Compression EV SL Slide,2015-12-19,2.01,2,1,0,,,,,
278,Under Armour Men's Compression EV SL Slide,2015-12-20,1.0,1,1,0,,,,,
278,Under Armour Men's Compression EV SL Slide,2015-12-21,5.01,5,1,0,,,,,
278,Under Armour Men's Compression EV SL Slide,2015-12-22,5.98,6,2,0,,,,,
278,Under Armour Men's Compression EV SL Slide,2015-12-23,2.01,2,1,0,,,,,
278,Under Armour Men's Compression EV SL Slide,2015-12-24,5.01,5,1,0,,,,,
278,Under Armour Men's Compression EV SL Slide,2015-12-25,3.01,3,1,0,,,,,
278,Under Armour Men's Compression EV SL Slide,2015-12-27,1.0,1,1,0,,,,,
278,Under Armour Men's Compression EV SL Slide,2015-12-28,1.99,2,1,0,,,,,
278,Under Armour Men's Compression EV SL Slide,2015-12-30,8.0,8,2,0,,,,,
278,Under Armour Men's Compression EV SL Slide,2016-01-03,5.0,5,1,0,,,,,
278,Under Armour Men's Compression EV SL Slide,2016-01-16,4.99,5,1,0,,,,,
278,Under Armour Men's Compression EV SL Slide,2016-01-19,1.0,1,1,0,,,,,
278,Under Armour Men's Compression EV SL Slide,2016-01-21,1.0,1,1,0,,,,,
278,Under Armour Men's Compression EV SL Slide,2016-01-22,1.0,1,1,0,,,,,
278,Under Armour Men's Compression EV SL Slide,2016-01-24,4.0,4,1,0,,,,,
278,Under Armour Men's Compression EV SL Slide,2016-01-25,4.0,4,1,0,,,,,
278,Under Armour Men's Compression EV SL Slide,2016-01-28,5.01,5,1,0,,,,,
278,Under Armour Men's Compression EV SL Slide,2016-01-30,2.01,2,1,0,,,,,
278,Under Armour Men's Compression EV SL Slide,2016-01-31,4.99,5,1,0,,,,,
282,Under Armour Women's Ignite PIP VI Slide,2015-11-19,3.0,3,1,0,,,,,
282,Under Armour Women's Ignite PIP VI Slide,2015-11-22,5.970000000000001,6,2,0,,,,,
282,Under Armour Women's Ignite PIP VI Slide,2015-11-25,3.92,4,2,0,,,,,
282,Under Armour Women's Ignite PIP VI Slide,2015-11-26,5.0,5,1,0,,,,,
282,Under Armour Women's Ignite PIP VI Slide,2015-11-30,2.99,3,1,0,,,,,
282,Under Armour Women's Ignite PIP VI Slide,2015-12-03,1.99,2,1,0,,,,,
282,Under Armour Women's Ignite PIP VI Slide,2015-12-06,3.01,3,1,0,,,,,
282,Under Armour Women's Ignite PIP VI Slide,2015-12-09,1.0,1,1,0,,,,,
282,Under Armour Women's Ignite PIP VI Slide,2015-12-10,5.0,5,1,0,,,,,
282,Under Armour Women's Ignite PIP VI Slide,2015-12-19,2.02,2,1,0,,,,,
282,Under Armour Women's Ignite PIP VI Slide,2015-12-24,5.0,5,1,0,,,,,
282,Under Armour Women's Ignite PIP VI Slide,2015-12-27,4.99,5,1,0,,,,,
282,Under Armour Women's Ignite PIP VI Slide,2015-12-31,1.0,1,1,0,,,,,
282,Under Armour Women's Ignite PIP VI Slide,2016-01-06,1.0,1,1,0,,,,,
282,Under Armour Women's Ignite PIP VI Slide,2016-01-09,3.99,4,1,0,,,,,
282,Under Armour Women's Ignite PIP VI Slide,2016-01-13,10.0,10,2,0,,,,,
282,Under Armour Women's Ignite PIP VI Slide,2016-01-14,3.99,4,1,0,,,,,
282,Under Armour Women's Ignite PIP VI Slide,2016-01-21,3.98,4,2,0,,,,,
282,Under Armour Women's Ignite PIP VI Slide,2016-01-22,3.0,3,1,0,,,,,
282,Under Armour Women's Ignite PIP VI Slide,2016-01-23,2.99,3,1,0,,,,,
282,Under Armour Women's Ignite PIP VI Slide,2016-01-26,2.99,3,1,0,,,,,
365,Perfect Fitness Perfect Rip Deck,2015-11-14,36.97,37,11,1,42.754000000000005,2.51,100.0,57.246,10.0
365,Perfect Fitness Perfect Rip Deck,2015-11-15,61.01,61,20,1,42.754000000000005,2.51,100.0,57.246,10.0
365,Perfect Fitness Perfect Rip Deck,2015-11-16,88.01,88,29,1,42.754000000000005,2.51,100.0,57.246,10.0
365,Perfect Fitness Perfect Rip Deck,2015-11-17,77.97,78,26,1,42.754000000000005,2.51,100.0,57.246,10.0
365,Perfect Fitness Perfect Rip Deck,2015-11-18,51.0,51,22,1,42.754000000000005,2.51,100.0,57.246,10.0
365,Perfect Fitness Perfect Rip Deck,2015-11-19,94.0,94,30,1,42.754000000000005,2.51,100.0,57.246,10.0
365,Perfect Fitness Perfect Rip Deck,2015-11-20,65.0,65,20,1,42.754000000000005,2.51,100.0,57.246,10.0
365,Perfect Fitness Perfect Rip Deck,2015-11-21,58.0,58,22,1,42.754000000000005,2.51,100.0,57.246,10.0
365,Perfect Fitness Perfect Rip Deck,2015-11-22,71.97,72,26,1,42.754000000000005,2.51,100.0,57.246,10.0
365,Perfect Fitness Perfect Rip Deck,2015-11-23,60.0,60,22,1,42.754000000000005,2.51,100.0,57.246,10.0
365,Perfect Fitness Perfect Rip Deck,2015-11-24,49.0,49,19,1,42.754000000000005,2.51,100.0,57.246,10.0
365,Perfect Fitness Perfect Rip Deck,2015-11-25,79.0,79,26,1,42.754000000000005,2.51,100.0,57.246,10.0
365,Perfect Fitness Perfect Rip Deck,2015-11-26,67.97,68,23,1,42.754000000000005,2.51,100.0,57.246,10.0
365,Perfect Fitness Perfect Rip Deck,2015-11-27,67.0,67,29,1,42.754000000000005,2.51,100.0,57.246,10.0
365,Perfect Fitness Perfect Rip Deck,2015-11-28,78.0,78,23,1,42.754000000000005,2.51,100.0,57.246,10.0
365,Perfect Fitness Perfect Rip Deck,2015-11-29,123.98,124,38,1,42.754000000000005,2.51,100.0,57.246,10.0
365,Perfect Fitness Perfect Rip Deck,2015-11-30,71.0,71,23,1,42.754000000000005,2.51,100.0,57.246,10.0
365,Perfect Fitness Perfect Rip Deck,2015-12-01,44.0,44,14,1,42.754000000000005,2.51,100.0,57.246,10.0
365,Perfect Fitness Perfect Rip Deck,2015-12-02,66.0,66,21,1,42.754000000000005,2.51,100.0,57.246,10.0
365,Perfect Fitness Perfect Rip Deck,2015-12-03,80.97,81,27,1,42.754000000000005,2.51,100.0,57.246,10.0
365,Perfect Fitness Perfect Rip Deck,2015-12-04,75.0,75,26,1,42.754000000000005,2.51,100.0,57.246,10.0
365,Perfect Fitness Perfect Rip Deck,2015-12-05,86.0,86,26,1,42.754000000000005,2.51,100.0,57.246,10.0
365,Perfect Fitness Perfect Rip Deck,2015-12-06,69.96,70,26,1,42.754000000000005,2.51,100.0,57.246,10.0
365,Perfect Fitness Perfect Rip Deck,2015-12-07,46.0,46,18,1,42.754000000000005,2.51,100.0,57.246,10.0
365,Perfect Fitness Perfect Rip Deck,2015-12-08,58.0,58,16,1,42.754000000000005,2.51,100.0,57.246,10.0
365,Perfect Fitness Perfect Rip Deck,2015-12-09,109.0,109,34,1,42.754000000000005,2.51,100.0,57.246,10.0
365,Perfect Fitness Perfect Rip Deck,2015-12-10,74.97,75,24,1,42.754000000000005,2.51,100.0,57.246,10.0
365,Perfect Fitness Perfect Rip Deck,2015-12-11,50.0,50,20,1,42.754000000000005,2.51,100.0,57.246,10.0
365,Perfect Fitness Perfect Rip Deck,2015-12-12,73.0,73,26,1,42.754000000000005,2.51,100.0,57.246,10.0
365,Perfect Fitness Perfect Rip Deck,2015-12-13,101.0,101,31,1,42.754000000000005,2.51,100.0,57.246,10.0
365,Perfect Fitness Perfect Rip Deck,2015-12-14,89.98,90,32,1,42.754000000000005,2.51,100.0,57.246,10.0
365,Perfect Fitness Perfect Rip Deck,2015-12-15,75.0,75,26,1,42.754000000000005,2.51,100.0,57.246,10.0
365,Perfect Fitness Perfect Rip Deck,2015-12-16,57.0,57,21,1,42.754000000000005,2.51,100.0,57.246,10.0
365,Perfect Fitness Perfect Rip Deck,2015-12-17,59.0,59,19,1,42.754000000000005,2.51,100.0,57.246,10.0
365,Perfect Fitness Perfect Rip Deck,2015-12-18,43.97,44,13,1,42.754000000000005,2.51,100.0,57.246,10.0
365,Perfect Fitness Perfect Rip Deck,2015-12-19,63.0,63,19,1,42.754000000000005,2.51,100.0,57.246,10.0
365,Perfect Fitness Perfect Rip Deck,2015-12-20,76.0,76,26,1,42.754000000000005,2.51,100.0,57.246,10.0
365,Perfect Fitness Perfect Rip Deck,2015-12-21,65.0,65,22,1,42.754000000000005,2.51,100.0,57.246,10.0
365,Perfect Fitness Perfect Rip Deck,2015-12-22,60.0,60,23,1,42.754000000000005,2.51,100.0,57.246,10.0
365,Perfect Fitness Perfect Rip Deck,2015-12-23,91.97,92,32,1,42.754000000000005,2.51,100.0,57.246,10.0
365,Perfect Fitness Perfect Rip Deck,2015-12-24,92.0,92,28,1,42.754000000000005,2.51,100.0,57.246,10.0
365,Perfect Fitness Perfect Rip Deck,2015-12-25,72.0,72,23,1,42.754000000000005,2.51,100.0,57.246,10.0
365,Perfect Fitness Perfect Rip Deck,2015-12-26,85.97,86,26,1,42.754000000000005,2.51,100.0,57.246,10.0
365,Perfect Fitness Perfect Rip Deck,2015-12-27,95.0,95,30,1,42.754000000000005,2.51,100.0,57.246,10.0
365,Perfect Fitness Perfect Rip Deck,2015-12-28,72.0,72,25,1,42.754000000000005,2.51,100.0,57.246,10.0
365,Perfect Fitness Perfect Rip Deck,2015-12-29,56.97,57,23,1,42.754000000000005,2.51,100.0,57.246,10.0
365,Perfect Fitness Perfect Rip Deck,2015-12-30,63.0,63,25,1,42.754000000000005,2.51,100.0,57.246,10.0
365,Perfect Fitness Perfect Rip Deck,2015-12-31,66.0,66,20,1,42.754000000000005,2.51,100.0,57.246,10.0
365,Perfect Fitness Perfect Rip Deck,2016-01-01,63.0,63,25,1,42.754000000000005,2.51,100.0,57.246,10.0
365,Perfect Fitness Perfect Rip Deck,2016-01-02,42.0,42,16,1,42.754000000000005,2.51,100.0,57.246,10.0
365,Perfect Fitness Perfect Rip Deck,2016-01-03,87.97,88,25,1,42.754000000000005,2.51,100.0,57.246,10.0
365,Perfect Fitness Perfect Rip Deck,2016-01-04,97.0,97,31,1,42.754000000000005,2.51,100.0,57.246,10.0
365,Perfect Fitness Perfect Rip Deck,2016-01-05,45.95,46,20,1,42.754000000000005,2.51,100.0,57.246,10.0
365,Perfect Fitness Perfect Rip Deck,2016-01-06,95.16,95,33,1,42.754000000000005,2.51,100.0,57.246,10.0
365,Perfect Fitness Perfect Rip Deck,2016-01-07,80.0,80,31,1,42.754000000000005,2.51,100.0,57.246,10.0
365,Perfect Fitness Perfect Rip Deck,2016-01-08,53.0,53,14,1,42.754000000000005,2.51,100.0,57.246,10.0
365,Perfect Fitness Perfect Rip Deck,2016-01-09,59.980000000000004,60,26,1,42.754000000000005,2.51,100.0,57.246,10.0
365,Perfect Fitness Perfect Rip Deck,2016-01-10,51.0,51,20,1,42.754000000000005,2.51,100.0,57.246,10.0
365,Perfect Fitness Perfect Rip Deck,2016-01-11,40.08,40,15,1,42.754000000000005,2.51,100.0,57.246,10.0
365,Perfect Fitness Perfect Rip Deck,2016-01-12,50.03,50,14,1,42.754000000000005,2.51,100.0,57.246,10.0
365,Perfect Fitness Perfect Rip Deck,2016-01-13,46.0,46,15,1,42.754000000000005,2.51,100.0,57.246,10.0
365,Perfect Fitness Perfect Rip Deck,2016-01-14,81.0,81,25,1,42.754000000000005,2.51,100.0,57.246,10.0
365,Perfect Fitness Perfect Rip Deck,2016-01-15,54.0,54,20,1,42.754000000000005,2.51,100.0,57.246,10.0
365,Perfect Fitness Perfect Rip Deck,2016-01-16,100.0,100,31,1,42.754000000000005,2.51,100.0,57.246,10.0
365,Perfect Fitness Perfect Rip Deck,2016-01-17,75.0,75,27,1,42.754000000000005,2.51,100.0,57.246,10.0
365,Perfect Fitness Perfect Rip Deck,2016-01-18,86.98,87,28,1,42.754000000000005,2.51,100.0,57.246,10.0
365,Perfect Fitness Perfect Rip Deck,2016-01-19,69.12,69,28,1,42.754000000000005,2.51,100.0,57.246,10.0
365,Perfect Fitness Perfect Rip Deck,2016-01-20,80.0,80,27,1,42.754000000000005,2.51,100.0,57.246,10.0
365,Perfect Fitness Perfect Rip Deck,2016-01-21,99.0,99,30,1,42.754000000000005,2.51,100.0,57.246,10.0
365,Perfect Fitness Perfect Rip Deck,2016-01-22,72.0,72,22,1,42.754000000000005,2.51,100.0,57.246,10.0
365,Perfect Fitness Perfect Rip Deck,2016-01-23,88.0,88,27,1,42.754000000000005,2.51,100.0,57.246,10.0
365,Perfect Fitness Perfect Rip Deck,2016-01-24,94.0,94,31,1,42.754000000000005,2.51,100.0,57.246,10.0
365,Perfect Fitness Perfect Rip Deck,2016-01-25,70.0,70,23,1,42.754000000000005,2.51,100.0,57.246,10.0
365,Perfect Fitness Perfect Rip Deck,2016-01-26,85.0,85,27,1,42.754000000000005,2.51,100.0,57.246,10.0
365,Perfect Fitness Perfect Rip Deck,2016-01-27,64.0,64,21,1,42.754000000000005,2.51,100.0,57.246,10.0
365,Perfect Fitness Perfect Rip Deck,2016-01-28,59.0,59,25,1,42.754000000000005,2.51,100.0,57.246,10.0
365,Perfect Fitness Perfect Rip Deck,2016-01-29,62.0,62,23,1,42.754000000000005,2.51,100.0,57.246,10.0
365,Perfect Fitness Perfect Rip Deck,2016-01-30,68.0,68,25,1,42.754000000000005,2.51,100.0,57.246,10.0
365,Perfect Fitness Perfect Rip Deck,2016-01-31,70.0,70,23,1,42.754000000000005,2.51,100.0,57.246,10.0
365,Perfect Fitness Perfect Rip Deck,2016-02-01,23.0,23,8,1,42.754000000000005,2.51,100.0,57.246,10.0
403,Nike Men's CJ Elite 2 TD Football Cleat,2015-11-14,5.0,5,5,1,52.415,1.66,100.0,47.585,14.0
403,Nike Men's CJ Elite 2 TD Football Cleat,2015-11-15,13.0,13,13,1,52.415,1.66,100.0,47.585,14.0
403,Nike Men's CJ Elite 2 TD Football Cleat,2015-11-16,25.0,25,25,1,52.415,1.66,100.0,47.585,14.0
403,Nike Men's CJ Elite 2 TD Football Cleat,2015-11-17,26.0,26,26,1,52.415,1.66,100.0,47.585,14.0
403,Nike Men's CJ Elite 2 TD Football Cleat,2015-11-18,27.0,27,27,1,52.415,1.66,100.0,47.585,14.0
403,Nike Men's CJ Elite 2 TD Football Cleat,2015-11-19,26.0,26,26,1,52.415,1.66,100.0,47.585,14.0
403,Nike Men's CJ Elite 2 TD Football Cleat,2015-11-20,18.0,18,18,1,52.415,1.66,100.0,47.585,14.0
403,Nike Men's CJ Elite 2 TD Football Cleat,2015-11-21,15.0,15,15,1,52.415,1.66,100.0,47.585,14.0
403,Nike Men's CJ Elite 2 TD Football Cleat,2015-11-22,23.0,23,23,1,52.415,1.66,100.0,47.585,14.0
403,Nike Men's CJ Elite 2 TD Football Cleat,2015-11-23,19.0,19,19,1,52.415,1.66,100.0,47.585,14.0
403,Nike Men's CJ Elite 2 TD Football Cleat,2015-11-24,26.0,26,26,1,52.415,1.66,100.0,47.585,14.0
403,Nike Men's CJ Elite 2 TD Football Cleat,2015-11-25,22.0,22,22,1,52.415,1.66,100.0,47.585,14.0
403,Nike Men's CJ Elite 2 TD Football Cleat,2015-11-26,14.0,14,14,1,52.415,1.66,100.0,47.585,14.0
403,Nike Men's CJ Elite 2 TD Football Cleat,2015-11-27,15.0,15,15,1,52.415,1.66,100.0,47.585,14.0
403,Nike Men's CJ Elite 2 TD Football Cleat,2015-11-28,22.0,22,22,1,52.415,1.66,100.0,47.585,14.0
403,Nike Men's CJ Elite 2 TD Football Cleat,2015-11-29,18.0,18,18,1,52.415,1.66,100.0,47.585,14.0
403,Nike Men's CJ Elite 2 TD Football Cleat,2015-11-30,18.0,18,18,1,52.415,1.66,100.0,47.585,14.0
403,Nike Men's CJ Elite 2 TD Football Cleat,2015-12-01,29.0,29,29,1,52.415,1.66,100.0,47.585,14.0
403,Nike Men's CJ Elite 2 TD Football Cleat,2015-12-02,25.0,25,25,1,52.415,1.66,100.0,47.585,14.0
403,Nike Men's CJ Elite 2 TD Football Cleat,2015-12-03,21.0,21,21,1,52.415,1.66,100.0,47.585,14.0
403,Nike Men's CJ Elite 2 TD Football Cleat,2015-12-04,26.0,26,26,1,52.415,1.66,100.0,47.585,14.0
403,Nike Men's CJ Elite 2 TD Football Cleat,2015-12-05,24.0,24,24,1,52.415,1.66,100.0,47.585,14.0
403,Nike Men's CJ Elite 2 TD Football Cleat,2015-12-06,20.0,20,20,1,52.415,1.66,100.0,47.585,14.0
403,Nike Men's CJ Elite 2 TD Football Cleat,2015-12-07,13.0,13,13,1,52.415,1.66,100.0,47.585,14.0
403,Nike Men's CJ Elite 2 TD Football Cleat,2015-12-08,16.0,16,16,1,52.415,1.66,100.0,47.585,14.0
403,Nike Men's CJ Elite 2 TD Football Cleat,2015-12-09,31.0,31,31,1,52.415,1.66,100.0,47.585,14.0
403,Nike Men's CJ Elite 2 TD Football Cleat,2015-12-10,14.0,14,14,1,52.415,1.66,100.0,47.585,14.0
403,Nike Men's CJ Elite 2 TD Football Cleat,2015-12-11,23.0,23,23,1,52.415,1.66,100.0,47.585,14.0
403,Nike Men's CJ Elite 2 TD Football Cleat,2015-12-12,20.0,20,20,1,52.415,1.66,100.0,47.585,14.0
403,Nike Men's CJ Elite 2 TD Football Cleat,2015-12-13,23.0,23,23,1,52.415,1.66,100.0,47.585,14.0
403,Nike Men's CJ Elite 2 TD Football Cleat,2015-12-14,22.0,22,22,1,52.415,1.66,100.0,47.585,14.0
403,Nike Men's CJ Elite 2 TD Football Cleat,2015-12-15,20.0,20,20,1,52.415,1.66,100.0,47.585,14.0
403,Nike Men's CJ Elite 2 TD Football Cleat,2015-12-16,25.0,25,25,1,52.415,1.66,100.0,47.585,14.0
403,Nike Men's CJ Elite 2 TD Football Cleat,2015-12-17,14.0,14,14,1,52.415,1.66,100.0,47.585,14.0
403,Nike Men's CJ Elite 2 TD Football Cleat,2015-12-18,26.0,26,26,1,52.415,1.66,100.0,47.585,14.0
403,Nike Men's CJ Elite 2 TD Football Cleat,2015-12-19,17.0,17,17,1,52.415,1.66,100.0,47.585,14.0
403,Nike Men's CJ Elite 2 TD Football Cleat,2015-12-20,27.0,27,27,1,52.415,1.66,100.0,47.585,14.0
403,Nike Men's CJ Elite 2 TD Football Cleat,2015-12-21,27.0,27,27,1,52.415,1.66,100.0,47.585,14.0
403,Nike Men's CJ Elite 2 TD Football Cleat,2015-12-22,31.0,31,31,1,52.415,1.66,100.0,47.585,14.0
403,Nike Men's CJ Elite 2 TD Football Cleat,2015-12-23,32.0,32,32,1,52.415,1.66,100.0,47.585,14.0
403,Nike Men's CJ Elite 2 TD Football Cleat,2015-12-24,29.0,29,29,1,52.415,1.66,100.0,47.585,14.0
403,Nike Men's CJ Elite 2 TD Football Cleat,2015-12-25,33.0,33,33,1,52.415,1.66,100.0,47.585,14.0
403,Nike Men's CJ Elite 2 TD Football Cleat,2015-12-26,19.0,19,19,1,52.415,1.66,100.0,47.585,14.0
403,Nike Men's CJ Elite 2 TD Football Cleat,2015-12-27,23.0,23,23,1,52.415,1.66,100.0,47.585,14.0
403,Nike Men's CJ Elite 2 TD Football Cleat,2015-12-28,28.0,28,28,1,52.415,1.66,100.0,47.585,14.0
403,Nike Men's CJ Elite 2 TD Football Cleat,2015-12-29,26.0,26,26,1,52.415,1.66,100.0,47.585,14.0
403,Nike Men's CJ Elite 2 TD Football Cleat,2015-12-30,19.0,19,19,1,52.415,1.66,100.0,47.585,14.0
403,Nike Men's CJ Elite 2 TD Football Cleat,2015-12-31,18.0,18,18,1,52.415,1.66,100.0,47.585,14.0
403,Nike Men's CJ Elite 2 TD Football Cleat,2016-01-01,15.0,15,15,1,52.415,1.66,100.0,47.585,14.0
403,Nike Men's CJ Elite 2 TD Football Cleat,2016-01-02,25.0,25,25,1,52.415,1.66,100.0,47.585,14.0
403,Nike Men's CJ Elite 2 TD Football Cleat,2016-01-03,30.0,30,30,1,52.415,1.66,100.0,47.585,14.0
403,Nike Men's CJ Elite 2 TD Football Cleat,2016-01-04,24.0,24,24,1,52.415,1.66,100.0,47.585,14.0
403,Nike Men's CJ Elite 2 TD Football Cleat,2016-01-05,21.0,21,21,1,52.415,1.66,100.0,47.585,14.0
403,Nike Men's CJ Elite 2 TD Football Cleat,2016-01-06,22.0,22,22,1,52.415,1.66,100.0,47.585,14.0
403,Nike Men's CJ Elite 2 TD Football Cleat,2016-01-07,17.0,17,17,1,52.415,1.66,100.0,47.585,14.0
403,Nike Men's CJ Elite 2 TD Football Cleat,2016-01-08,14.0,14,14,1,52.415,1.66,100.0,47.585,14.0
403,Nike Men's CJ Elite 2 TD Football Cleat,2016-01-09,27.0,27,27,1,52.415,1.66,100.0,47.585,14.0
403,Nike Men's CJ Elite 2 TD Football Cleat,2016-01-10,21.0,21,21,1,52.415,1.66,100.0,47.585,14.0
403,Nike Men's CJ Elite 2 TD Football Cleat,2016-01-11,20.0,20,20,1,52.415,1.66,100.0,47.585,14.0
403,Nike Men's CJ Elite 2 TD Football Cleat,2016-01-12,15.0,15,15,1,52.415,1.66,100.0,47.585,14.0
403,Nike Men's CJ Elite 2 TD Football Cleat,2016-01-13,22.0,22,22,1,52.415,1.66,100.0,47.585,14.0
403,Nike Men's CJ Elite 2 TD Football Cleat,2016-01-14,26.0,26,26,1,52.415,1.66,100.0,47.585,14.0
403,Nike Men's CJ Elite 2 TD Football Cleat,2016-01-15,22.0,22,22,1,52.415,1.66,100.0,47.585,14.0
403,Nike Men's CJ Elite 2 TD Football Cleat,2016-01-16,27.0,27,27,1,52.415,1.66,100.0,47.585,14.0
403,Nike Men's CJ Elite 2 TD Football Cleat,2016-01-17,16.0,16,16,1,52.415,1.66,100.0,47.585,14.0
403,Nike Men's CJ Elite 2 TD Football Cleat,2016-01-18,23.0,23,23,1,52.415,1.66,100.0,47.585,14.0
403,Nike Men's CJ Elite 2 TD Football Cleat,2016-01-19,21.0,21,21,1,52.415,1.66,100.0,47.585,14.0
403,Nike Men's CJ Elite 2 TD Football Cleat,2016-01-20,25.0,25,25,1,52.415,1.66,100.0,47.585,14.0
403,Nike Men's CJ Elite 2 TD Football Cleat,2016-01-21,16.0,16,16,1,52.415,1.66,100.0,47.585,14.0
403,Nike Men's CJ Elite 2 TD Football Cleat,2016-01-22,23.0,23,23,1,52.415,1.66,100.0,47.585,14.0
403,Nike Men's CJ Elite 2 TD Football Cleat,2016-01-23,29.0,29,29,1,52.415,1.66,100.0,47.585,14.0
403,Nike Men's CJ Elite 2 TD Football Cleat,2016-01-24,27.0,27,27,1,52.415,1.66,100.0,47.585,14.0
403,Nike Men's CJ Elite 2 TD Football Cleat,2016-01-25,26.0,26,26,1,52.415,1.66,100.0,47.585,14.0
403,Nike Men's CJ Elite 2 TD Football Cleat,2016-01-26,24.0,24,24,1,52.415,1.66,100.0,47.585,14.0
403,Nike Men's CJ Elite 2 TD Football Cleat,2016-01-27,26.0,26,26,1,52.415,1.66,100.0,47.585,14.0
403,Nike Men's CJ Elite 2 TD Football Cleat,2016-01-28,14.0,14,14,1,52.415,1.66,100.0,47.585,14.0
403,Nike Men's CJ Elite 2 TD Football Cleat,2016-01-29,18.0,18,18,1,52.415,1.66,100.0,47.585,14.0
403,Nike Men's CJ Elite 2 TD Football Cleat,2016-01-30,30.0,30,30,1,52.415,1.66,100.0,47.585,14.0
403,Nike Men's CJ Elite 2 TD Football Cleat,2016-01-31,17.0,17,17,1,52.415,1.66,100.0,47.585,14.0
403,Nike Men's CJ Elite 2 TD Football Cleat,2016-02-01,14.0,14,14,1,52.415,1.66,100.0,47.585,14.0
502,Nike Men's Dri-FIT Victory Golf Polo,2015-11-14,27.0,27,9,1,46.804375,4.22,100.0,53.195625,16.0
502,Nike Men's Dri-FIT Victory Golf Polo,2015-11-15,73.0,73,24,1,46.804375,4.22,100.0,53.195625,16.0
502,Nike Men's Dri-FIT Victory Golf Polo,2015-11-16,45.01,45,14,1,46.804375,4.22,100.0,53.195625,16.0
502,Nike Men's Dri-FIT Victory Golf Polo,2015-11-17,54.0,54,21,1,46.804375,4.22,100.0,53.195625,16.0
502,Nike Men's Dri-FIT Victory Golf Polo,2015-11-18,71.0,71,23,1,46.804375,4.22,100.0,53.195625,16.0
502,Nike Men's Dri-FIT Victory Golf Polo,2015-11-19,84.0,84,27,1,46.804375,4.22,100.0,53.195625,16.0
502,Nike Men's Dri-FIT Victory Golf Polo,2015-11-20,55.0,55,19,1,46.804375,4.22,100.0,53.195625,16.0
502,Nike Men's Dri-FIT Victory Golf Polo,2015-11-21,47.0,47,16,1,46.804375,4.22,100.0,53.195625,16.0
502,Nike Men's Dri-FIT Victory Golf Polo,2015-11-22,49.0,49,15,1,46.804375,4.22,100.0,53.195625,16.0
502,Nike Men's Dri-FIT Victory Golf Polo,2015-11-23,63.0,63,23,1,46.804375,4.22,100.0,53.195625,16.0
502,Nike Men's Dri-FIT Victory Golf Polo,2015-11-24,46.0,46,13,1,46.804375,4.22,100.0,53.195625,16.0
502,Nike Men's Dri-FIT Victory Golf Polo,2015-11-25,81.0,81,24,1,46.804375,4.22,100.0,53.195625,16.0
502,Nike Men's Dri-FIT Victory Golf Polo,2015-11-26,24.0,24,10,1,46.804375,4.22,100.0,53.195625,16.0
502,Nike Men's Dri-FIT Victory Golf Polo,2015-11-27,38.0,38,12,1,46.804375,4.22,100.0,53.195625,16.0
502,Nike Men's Dri-FIT Victory Golf Polo,2015-11-28,54.0,54,19,1,46.804375,4.22,100.0,53.195625,16.0
502,Nike Men's Dri-FIT Victory Golf Polo,2015-11-29,61.0,61,19,1,46.804375,4.22,100.0,53.195625,16.0
502,Nike Men's Dri-FIT Victory Golf Polo,2015-11-30,92.0,92,31,1,46.804375,4.22,100.0,53.195625,16.0
502,Nike Men's Dri-FIT Victory Golf Polo,2015-12-01,59.0,59,19,1,46.804375,4.22,100.0,53.195625,16.0
502,Nike Men's Dri-FIT Victory Golf Polo,2015-12-02,67.0,67,21,1,46.804375,4.22,100.0,53.195625,16.0
502,Nike Men's Dri-FIT Victory Golf Polo,2015-12-03,77.0,77,21,1,46.804375,4.22,100.0,53.195625,16.0
502,Nike Men's Dri-FIT Victory Golf Polo,2015-12-04,73.0,73,19,1,46.804375,4.22,100.0,53.195625,16.0
502,Nike Men's Dri-FIT Victory Golf Polo,2015-12-05,41.0,41,16,1,46.804375,4.22,100.0,53.195625,16.0
502,Nike Men's Dri-FIT Victory Golf Polo,2015-12-06,32.0,32,12,1,46.804375,4.22,100.0,53.195625,16.0
502,Nike Men's Dri-FIT Victory Golf Polo,2015-12-07,34.0,34,14,1,46.804375,4.22,100.0,53.195625,16.0
502,Nike Men's Dri-FIT Victory Golf Polo,2015-12-08,39.0,39,13,1,46.804375,4.22,100.0,53.195625,16.0
502,Nike Men's Dri-FIT Victory Golf Polo,2015-12-09,70.01,70,21,1,46.804375,4.22,100.0,53.195625,16.0
502,Nike Men's Dri-FIT Victory Golf Polo,2015-12-10,42.0,42,15,1,46.804375,4.22,100.0,53.195625,16.0
502,Nike Men's Dri-FIT Victory Golf Polo,2015-12-11,47.0,47,17,1,46.804375,4.22,100.0,53.195625,16.0
502,Nike Men's Dri-FIT Victory Golf Polo,2015-12-12,47.0,47,14,1,46.804375,4.22,100.0,53.195625,16.0
502,Nike Men's Dri-FIT Victory Golf Polo,2015-12-13,92.0,92,27,1,46.804375,4.22,100.0,53.195625,16.0
502,Nike Men's Dri-FIT Victory Golf Polo,2015-12-14,31.0,31,10,1,46.804375,4.22,100.0,53.195625,16.0
502,Nike Men's Dri-FIT Victory Golf Polo,2015-12-15,67.0,67,20,1,46.804375,4.22,100.0,53.195625,16.0
502,Nike Men's Dri-FIT Victory Golf Polo,2015-12-16,76.0,76,24,1,46.804375,4.22,100.0,53.195625,16.0
502,Nike Men's Dri-FIT Victory Golf Polo,2015-12-17,66.0,66,20,1,46.804375,4.22,100.0,53.195625,16.0
502,Nike Men's Dri-FIT Victory Golf Polo,2015-12-18,37.0,37,13,1,46.804375,4.22,100.0,53.195625,16.0
502,Nike Men's Dri-FIT Victory Golf Polo,2015-12-19,44.0,44,18,1,46.804375,4.22,100.0,53.195625,16.0
502,Nike Men's Dri-FIT Victory Golf Polo,2015-12-20,60.0,60,22,1,46.804375,4.22,100.0,53.195625,16.0
502,Nike Men's Dri-FIT Victory Golf Polo,2015-12-21,35.0,35,13,1,46.804375,4.22,100.0,53.195625,16.0
502,Nike Men's Dri-FIT Victory Golf Polo,2015-12-22,69.01,69,25,1,46.804375,4.22,100.0,53.195625,16.0
502,Nike Men's Dri-FIT Victory Golf Polo,2015-12-23,83.0,83,25,1,46.804375,4.22,100.0,53.195625,16.0
502,Nike Men's Dri-FIT Victory Golf Polo,2015-12-24,81.0,81,26,1,46.804375,4.22,100.0,53.195625,16.0
502,Nike Men's Dri-FIT Victory Golf Polo,2015-12-25,80.01,80,23,1,46.804375,4.22,100.0,53.195625,16.0
502,Nike Men's Dri-FIT Victory Golf Polo,2015-12-26,79.0,79,25,1,46.804375,4.22,100.0,53.195625,16.0
502,Nike Men's Dri-FIT Victory Golf Polo,2015-12-27,68.0,68,20,1,46.804375,4.22,100.0,53.195625,16.0
502,Nike Men's Dri-FIT Victory Golf Polo,2015-12-28,58.0,58,22,1,46.804375,4.22,100.0,53.195625,16.0
502,Nike Men's Dri-FIT Victory Golf Polo,2015-12-29,60.0,60,22,1,46.804375,4.22,100.0,53.195625,16.0
502,Nike Men's Dri-FIT Victory Golf Polo,2015-12-30,67.0,67,24,1,46.804375,4.22,100.0,53.195625,16.0
502,Nike Men's Dri-FIT Victory Golf Polo,2015-12-31,92.0,92,28,1,46.804375,4.22,100.0,53.195625,16.0
502,Nike Men's Dri-FIT Victory Golf Polo,2016-01-01,83.01,83,28,1,46.804375,4.22,100.0,53.195625,16.0
502,Nike Men's Dri-FIT Victory Golf Polo,2016-01-02,45.01,45,17,1,46.804375,4.22,100.0,53.195625,16.0
502,Nike Men's Dri-FIT Victory Golf Polo,2016-01-03,74.0,74,24,1,46.804375,4.22,100.0,53.195625,16.0
502,Nike Men's Dri-FIT Victory Golf Polo,2016-01-04,47.0,47,18,1,46.804375,4.22,100.0,53.195625,16.0
502,Nike Men's Dri-FIT Victory Golf Polo,2016-01-05,70.0,70,25,1,46.804375,4.22,100.0,53.195625,16.0
502,Nike Men's Dri-FIT Victory Golf Polo,2016-01-06,91.0,91,31,1,46.804375,4.22,100.0,53.195625,16.0
502,Nike Men's Dri-FIT Victory Golf Polo,2016-01-07,62.0,62,19,1,46.804375,4.22,100.0,53.195625,16.0
502,Nike Men's Dri-FIT Victory Golf Polo,2016-01-08,74.0,74,23,1,46.804375,4.22,100.0,53.195625,16.0
502,Nike Men's Dri-FIT Victory Golf Polo,2016-01-09,79.0,79,24,1,46.804375,4.22,100.0,53.195625,16.0
502,Nike Men's Dri-FIT Victory Golf Polo,2016-01-10,46.0,46,14,1,46.804375,4.22,100.0,53.195625,16.0
502,Nike Men's Dri-FIT Victory Golf Polo,2016-01-11,51.0,51,23,1,46.804375,4.22,100.0,53.195625,16.0
502,Nike Men's Dri-FIT Victory Golf Polo,2016-01-12,82.0,82,26,1,46.804375,4.22,100.0,53.195625,16.0
502,Nike Men's Dri-FIT Victory Golf Polo,2016-01-13,52.0,52,17,1,46.804375,4.22,100.0,53.195625,16.0
502,Nike Men's Dri-FIT Victory Golf Polo,2016-01-14,85.0,85,25,1,46.804375,4.22,100.0,53.195625,16.0
502,Nike Men's Dri-FIT Victory Golf Polo,2016-01-15,61.0,61,20,1,46.804375,4.22,100.0,53.195625,16.0
502,Nike Men's Dri-FIT Victory Golf Polo,2016-01-16,53.0,53,19,1,46.804375,4.22,100.0,53.195625,16.0
502,Nike Men's Dri-FIT Victory Golf Polo,2016-01-17,65.0,65,21,1,46.804375,4.22,100.0,53.195625,16.0
502,Nike Men's Dri-FIT Victory Golf Polo,2016-01-18,67.0,67,23,1,46.804375,4.22,100.0,53.195625,16.0
502,Nike Men's Dri-FIT Victory Golf Polo,2016-01-19,59.0,59,23,1,46.804375,4.22,100.0,53.195625,16.0
502,Nike Men's Dri-FIT Victory Golf Polo,2016-01-20,57.0,57,20,1,46.804375,4.22,100.0,53.195625,16.0
502,Nike Men's Dri-FIT Victory Golf Polo,2016-01-21,89.0,89,30,1,46.804375,4.22,100.0,53.195625,16.0
502,Nike Men's Dri-FIT Victory Golf Polo,2016-01-22,71.0,71,25,1,46.804375,4.22,100.0,53.195625,16.0
502,Nike Men's Dri-FIT Victory Golf Polo,2016-01-23,68.0,68,21,1,46.804375,4.22,100.0,53.195625,16.0
502,Nike Men's Dri-FIT Victory Golf Polo,2016-01-24,70.0,70,20,1,46.804375,4.22,100.0,53.195625,16.0
502,Nike Men's Dri-FIT Victory Golf Polo,2016-01-25,53.0,53,19,1,46.804375,4.22,100.0,53.195625,16.0
502,Nike Men's Dri-FIT Victory Golf Polo,2016-01-26,82.0,82,24,1,46.804375,4.22,100.0,53.195625,16.0
502,Nike Men's Dri-FIT Victory Golf Polo,2016-01-27,79.0,79,26,1,46.804375,4.22,100.0,53.195625,16.0
502,Nike Men's Dri-FIT Victory Golf Polo,2016-01-28,57.0,57,24,1,46.804375,4.22,100.0,53.195625,16.0
502,Nike Men's Dri-FIT Victory Golf Polo,2016-01-29,95.0,95,30,1,46.804375,4.22,100.0,53.195625,16.0
502,Nike Men's Dri-FIT Victory Golf Polo,2016-01-30,39.0,39,16,1,46.804375,4.22,100.0,53.195625,16.0
502,Nike Men's Dri-FIT Victory Golf Polo,2016-01-31,63.0,63,23,1,46.804375,4.22,100.0,53.195625,16.0
502,Nike Men's Dri-FIT Victory Golf Polo,2016-02-01,10.0,10,4,1,46.804375,4.22,100.0,53.195625,16.0
564,Nike Men's Deutschland Weltmeister Winners Bl,2015-11-15,6.0,6,2,0,,,,,
564,Nike Men's Deutschland Weltmeister Winners Bl,2015-11-16,4.01,4,1,0,,,,,
564,Nike Men's Deutschland Weltmeister Winners Bl,2015-11-18,4.01,4,1,0,,,,,
564,Nike Men's Deutschland Weltmeister Winners Bl,2015-11-19,1.0,1,1,0,,,,,
564,Nike Men's Deutschland Weltmeister Winners Bl,2015-11-22,4.0,4,1,0,,,,,
564,Nike Men's Deutschland Weltmeister Winners Bl,2015-11-24,5.02,5,2,0,,,,,
564,Nike Men's Deutschland Weltmeister Winners Bl,2015-11-27,3.0,3,1,0,,,,,
564,Nike Men's Deutschland Weltmeister Winners Bl,2015-11-29,2.0,2,1,0,,,,,
564,Nike Men's Deutschland Weltmeister Winners Bl,2015-12-01,4.0,4,1,0,,,,,
564,Nike Men's Deutschland Weltmeister Winners Bl,2015-12-07,4.98,5,1,0,,,,,
564,Nike Men's Deutschland Weltmeister Winners Bl,2015-12-11,4.01,4,2,0,,,,,
564,Nike Men's Deutschland Weltmeister Winners Bl,2015-12-15,5.0,5,1,0,,,,,
564,Nike Men's Deutschland Weltmeister Winners Bl,2015-12-17,1.01,1,1,0,,,,,
564,Nike Men's Deutschland Weltmeister Winners Bl,2015-12-31,2.0,2,1,0,,,,,
564,Nike Men's Deutschland Weltmeister Winners Bl,2016-01-07,5.0,5,1,0,,,,,
564,Nike Men's Deutschland Weltmeister Winners Bl,2016-01-09,1.0,1,1,0,,,,,
564,Nike Men's Deutschland Weltmeister Winners Bl,2016-01-13,2.03,2,1,0,,,,,
564,Nike Men's Deutschland Weltmeister Winners Bl,2016-01-15,2.99,3,1,0,,,,,
564,Nike Men's Deutschland Weltmeister Winners Bl,2016-01-17,3.0,3,1,0,,,,,
564,Nike Men's Deutschland Weltmeister Winners Bl,2016-01-19,2.03,2,1,0,,,,,
564,Nike Men's Deutschland Weltmeister Winners Bl,2016-01-23,5.0,5,1,0,,,,,
564,Nike Men's Deutschland Weltmeister Winners Bl,2016-01-25,1.99,2,1,0,,,,,
564,Nike Men's Deutschland Weltmeister Winners Bl,2016-01-30,2.01,2,1,0,,,,,
565,adidas Youth Germany Black/Red Away Match Soc,2015-11-16,5.0,5,1,0,,,,,
565,adidas Youth Germany Black/Red Away Match Soc,2015-11-20,3.76,4,1,0,,,,,
565,adidas Youth Germany Black/Red Away Match Soc,2015-11-22,3.99,4,1,0,,,,,
565,adidas Youth Germany Black/Red Away Match Soc,2015-11-25,2.02,2,1,0,,,,,
565,adidas Youth Germany Black/Red Away Match Soc,2015-11-28,7.01,7,2,0,,,,,
565,adidas Youth Germany Black/Red Away Match Soc,2015-12-03,3.01,3,1,0,,,,,
565,adidas Youth Germany Black/Red Away Match Soc,2015-12-04,3.03,3,1,0,,,,,
565,adidas Youth Germany Black/Red Away Match Soc,2015-12-06,4.99,5,1,0,,,,,
565,adidas Youth Germany Black/Red Away Match Soc,2015-12-11,6.0,6,2,0,,,,,
565,adidas Youth Germany Black/Red Away Match Soc,2015-12-13,4.03,4,2,0,,,,,
565,adidas Youth Germany Black/Red Away Match Soc,2015-12-17,9.99,10,2,0,,,,,
565,adidas Youth Germany Black/Red Away Match Soc,2015-12-22,7.96,8,2,0,,,,,
565,adidas Youth Germany Black/Red Away Match Soc,2015-12-23,1.03,1,1,0,,,,,
565,adidas Youth Germany Black/Red Away Match Soc,2015-12-24,4.01,4,1,0,,,,,
565,adidas Youth Germany Black/Red Away Match Soc,2015-12-27,3.03,3,1,0,,,,,
565,adidas Youth Germany Black/Red Away Match Soc,2015-12-30,5.0,5,1,0,,,,,
565,adidas Youth Germany Black/Red Away Match Soc,2016-01-03,2.92,3,1,0,,,,,
565,adidas Youth Germany Black/Red Away Match Soc,2016-01-08,4.0,4,1,0,,,,,
565,adidas Youth Germany Black/Red Away Match Soc,2016-01-20,3.99,4,1,0,,,,,
565,adidas Youth Germany Black/Red Away Match Soc,2016-01-24,4.99,5,1,0,,,,,
565,adidas Youth Germany Black/Red Away Match Soc,2016-01-27,2.93,3,1,0,,,,,
565,adidas Youth Germany Black/Red Away Match Soc,2016-01-30,2.06,2,1,0,,,,,
567,adidas Men's Germany Black Crest Away Tee,2015-11-15,1.0,1,1,1,4.42,4.42,4.42,95.58,1.0
567,adidas Men's Germany Black Crest Away Tee,2015-11-18,6.0,6,2,1,4.42,4.42,4.42,95.58,1.0
567,adidas Men's Germany Black Crest Away Tee,2015-11-20,5.0,5,1,1,4.42,4.42,4.42,95.58,1.0
567,adidas Men's Germany Black Crest Away Tee,2015-11-21,2.0,2,1,1,4.42,4.42,4.42,95.58,1.0
567,adidas Men's Germany Black Crest Away Tee,2015-12-06,3.01,3,1,1,4.42,4.42,4.42,95.58,1.0
567,adidas Men's Germany Black Crest Away Tee,2015-12-07,1.0,1,1,1,4.42,4.42,4.42,95.58,1.0
567,adidas Men's Germany Black Crest Away Tee,2015-12-11,3.99,4,1,1,4.42,4.42,4.42,95.58,1.0
567,adidas Men's Germany Black Crest Away Tee,2015-12-19,5.0,5,1,1,4.42,4.42,4.42,95.58,1.0
567,adidas Men's Germany Black Crest Away Tee,2015-12-20,5.01,5,1,1,4.42,4.42,4.42,95.58,1.0
567,adidas Men's Germany Black Crest Away Tee,2015-12-23,2.0,2,1,1,4.42,4.42,4.42,95.58,1.0
567,adidas Men's Germany Black Crest Away Tee,2015-12-27,1.99,2,1,1,4.42,4.42,4.42,95.58,1.0
567,adidas Men's Germany Black Crest Away Tee,2015-12-30,4.0,4,2,1,4.42,4.42,4.42,95.58,1.0
567,adidas Men's Germany Black Crest Away Tee,2015-12-31,5.01,5,2,1,4.42,4.42,4.42,95.58,1.0
567,adidas Men's Germany Black Crest Away Tee,2016-01-03,1.0,1,1,1,4.42,4.42,4.42,95.58,1.0
567,adidas Men's Germany Black Crest Away Tee,2016-01-09,1.01,1,1,1,4.42,4.42,4.42,95.58,1.0
567,adidas Men's Germany Black Crest Away Tee,2016-01-12,5.0,5,1,1,4.42,4.42,4.42,95.58,1.0
567,adidas Men's Germany Black Crest Away Tee,2016-01-13,3.0,3,1,1,4.42,4.42,4.42,95.58,1.0
567,adidas Men's Germany Black Crest Away Tee,2016-01-14,1.0,1,1,1,4.42,4.42,4.42,95.58,1.0
567,adidas Men's Germany Black Crest Away Tee,2016-01-20,4.0,4,1,1,4.42,4.42,4.42,95.58,1.0
567,adidas Men's Germany Black Crest Away Tee,2016-01-27,4.01,4,1,1,4.42,4.42,4.42,95.58,1.0
567,adidas Men's Germany Black Crest Away Tee,2016-01-28,2.0,2,1,1,4.42,4.42,4.42,95.58,1.0
567,adidas Men's Germany Black Crest Away Tee,2016-02-01,5.0,5,1,1,4.42,4.42,4.42,95.58,1.0
572,TYR Boys' Team Digi Jammer,2015-11-15,5.0,5,1,0,,,,,
572,TYR Boys' Team Digi Jammer,2015-11-18,4.0,4,1,0,,,,,
572,TYR Boys' Team Digi Jammer,2015-11-19,1.0,1,1,0,,,,,
572,TYR Boys' Team Digi Jammer,2015-12-04,1.0,1,1,0,,,,,
572,TYR Boys' Team Digi Jammer,2015-12-08,8.0,8,2,0,,,,,
572,TYR Boys' Team Digi Jammer,2015-12-14,1.0,1,1,0,,,,,
572,TYR Boys' Team Digi Jammer,2015-12-21,1.0,1,1,0,,,,,
572,TYR Boys' Team Digi Jammer,2015-12-22,3.0,3,1,0,,,,,
572,TYR Boys' Team Digi Jammer,2015-12-23,5.0,5,1,0,,,,,
572,TYR Boys' Team Digi Jammer,2015-12-25,4.0,4,1,0,,,,,
572,TYR Boys' Team Digi Jammer,2015-12-26,4.0,4,1,0,,,,,
572,TYR Boys' Team Digi Jammer,2015-12-30,1.0,1,1,0,,,,,
572,TYR Boys' Team Digi Jammer,2016-01-02,4.0,4,1,0,,,,,
572,TYR Boys' Team Digi Jammer,2016-01-08,1.0,1,1,0,,,,,
572,TYR Boys' Team Digi Jammer,2016-01-10,7.0,7,2,0,,,,,
572,TYR Boys' Team Digi Jammer,2016-01-25,2.0,2,1,0,,,,,
572,TYR Boys' Team Digi Jammer,2016-01-26,6.0,6,2,0,,,,,
572,TYR Boys' Team Digi Jammer,2016-01-31,1.0,1,1,0,,,,,
627,Under Armour Girls' Toddler Spine Surge Runni,2015-11-14,5.0,5,1,1,20.971666666666668,4.13,100.0,79.02833333333334,6.0
627,Under Armour Girls' Toddler Spine Surge Runni,2015-11-15,45.0,45,13,1,20.971666666666668,4.13,100.0,79.02833333333334,6.0
627,Under Armour Girls' Toddler Spine Surge Runni,2015-11-16,38.0,38,12,1,20.971666666666668,4.13,100.0,79.02833333333334,6.0
627,Under Armour Girls' Toddler Spine Surge Runni,2015-11-17,50.0,50,14,1,20.971666666666668,4.13,100.0,79.02833333333334,6.0
627,Under Armour Girls' Toddler Spine Surge Runni,2015-11-18,23.009999999999998,23,11,1,20.971666666666668,4.13,100.0,79.02833333333334,6.0
627,Under Armour Girls' Toddler Spine Surge Runni,2015-11-19,22.0,22,7,1,20.971666666666668,4.13,100.0,79.02833333333334,6.0
627,Under Armour Girls' Toddler Spine Surge Runni,2015-11-20,37.0,37,13,1,20.971666666666668,4.13,100.0,79.02833333333334,6.0
627,Under Armour Girls' Toddler Spine Surge Runni,2015-11-21,29.0,29,10,1,20.971666666666668,4.13,100.0,79.02833333333334,6.0
627,Under Armour Girls' Toddler Spine Surge Runni,2015-11-22,27.0,27,9,1,20.971666666666668,4.13,100.0,79.02833333333334,6.0
627,Under Armour Girls' Toddler Spine Surge Runni,2015-11-23,26.0,26,8,1,20.971666666666668,4.13,100.0,79.02833333333334,6.0
627,Under Armour Girls' Toddler Spine Surge Runni,2015-11-24,42.0,42,13,1,20.971666666666668,4.13,100.0,79.02833333333334,6.0
627,Under Armour Girls' Toddler Spine Surge Runni,2015-11-25,30.0,30,10,1,20.971666666666668,4.13,100.0,79.02833333333334,6.0
627,Under Armour Girls' Toddler Spine Surge Runni,2015-11-26,12.0,12,4,1,20.971666666666668,4.13,100.0,79.02833333333334,6.0
627,Under Armour Girls' Toddler Spine Surge Runni,2015-11-27,42.0,42,13,1,20.971666666666668,4.13,100.0,79.02833333333334,6.0
627,Under Armour Girls' Toddler Spine Surge Runni,2015-11-28,38.0,38,18,1,20.971666666666668,4.13,100.0,79.02833333333334,6.0
627,Under Armour Girls' Toddler Spine Surge Runni,2015-11-29,33.0,33,11,1,20.971666666666668,4.13,100.0,79.02833333333334,6.0
627,Under Armour Girls' Toddler Spine Surge Runni,2015-11-30,31.0,31,12,1,20.971666666666668,4.13,100.0,79.02833333333334,6.0
627,Under Armour Girls' Toddler Spine Surge Runni,2015-12-01,34.0,34,12,1,20.971666666666668,4.13,100.0,79.02833333333334,6.0
627,Under Armour Girls' Toddler Spine Surge Runni,2015-12-02,22.009999999999998,22,9,1,20.971666666666668,4.13,100.0,79.02833333333334,6.0
627,Under Armour Girls' Toddler Spine Surge Runni,2015-12-03,39.0,39,14,1,20.971666666666668,4.13,100.0,79.02833333333334,6.0
627,Under Armour Girls' Toddler Spine Surge Runni,2015-12-04,45.0,45,14,1,20.971666666666668,4.13,100.0,79.02833333333334,6.0
627,Under Armour Girls' Toddler Spine Surge Runni,2015-12-05,30.0,30,11,1,20.971666666666668,4.13,100.0,79.02833333333334,6.0
627,Under Armour Girls' Toddler Spine Surge Runni,2015-12-06,27.0,27,10,1,20.971666666666668,4.13,100.0,79.02833333333334,6.0
627,Under Armour Girls' Toddler Spine Surge Runni,2015-12-07,17.0,17,7,1,20.971666666666668,4.13,100.0,79.02833333333334,6.0
627,Under Armour Girls' Toddler Spine Surge Runni,2015-12-08,42.0,42,16,1,20.971666666666668,4.13,100.0,79.02833333333334,6.0
627,Under Armour Girls' Toddler Spine Surge Runni,2015-12-09,21.0,21,5,1,20.971666666666668,4.13,100.0,79.02833333333334,6.0
627,Under Armour Girls' Toddler Spine Surge Runni,2015-12-10,13.0,13,5,1,20.971666666666668,4.13,100.0,79.02833333333334,6.0
627,Under Armour Girls' Toddler Spine Surge Runni,2015-12-11,20.0,20,7,1,20.971666666666668,4.13,100.0,79.02833333333334,6.0
627,Under Armour Girls' Toddler Spine Surge Runni,2015-12-12,46.0,46,13,1,20.971666666666668,4.13,100.0,79.02833333333334,6.0
627,Under Armour Girls' Toddler Spine Surge Runni,2015-12-13,36.0,36,13,1,20.971666666666668,4.13,100.0,79.02833333333334,6.0
627,Under Armour Girls' Toddler Spine Surge Runni,2015-12-14,38.0,38,14,1,20.971666666666668,4.13,100.0,79.02833333333334,6.0
627,Under Armour Girls' Toddler Spine Surge Runni,2015-12-15,31.990000000000002,32,11,1,20.971666666666668,4.13,100.0,79.02833333333334,6.0
627,Under Armour Girls' Toddler Spine Surge Runni,2015-12-16,28.0,28,9,1,20.971666666666668,4.13,100.0,79.02833333333334,6.0
627,Under Armour Girls' Toddler Spine Surge Runni,2015-12-17,31.0,31,11,1,20.971666666666668,4.13,100.0,79.02833333333334,6.0
627,Under Armour Girls' Toddler Spine Surge Runni,2015-12-18,50.0,50,16,1,20.971666666666668,4.13,100.0,79.02833333333334,6.0
627,Under Armour Girls' Toddler Spine Surge Runni,2015-12-19,32.0,32,8,1,20.971666666666668,4.13,100.0,79.02833333333334,6.0
627,Under Armour Girls' Toddler Spine Surge Runni,2015-12-20,27.0,27,10,1,20.971666666666668,4.13,100.0,79.02833333333334,6.0
627,Under Armour Girls' Toddler Spine Surge Runni,2015-12-21,55.0,55,17,1,20.971666666666668,4.13,100.0,79.02833333333334,6.0
627,Under Armour Girls' Toddler Spine Surge Runni,2015-12-22,15.0,15,5,1,20.971666666666668,4.13,100.0,79.02833333333334,6.0
627,Under Armour Girls' Toddler Spine Surge Runni,2015-12-23,25.990000000000002,26,8,1,20.971666666666668,4.13,100.0,79.02833333333334,6.0
627,Under Armour Girls' Toddler Spine Surge Runni,2015-12-24,34.0,34,12,1,20.971666666666668,4.13,100.0,79.02833333333334,6.0
627,Under Armour Girls' Toddler Spine Surge Runni,2015-12-25,30.0,30,10,1,20.971666666666668,4.13,100.0,79.02833333333334,6.0
627,Under Armour Girls' Toddler Spine Surge Runni,2015-12-26,51.0,51,16,1,20.971666666666668,4.13,100.0,79.02833333333334,6.0
627,Under Armour Girls' Toddler Spine Surge Runni,2015-12-27,26.009999999999998,26,12,1,20.971666666666668,4.13,100.0,79.02833333333334,6.0
627,Under Armour Girls' Toddler Spine Surge Runni,2015-12-28,31.0,31,10,1,20.971666666666668,4.13,100.0,79.02833333333334,6.0
627,Under Armour Girls' Toddler Spine Surge Runni,2015-12-29,37.99,38,12,1,20.971666666666668,4.13,100.0,79.02833333333334,6.0
627,Under Armour Girls' Toddler Spine Surge Runni,2015-12-30,35.0,35,12,1,20.971666666666668,4.13,100.0,79.02833333333334,6.0
627,Under Armour Girls' Toddler Spine Surge Runni,2015-12-31,28.0,28,11,1,20.971666666666668,4.13,100.0,79.02833333333334,6.0
627,Under Armour Girls' Toddler Spine Surge Runni,2016-01-01,38.0,38,12,1,20.971666666666668,4.13,100.0,79.02833333333334,6.0
627,Under Armour Girls' Toddler Spine Surge Runni,2016-01-02,34.0,34,13,1,20.971666666666668,4.13,100.0,79.02833333333334,6.0
627,Under Armour Girls' Toddler Spine Surge Runni,2016-01-03,32.0,32,11,1,20.971666666666668,4.13,100.0,79.02833333333334,6.0
627,Under Armour Girls' Toddler Spine Surge Runni,2016-01-04,38.0,38,15,1,20.971666666666668,4.13,100.0,79.02833333333334,6.0
627,Under Armour Girls' Toddler Spine Surge Runni,2016-01-05,35.0,35,11,1,20.971666666666668,4.13,100.0,79.02833333333334,6.0
627,Under Armour Girls' Toddler Spine Surge Runni,2016-01-06,34.0,34,11,1,20.971666666666668,4.13,100.0,79.02833333333334,6.0
627,Under Armour Girls' Toddler Spine Surge Runni,2016-01-07,25.0,25,10,1,20.971666666666668,4.13,100.0,79.02833333333334,6.0
627,Under Armour Girls' Toddler Spine Surge Runni,2016-01-08,31.0,31,11,1,20.971666666666668,4.13,100.0,79.02833333333334,6.0
627,Under Armour Girls' Toddler Spine Surge Runni,2016-01-09,35.01,35,11,1,20.971666666666668,4.13,100.0,79.02833333333334,6.0
627,Under Armour Girls' Toddler Spine Surge Runni,2016-01-10,39.0,39,13,1,20.971666666666668,4.13,100.0,79.02833333333334,6.0
627,Under Armour Girls' Toddler Spine Surge Runni,2016-01-11,24.0,24,9,1,20.971666666666668,4.13,100.0,79.02833333333334,6.0
627,Under Armour Girls' Toddler Spine Surge Runni,2016-01-12,42.0,42,10,1,20.971666666666668,4.13,100.0,79.02833333333334,6.0
627,Under Armour Girls' Toddler Spine Surge Runni,2016-01-13,16.0,16,6,1,20.971666666666668,4.13,100.0,79.02833333333334,6.0
627,Under Armour Girls' Toddler Spine Surge Runni,2016-01-14,28.990000000000002,29,11,1,20.971666666666668,4.13,100.0,79.02833333333334,6.0
627,Under Armour Girls' Toddler Spine Surge Runni,2016-01-15,16.0,16,7,1,20.971666666666668,4.13,100.0,79.02833333333334,6.0
627,Under Armour Girls' Toddler Spine Surge Runni,2016-01-16,37.0,37,10,1,20.971666666666668,4.13,100.0,79.02833333333334,6.0
627,Under Armour Girls' Toddler Spine Surge Runni,2016-01-17,21.0,21,7,1,20.971666666666668,4.13,100.0,79.02833333333334,6.0
627,Under Armour Girls' Toddler Spine Surge Runni,2016-01-18,11.0,11,5,1,20.971666666666668,4.13,100.0,79.02833333333334,6.0
627,Under Armour Girls' Toddler Spine Surge Runni,2016-01-19,43.0,43,14,1,20.971666666666668,4.13,100.0,79.02833333333334,6.0
627,Under Armour Girls' Toddler Spine Surge Runni,2016-01-20,29.0,29,12,1,20.971666666666668,4.13,100.0,79.02833333333334,6.0
627,Under Armour Girls' Toddler Spine Surge Runni,2016-01-21,23.990000000000002,24,12,1,20.971666666666668,4.13,100.0,79.02833333333334,6.0
627,Under Armour Girls' Toddler Spine Surge Runni,2016-01-22,31.0,31,9,1,20.971666666666668,4.13,100.0,79.02833333333334,6.0
627,Under Armour Girls' Toddler Spine Surge Runni,2016-01-23,25.0,25,8,1,20.971666666666668,4.13,100.0,79.02833333333334,6.0
627,Under Armour Girls' Toddler Spine Surge Runni,2016-01-24,24.0,24,8,1,20.971666666666668,4.13,100.0,79.02833333333334,6.0
627,Under Armour Girls' Toddler Spine Surge Runni,2016-01-25,45.0,45,14,1,20.971666666666668,4.13,100.0,79.02833333333334,6.0
627,Under Armour Girls' Toddler Spine Surge Runni,2016-01-26,28.990000000000002,29,11,1,20.971666666666668,4.13,100.0,79.02833333333334,6.0
627,Under Armour Girls' Toddler Spine Surge Runni,2016-01-27,37.0,37,11,1,20.971666666666668,4.13,100.0,79.02833333333334,6.0
627,Under Armour Girls' Toddler Spine Surge Runni,2016-01-28,16.0,16,6,1,20.971666666666668,4.13,100.0,79.02833333333334,6.0
627,Under Armour Girls' Toddler Spine Surge Runni,2016-01-29,26.0,26,10,1,20.971666666666668,4.13,100.0,79.02833333333334,6.0
627,Under Armour Girls' Toddler Spine Surge Runni,2016-01-30,38.0,38,11,1,20.971666666666668,4.13,100.0,79.02833333333334,6.0
627,Under Armour Girls' Toddler Spine Surge Runni,2016-01-31,38.0,38,13,1,20.971666666666668,4.13,100.0,79.02833333333334,6.0
627,Under Armour Girls' Toddler Spine Surge Runni,2016-02-01,19.0,19,7,1,20.971666666666668,4.13,100.0,79.02833333333334,6.0
642,Columbia Men's PFG Anchor Tough T-Shirt,2015-11-16,3.0,3,1,0,,,,,
642,Columbia Men's PFG Anchor Tough T-Shirt,2015-11-21,3.99,4,1,0,,,,,
642,Columbia Men's PFG Anchor Tough T-Shirt,2015-11-22,1.98,2,1,0,,,,,
642,Columbia Men's PFG Anchor Tough T-Shirt,2015-11-24,4.0,4,2,0,,,,,
642,Columbia Men's PFG Anchor Tough T-Shirt,2015-11-27,1.0,1,1,0,,,,,
642,Columbia Men's PFG Anchor Tough T-Shirt,2015-12-12,1.99,2,1,0,,,,,
642,Columbia Men's PFG Anchor Tough T-Shirt,2015-12-14,4.0,4,1,0,,,,,
642,Columbia Men's PFG Anchor Tough T-Shirt,2015-12-16,5.0,5,1,0,,,,,
642,Columbia Men's PFG Anchor Tough T-Shirt,2015-12-18,3.01,3,1,0,,,,,
642,Columbia Men's PFG Anchor Tough T-Shirt,2015-12-21,4.01,4,1,0,,,,,
642,Columbia Men's PFG Anchor Tough T-Shirt,2015-12-27,1.0,1,1,0,,,,,
642,Columbia Men's PFG Anchor Tough T-Shirt,2015-12-30,4.0,4,1,0,,,,,
642,Columbia Men's PFG Anchor Tough T-Shirt,2015-12-31,4.98,5,1,0,,,,,
642,Columbia Men's PFG Anchor Tough T-Shirt,2016-01-08,5.0,5,1,0,,,,,
642,Columbia Men's PFG Anchor Tough T-Shirt,2016-01-21,3.99,4,1,0,,,,,
642,Columbia Men's PFG Anchor Tough T-Shirt,2016-01-22,2.98,3,1,0,,,,,
642,Columbia Men's PFG Anchor Tough T-Shirt,2016-01-26,1.01,1,1,0,,,,,
703,Top Flite Women's 2014 XL Hybrid,2015-11-16,9.0,9,2,0,,,,,
703,Top Flite Women's 2014 XL Hybrid,2015-11-19,1.99,2,1,0,,,,,
703,Top Flite Women's 2014 XL Hybrid,2015-11-20,3.0,3,1,0,,,,,
703,Top Flite Women's 2014 XL Hybrid,2015-11-21,3.98,4,1,0,,,,,
703,Top Flite Women's 2014 XL Hybrid,2015-11-27,4.0,4,1,0,,,,,
703,Top Flite Women's 2014 XL Hybrid,2015-11-30,1.0,1,1,0,,,,,
703,Top Flite Women's 2014 XL Hybrid,2015-12-04,6.99,7,3,0,,,,,
703,Top Flite Women's 2014 XL Hybrid,2015-12-06,3.02,3,1,0,,,,,
703,Top Flite Women's 2014 XL Hybrid,2015-12-08,1.01,1,1,0,,,,,
703,Top Flite Women's 2014 XL Hybrid,2015-12-16,7.98,8,2,0,,,,,
703,Top Flite Women's 2014 XL Hybrid,2015-12-18,5.01,5,2,0,,,,,
703,Top Flite Women's 2014 XL Hybrid,2015-12-24,1.0,1,1,0,,,,,
703,Top Flite Women's 2014 XL Hybrid,2015-12-25,2.0,2,1,0,,,,,
703,Top Flite Women's 2014 XL Hybrid,2015-12-26,1.98,2,1,0,,,,,
703,Top Flite Women's 2014 XL Hybrid,2015-12-28,1.0,1,1,0,,,,,
703,Top Flite Women's 2014 XL Hybrid,2015-12-31,1.0,1,1,0,,,,,
703,Top Flite Women's 2014 XL Hybrid,2016-01-07,4.02,4,2,0,,,,,
703,Top Flite Women's 2014 XL Hybrid,2016-01-09,1.03,1,1,0,,,,,
703,Top Flite Women's 2014 XL Hybrid,2016-01-10,2.0,2,1,0,,,,,
703,Top Flite Women's 2014 XL Hybrid,2016-01-11,1.01,1,1,0,,,,,
703,Top Flite Women's 2014 XL Hybrid,2016-01-18,9.0,9,2,0,,,,,
703,Top Flite Women's 2014 XL Hybrid,2016-01-27,1.0,1,1,0,,,,,
703,Top Flite Women's 2014 XL Hybrid,2016-01-28,1.99,2,1,0,,,,,
703,Top Flite Women's 2014 XL Hybrid,2016-02-01,4.0,4,1,0,,,,,
728,LIJA Women's Eyelet Sleeveless Golf Polo,2015-11-19,4.02,4,1,0,,,,,
728,LIJA Women's Eyelet Sleeveless Golf Polo,2015-11-21,5.01,5,1,0,,,,,
728,LIJA Women's Eyelet Sleeveless Golf Polo,2015-11-26,1.95,2,1,0,,,,,
728,LIJA Women's Eyelet Sleeveless Golf Polo,2015-11-29,2.0,2,1,0,,,,,
728,LIJA Women's Eyelet Sleeveless Golf Polo,2015-12-01,2.0,2,1,0,,,,,
728,LIJA Women's Eyelet Sleeveless Golf Polo,2015-12-05,6.04,6,2,0,,,,,
728,LIJA Women's Eyelet Sleeveless Golf Polo,2015-12-06,4.03,4,1,0,,,,,
728,LIJA Women's Eyelet Sleeveless Golf Polo,2015-12-07,4.01,4,1,0,,,,,
728,LIJA Women's Eyelet Sleeveless Golf Polo,2015-12-08,4.02,4,1,0,,,,,
728,LIJA Women's Eyelet Sleeveless Golf Polo,2015-12-12,2.04,2,1,0,,,,,
728,LIJA Women's Eyelet Sleeveless Golf Polo,2015-12-13,3.99,4,1,0,,,,,
728,LIJA Women's Eyelet Sleeveless Golf Polo,2015-12-15,1.05,1,1,0,,,,,
728,LIJA Women's Eyelet Sleeveless Golf Polo,2015-12-21,3.99,4,1,0,,,,,
728,LIJA Women's Eyelet Sleeveless Golf Polo,2015-12-29,4.02,4,1,0,,,,,
728,LIJA Women's Eyelet Sleeveless Golf Polo,2015-12-31,5.02,5,1,0,,,,,
728,LIJA Women's Eyelet Sleeveless Golf Polo,2016-01-06,1.96,2,1,0,,,,,
728,LIJA Women's Eyelet Sleeveless Golf Polo,2016-01-13,5.02,5,1,0,,,,,
728,LIJA Women's Eyelet Sleeveless Golf Polo,2016-01-19,2.03,2,1,0,,,,,
728,LIJA Women's Eyelet Sleeveless Golf Polo,2016-01-20,0.98,1,1,0,,,,,
728,LIJA Women's Eyelet Sleeveless Golf Polo,2016-01-21,0.99,1,1,0,,,,,
728,LIJA Women's Eyelet Sleeveless Golf Polo,2016-01-24,7.01,7,2,0,,,,,
771,Clicgear Rovic Cooler Bag,2015-11-15,8.0,8,2,0,,,,,
771,Clicgear Rovic Cooler Bag,2015-11-18,5.0,5,1,0,,,,,
771,Clicgear Rovic Cooler Bag,2015-11-20,5.0,5,1,0,,,,,
771,Clicgear Rovic Cooler Bag,2015-11-26,5.0,5,1,0,,,,,
771,Clicgear Rovic Cooler Bag,2015-11-29,1.99,2,1,0,,,,,
771,Clicgear Rovic Cooler Bag,2015-11-30,4.0,4,2,0,,,,,
771,Clicgear Rovic Cooler Bag,2015-12-01,4.0,4,1,0,,,,,
771,Clicgear Rovic Cooler Bag,2015-12-11,6.0,6,2,0,,,,,
771,Clicgear Rovic Cooler Bag,2015-12-13,3.0,3,1,0,,,,,
771,Clicgear Rovic Cooler Bag,2015-12-14,5.0,5,1,0,,,,,
771,Clicgear Rovic Cooler Bag,2015-12-17,1.0,1,1,0,,,,,
771,Clicgear Rovic Cooler Bag,2015-12-25,3.0,3,1,0,,,,,
771,Clicgear Rovic Cooler Bag,2015-12-28,2.0,2,1,0,,,,,
771,Clicgear Rovic Cooler Bag,2015-12-31,3.0,3,1,0,,,,,
771,Clicgear Rovic Cooler Bag,2016-01-02,2.0,2,1,0,,,,,
771,Clicgear Rovic Cooler Bag,2016-01-13,2.0,2,1,0,,,,,
771,Clicgear Rovic Cooler Bag,2016-01-16,6.0,6,2,0,,,,,
771,Clicgear Rovic Cooler Bag,2016-01-20,3.0,3,1,0,,,,,
771,Clicgear Rovic Cooler Bag,2016-01-23,2.0,2,1,0,,,,,
771,Clicgear Rovic Cooler Bag,2016-01-29,5.0,5,1,0,,,,,
771,Clicgear Rovic Cooler Bag,2016-01-30,5.0,5,1,0,,,,,
771,Clicgear Rovic Cooler Bag,2016-01-31,4.0,4,1,0,,,,,
775,Clicgear 8.0 Shoe Brush,2015-11-14,4.99,5,1,0,,,,,
775,Clicgear 8.0 Shoe Brush,2015-11-15,5.04,5,2,0,,,,,
775,Clicgear 8.0 Shoe Brush,2015-11-17,2.99,3,1,0,,,,,
775,Clicgear 8.0 Shoe Brush,2015-11-18,1.02,1,1,0,,,,,
775,Clicgear 8.0 Shoe Brush,2015-11-20,4.98,5,1,0,,,,,
775,Clicgear 8.0 Shoe Brush,2015-11-23,4.9,5,1,0,,,,,
775,Clicgear 8.0 Shoe Brush,2015-11-24,6.93,7,2,0,,,,,
775,Clicgear 8.0 Shoe Brush,2015-11-27,4.99,5,1,0,,,,,
775,Clicgear 8.0 Shoe Brush,2015-11-30,1.04,1,1,0,,,,,
775,Clicgear 8.0 Shoe Brush,2015-12-05,1.85,2,1,0,,,,,
775,Clicgear 8.0 Shoe Brush,2015-12-07,1.03,1,1,0,,,,,
775,Clicgear 8.0 Shoe Brush,2015-12-13,4.98,5,1,0,,,,,
775,Clicgear 8.0 Shoe Brush,2015-12-14,4.02,4,1,0,,,,,
775,Clicgear 8.0 Shoe Brush,2015-12-17,3.0,3,1,0,,,,,
775,Clicgear 8.0 Shoe Brush,2015-12-19,5.01,5,1,0,,,,,
775,Clicgear 8.0 Shoe Brush,2015-12-21,6.93,7,2,0,,,,,
775,Clicgear 8.0 Shoe Brush,2016-01-07,1.06,1,1,0,,,,,
775,Clicgear 8.0 Shoe Brush,2016-01-09,4.01,4,1,0,,,,,
775,Clicgear 8.0 Shoe Brush,2016-01-10,4.01,4,1,0,,,,,
775,Clicgear 8.0 Shoe Brush,2016-01-21,4.99,5,1,0,,,,,
775,Clicgear 8.0 Shoe Brush,2016-01-23,5.99,6,2,0,,,,,
778,Bag Boy Beverage Holder,2015-11-15,1.99,2,1,0,,,,,
778,Bag Boy Beverage Holder,2015-11-26,3.01,3,1,0,,,,,
778,Bag Boy Beverage Holder,2015-11-27,5.0,5,1,0,,,,,
778,Bag Boy Beverage Holder,2015-12-05,2.0,2,1,0,,,,,
778,Bag Boy Beverage Holder,2015-12-09,4.99,5,1,0,,,,,
778,Bag Boy Beverage Holder,2015-12-10,4.02,4,1,0,,,,,
778,Bag Boy Beverage Holder,2015-12-13,2.99,3,1,0,,,,,
778,Bag Boy Beverage Holder,2015-12-15,6.0,6,2,0,,,,,
778,Bag Boy Beverage Holder,2015-12-18,5.0,5,1,0,,,,,
778,Bag Boy Beverage Holder,2015-12-20,3.01,3,1,0,,,,,
778,Bag Boy Beverage Holder,2015-12-22,4.0,4,1,0,,,,,
778,Bag Boy Beverage Holder,2015-12-26,2.0,2,1,0,,,,,
778,Bag Boy Beverage Holder,2016-01-08,7.0,7,2,0,,,,,
778,Bag Boy Beverage Holder,2016-01-09,5.0,5,2,0,,,,,
778,Bag Boy Beverage Holder,2016-01-14,2.99,3,1,0,,,,,
778,Bag Boy Beverage Holder,2016-01-15,3.0,3,1,0,,,,,
778,Bag Boy Beverage Holder,2016-01-22,2.0,2,1,0,,,,,
778,Bag Boy Beverage Holder,2016-01-25,1.0,1,1,0,,,,,
792,Hirzl Men's Hybrid Golf Glove,2015-11-20,4.96,5,1,0,,,,,
792,Hirzl Men's Hybrid Golf Glove,2015-11-22,4.01,4,1,0,,,,,
792,Hirzl Men's Hybrid Golf Glove,2015-11-24,3.01,3,1,0,,,,,
792,Hirzl Men's Hybrid Golf Glove,2015-11-25,1.04,1,1,0,,,,,
792,Hirzl Men's Hybrid Golf Glove,2015-12-07,4.0,4,1,0,,,,,
792,Hirzl Men's Hybrid Golf Glove,2015-12-08,2.0,2,1,0,,,,,
792,Hirzl Men's Hybrid Golf Glove,2015-12-10,4.98,5,1,0,,,,,
792,Hirzl Men's Hybrid Golf Glove,2015-12-11,2.02,2,1,0,,,,,
792,Hirzl Men's Hybrid Golf Glove,2015-12-16,4.99,5,1,0,,,,,
792,Hirzl Men's Hybrid Golf Glove,2015-12-17,2.01,2,1,0,,,,,
792,Hirzl Men's Hybrid Golf Glove,2015-12-18,3.02,3,1,0,,,,,
792,Hirzl Men's Hybrid Golf Glove,2015-12-19,1.01,1,1,0,,,,,
792,Hirzl Men's Hybrid Golf Glove,2015-12-23,4.04,4,1,0,,,,,
792,Hirzl Men's Hybrid Golf Glove,2015-12-25,4.0,4,1,0,,,,,
792,Hirzl Men's Hybrid Golf Glove,2015-12-26,3.0,3,1,0,,,,,
792,Hirzl Men's Hybrid Golf Glove,2015-12-28,2.0,2,1,0,,,,,
792,Hirzl Men's Hybrid Golf Glove,2016-01-01,3.99,4,1,0,,,,,
792,Hirzl Men's Hybrid Golf Glove,2016-01-05,1.06,1,1,0,,,,,
792,Hirzl Men's Hybrid Golf Glove,2016-01-08,3.98,4,1,0,,,,,
792,Hirzl Men's Hybrid Golf Glove,2016-01-09,1.98,2,1,0,,,,,
792,Hirzl Men's Hybrid Golf Glove,2016-01-14,7.98,8,2,0,,,,,
792,Hirzl Men's Hybrid Golf Glove,2016-01-15,4.01,4,1,0,,,,,
792,Hirzl Men's Hybrid Golf Glove,2016-01-17,1.0,1,1,0,,,,,
792,Hirzl Men's Hybrid Golf Glove,2016-01-22,4.99,5,1,0,,,,,
792,Hirzl Men's Hybrid Golf Glove,2016-01-23,7.98,8,3,0,,,,,
792,Hirzl Men's Hybrid Golf Glove,2016-01-24,1.0,1,1,0,,,,,
792,Hirzl Men's Hybrid Golf Glove,2016-01-25,2.0,2,1,0,,,,,
792,Hirzl Men's Hybrid Golf Glove,2016-01-28,3.99,4,1,0,,,,,
793,Hirzl Women's Hybrid Golf Glove,2015-11-14,0.99,1,1,0,,,,,
793,Hirzl Women's Hybrid Golf Glove,2015-11-17,4.98,5,1,0,,,,,
793,Hirzl Women's Hybrid Golf Glove,2015-11-20,1.0,1,1,0,,,,,
793,Hirzl Women's Hybrid Golf Glove,2015-11-23,1.01,1,1,0,,,,,
793,Hirzl Women's Hybrid Golf Glove,2015-11-29,5.0,5,1,0,,,,,
793,Hirzl Women's Hybrid Golf Glove,2015-11-30,4.0,4,2,0,,,,,
793,Hirzl Women's Hybrid Golf Glove,2015-12-01,5.0,5,1,0,,,,,
793,Hirzl Women's Hybrid Golf Glove,2015-12-08,2.99,3,1,0,,,,,
793,Hirzl Women's Hybrid Golf Glove,2015-12-09,9.98,10,2,0,,,,,
793,Hirzl Women's Hybrid Golf Glove,2015-12-10,3.01,3,1,0,,,,,
793,Hirzl Women's Hybrid Golf Glove,2015-12-15,8.0,8,2,0,,,,,
793,Hirzl Women's Hybrid Golf Glove,2015-12-17,2.01,2,1,0,,,,,
793,Hirzl Women's Hybrid Golf Glove,2015-12-23,1.01,1,1,0,,,,,
793,Hirzl Women's Hybrid Golf Glove,2015-12-26,2.02,2,1,0,,,,,
793,Hirzl Women's Hybrid Golf Glove,2016-01-07,5.0,5,1,0,,,,,
793,Hirzl Women's Hybrid Golf Glove,2016-01-09,5.0,5,1,0,,,,,
793,Hirzl Women's Hybrid Golf Glove,2016-01-11,2.0,2,1,0,,,,,
793,Hirzl Women's Hybrid Golf Glove,2016-01-20,1.0,1,1,0,,,,,
793,Hirzl Women's Hybrid Golf Glove,2016-01-21,1.01,1,1,0,,,,,
793,Hirzl Women's Hybrid Golf Glove,2016-01-23,3.99,4,1,0,,,,,
793,Hirzl Women's Hybrid Golf Glove,2016-01-29,3.0,3,1,0,,,,,
793,Hirzl Women's Hybrid Golf Glove,2016-01-30,3.99,4,1,0,,,,,
797,Hirzl Women's Soffft Flex Golf Glove,2015-11-15,2.99,3,1,0,,,,,
797,Hirzl Women's Soffft Flex Golf Glove,2015-11-16,2.98,3,1,0,,,,,
797,Hirzl Women's Soffft Flex Golf Glove,2015-11-17,2.0,2,1,0,,,,,
797,Hirzl Women's Soffft Flex Golf Glove,2015-11-18,1.0,1,1,0,,,,,
797,Hirzl Women's Soffft Flex Golf Glove,2015-11-21,5.01,5,1,0,,,,,
797,Hirzl Women's Soffft Flex Golf Glove,2015-11-22,1.0,1,1,0,,,,,
797,Hirzl Women's Soffft Flex Golf Glove,2015-11-25,1.01,1,1,0,,,,,
797,Hirzl Women's Soffft Flex Golf Glove,2015-11-27,2.03,2,1,0,,,,,
797,Hirzl Women's Soffft Flex Golf Glove,2015-11-29,2.03,2,1,0,,,,,
797,Hirzl Women's Soffft Flex Golf Glove,2015-11-30,8.05,8,2,0,,,,,
797,Hirzl Women's Soffft Flex Golf Glove,2015-12-10,1.01,1,1,0,,,,,
797,Hirzl Women's Soffft Flex Golf Glove,2015-12-14,6.0,6,2,0,,,,,
797,Hirzl Women's Soffft Flex Golf Glove,2015-12-16,0.99,1,1,0,,,,,
797,Hirzl Women's Soffft Flex Golf Glove,2015-12-18,5.02,5,2,0,,,,,
797,Hirzl Women's Soffft Flex Golf Glove,2015-12-23,2.99,3,1,0,,,,,
797,Hirzl Women's Soffft Flex Golf Glove,2015-12-25,3.97,4,1,0,,,,,
797,Hirzl Women's Soffft Flex Golf Glove,2015-12-27,4.99,5,1,0,,,,,
797,Hirzl Women's Soffft Flex Golf Glove,2015-12-28,5.970000000000001,6,2,0,,,,,
797,Hirzl Women's Soffft Flex Golf Glove,2015-12-31,1.0,1,1,0,,,,,
797,Hirzl Women's Soffft Flex Golf Glove,2016-01-01,2.01,2,1,0,,,,,
797,Hirzl Women's Soffft Flex Golf Glove,2016-01-03,1.0,1,1,0,,,,,
797,Hirzl Women's Soffft Flex Golf Glove,2016-01-04,2.95,3,1,0,,,,,
797,Hirzl Women's Soffft Flex Golf Glove,2016-01-06,2.95,3,1,0,,,,,
797,Hirzl Women's Soffft Flex Golf Glove,2016-01-12,3.96,4,2,0,,,,,
797,Hirzl Women's Soffft Flex Golf Glove,2016-01-13,3.97,4,1,0,,,,,
797,Hirzl Women's Soffft Flex Golf Glove,2016-01-14,2.97,3,1,0,,,,,
797,Hirzl Women's Soffft Flex Golf Glove,2016-01-15,5.93,6,2,0,,,,,
797,Hirzl Women's Soffft Flex Golf Glove,2016-01-21,0.99,1,1,0,,,,,
797,Hirzl Women's Soffft Flex Golf Glove,2016-01-31,3.99,4,1,0,,,,,
804,Glove It Women's Imperial Golf Glove,2015-11-16,2.01,2,1,0,,,,,
804,Glove It Women's Imperial Golf Glove,2015-11-18,1.0,1,1,0,,,,,
804,Glove It Women's Imperial Golf Glove,2015-11-21,3.0,3,1,0,,,,,
804,Glove It Women's Imperial Golf Glove,2015-11-24,2.0,2,1,0,,,,,
804,Glove It Women's Imperial Golf Glove,2015-11-25,5.0,5,1,0,,,,,
804,Glove It Women's Imperial Golf Glove,2015-11-28,7.0,7,2,0,,,,,
804,Glove It Women's Imperial Golf Glove,2015-11-30,4.0,4,1,0,,,,,
804,Glove It Women's Imperial Golf Glove,2015-12-02,4.99,5,1,0,,,,,
804,Glove It Women's Imperial Golf Glove,2015-12-04,4.99,5,1,0,,,,,
804,Glove It Women's Imperial Golf Glove,2015-12-05,4.99,5,1,0,,,,,
804,Glove It Women's Imperial Golf Glove,2015-12-08,3.01,3,1,0,,,,,
804,Glove It Women's Imperial Golf Glove,2015-12-12,2.0,2,1,0,,,,,
804,Glove It Women's Imperial Golf Glove,2015-12-13,5.0,5,1,0,,,,,
804,Glove It Women's Imperial Golf Glove,2015-12-14,2.98,3,1,0,,,,,
804,Glove It Women's Imperial Golf Glove,2015-12-15,5.01,5,1,0,,,,,
804,Glove It Women's Imperial Golf Glove,2015-12-20,7.99,8,2,0,,,,,
804,Glove It Women's Imperial Golf Glove,2015-12-24,8.0,8,2,0,,,,,
804,Glove It Women's Imperial Golf Glove,2015-12-31,4.01,4,1,0,,,,,
804,Glove It Women's Imperial Golf Glove,2016-01-01,4.99,5,1,0,,,,,
804,Glove It Women's Imperial Golf Glove,2016-01-02,3.0,3,1,0,,,,,
804,Glove It Women's Imperial Golf Glove,2016-01-03,1.01,1,1,0,,,,,
804,Glove It Women's Imperial Golf Glove,2016-01-13,0.99,1,1,0,,,,,
804,Glove It Women's Imperial Golf Glove,2016-01-14,1.0,1,1,0,,,,,
804,Glove It Women's Imperial Golf Glove,2016-01-17,7.0,7,2,0,,,,,
804,Glove It Women's Imperial Golf Glove,2016-01-19,8.01,8,2,0,,,,,
804,Glove It Women's Imperial Golf Glove,2016-01-21,1.0,1,1,0,,,,,
804,Glove It Women's Imperial Golf Glove,2016-01-22,2.0,2,1,0,,,,,
804,Glove It Women's Imperial Golf Glove,2016-01-24,3.99,4,1,0,,,,,
804,Glove It Women's Imperial Golf Glove,2016-01-25,2.99,3,1,0,,,,,
804,Glove It Women's Imperial Golf Glove,2016-01-27,3.99,4,1,0,,,,,
804,Glove It Women's Imperial Golf Glove,2016-01-29,2.01,2,1,0,,,,,
810,Glove It Women's Mod Oval Golf Glove,2015-11-17,3.02,3,1,0,,,,,
810,Glove It Women's Mod Oval Golf Glove,2015-11-19,3.99,4,1,0,,,,,
810,Glove It Women's Mod Oval Golf Glove,2015-11-20,2.0,2,1,0,,,,,
810,Glove It Women's Mod Oval Golf Glove,2015-11-22,1.0,1,1,0,,,,,
810,Glove It Women's Mod Oval Golf Glove,2015-11-27,6.0,6,2,0,,,,,
810,Glove It Women's Mod Oval Golf Glove,2015-11-28,3.0,3,1,0,,,,,
810,Glove It Women's Mod Oval Golf Glove,2015-11-30,4.99,5,2,0,,,,,
810,Glove It Women's Mod Oval Golf Glove,2015-12-05,3.0,3,2,0,,,,,
810,Glove It Women's Mod Oval Golf Glove,2015-12-11,1.99,2,1,0,,,,,
810,Glove It Women's Mod Oval Golf Glove,2015-12-17,1.0,1,1,0,,,,,
810,Glove It Women's Mod Oval Golf Glove,2015-12-19,7.0,7,2,0,,,,,
810,Glove It Women's Mod Oval Golf Glove,2015-12-21,7.0,7,2,0,,,,,
810,Glove It Women's Mod Oval Golf Glove,2015-12-30,2.0,2,1,0,,,,,
810,Glove It Women's Mod Oval Golf Glove,2016-01-03,4.01,4,1,0,,,,,
810,Glove It Women's Mod Oval Golf Glove,2016-01-04,3.97,4,1,0,,,,,
810,Glove It Women's Mod Oval Golf Glove,2016-01-07,2.0,2,1,0,,,,,
810,Glove It Women's Mod Oval Golf Glove,2016-01-08,3.99,4,1,0,,,,,
810,Glove It Women's Mod Oval Golf Glove,2016-01-10,3.99,4,1,0,,,,,
810,Glove It Women's Mod Oval Golf Glove,2016-01-11,3.0,3,1,0,,,,,
810,Glove It Women's Mod Oval Golf Glove,2016-01-17,2.01,2,1,0,,,,,
810,Glove It Women's Mod Oval Golf Glove,2016-01-18,5.0,5,1,0,,,,,
810,Glove It Women's Mod Oval Golf Glove,2016-01-23,1.0,1,1,0,,,,,
810,Glove It Women's Mod Oval Golf Glove,2016-01-25,4.99,5,1,0,,,,,
810,Glove It Women's Mod Oval Golf Glove,2016-01-26,3.0,3,1,0,,,,,
810,Glove It Women's Mod Oval Golf Glove,2016-01-30,2.0,2,1,0,,,,,
810,Glove It Women's Mod Oval Golf Glove,2016-01-31,1.0,1,1,0,,,,,
818,Titleist Pro V1x Golf Balls,2015-11-16,10.0,10,2,0,,,,,
818,Titleist Pro V1x Golf Balls,2015-11-17,1.0,1,1,0,,,,,
818,Titleist Pro V1x Golf Balls,2015-11-19,3.04,3,1,0,,,,,
818,Titleist Pro V1x Golf Balls,2015-11-22,4.99,5,1,0,,,,,
818,Titleist Pro V1x Golf Balls,2015-11-25,5.0,5,1,0,,,,,
818,Titleist Pro V1x Golf Balls,2015-11-26,3.04,3,1,0,,,,,
818,Titleist Pro V1x Golf Balls,2015-11-30,1.01,1,1,0,,,,,
818,Titleist Pro V1x Golf Balls,2015-12-03,4.99,5,1,0,,,,,
818,Titleist Pro V1x Golf Balls,2015-12-05,6.01,6,3,0,,,,,
818,Titleist Pro V1x Golf Balls,2015-12-06,1.99,2,2,0,,,,,
818,Titleist Pro V1x Golf Balls,2015-12-12,1.99,2,2,0,,,,,
818,Titleist Pro V1x Golf Balls,2015-12-13,3.02,3,1,0,,,,,
818,Titleist Pro V1x Golf Balls,2015-12-18,1.0,1,1,0,,,,,
818,Titleist Pro V1x Golf Balls,2015-12-20,10.02,10,2,0,,,,,
818,Titleist Pro V1x Golf Balls,2015-12-25,1.0,1,1,0,,,,,
818,Titleist Pro V1x Golf Balls,2015-12-29,3.01,3,1,0,,,,,
818,Titleist Pro V1x Golf Balls,2016-01-02,1.0,1,1,0,,,,,
818,Titleist Pro V1x Golf Balls,2016-01-03,4.98,5,1,0,,,,,
818,Titleist Pro V1x Golf Balls,2016-01-05,4.99,5,1,0,,,,,
818,Titleist Pro V1x Golf Balls,2016-01-09,2.99,3,1,0,,,,,
818,Titleist Pro V1x Golf Balls,2016-01-15,2.01,2,1,0,,,,,
821,Titleist Pro V1 High Numbers Personalized Gol,2015-11-16,4.97,5,1,1,100.0,100.0,100.0,0.0,1.0
821,Titleist Pro V1 High Numbers Personalized Gol,2015-11-19,1.02,1,1,1,100.0,100.0,100.0,0.0,1.0
821,Titleist Pro V1 High Numbers Personalized Gol,2015-11-23,4.96,5,1,1,100.0,100.0,100.0,0.0,1.0
821,Titleist Pro V1 High Numbers Personalized Gol,2015-11-25,3.01,3,1,1,100.0,100.0,100.0,0.0,1.0
821,Titleist Pro V1 High Numbers Personalized Gol,2015-11-27,2.0,2,1,1,100.0,100.0,100.0,0.0,1.0
821,Titleist Pro V1 High Numbers Personalized Gol,2015-11-29,1.01,1,1,1,100.0,100.0,100.0,0.0,1.0
821,Titleist Pro V1 High Numbers Personalized Gol,2015-12-02,5.0,5,1,1,100.0,100.0,100.0,0.0,1.0
821,Titleist Pro V1 High Numbers Personalized Gol,2015-12-04,5.0,5,1,1,100.0,100.0,100.0,0.0,1.0
821,Titleist Pro V1 High Numbers Personalized Gol,2015-12-11,3.99,4,1,1,100.0,100.0,100.0,0.0,1.0
821,Titleist Pro V1 High Numbers Personalized Gol,2015-12-13,4.0,4,1,1,100.0,100.0,100.0,0.0,1.0
821,Titleist Pro V1 High Numbers Personalized Gol,2015-12-17,3.01,3,1,1,100.0,100.0,100.0,0.0,1.0
821,Titleist Pro V1 High Numbers Personalized Gol,2015-12-20,3.01,3,1,1,100.0,100.0,100.0,0.0,1.0
821,Titleist Pro V1 High Numbers Personalized Gol,2015-12-21,2.02,2,1,1,100.0,100.0,100.0,0.0,1.0
821,Titleist Pro V1 High Numbers Personalized Gol,2015-12-22,1.0,1,1,1,100.0,100.0,100.0,0.0,1.0
821,Titleist Pro V1 High Numbers Personalized Gol,2015-12-26,4.99,5,1,1,100.0,100.0,100.0,0.0,1.0
821,Titleist Pro V1 High Numbers Personalized Gol,2015-12-31,1.99,2,1,1,100.0,100.0,100.0,0.0,1.0
821,Titleist Pro V1 High Numbers Personalized Gol,2016-01-01,0.99,1,1,1,100.0,100.0,100.0,0.0,1.0
821,Titleist Pro V1 High Numbers Personalized Gol,2016-01-03,1.99,2,1,1,100.0,100.0,100.0,0.0,1.0
821,Titleist Pro V1 High Numbers Personalized Gol,2016-01-07,3.97,4,1,1,100.0,100.0,100.0,0.0,1.0
821,Titleist Pro V1 High Numbers Personalized Gol,2016-01-09,4.01,4,1,1,100.0,100.0,100.0,0.0,1.0
821,Titleist Pro V1 High Numbers Personalized Gol,2016-01-11,5.0,5,1,1,100.0,100.0,100.0,0.0,1.0
821,Titleist Pro V1 High Numbers Personalized Gol,2016-01-13,3.0,3,1,1,100.0,100.0,100.0,0.0,1.0
821,Titleist Pro V1 High Numbers Personalized Gol,2016-01-17,1.0,1,1,1,100.0,100.0,100.0,0.0,1.0
821,Titleist Pro V1 High Numbers Personalized Gol,2016-01-21,3.0,3,1,1,100.0,100.0,100.0,0.0,1.0
821,Titleist Pro V1 High Numbers Personalized Gol,2016-01-25,3.0,3,1,1,100.0,100.0,100.0,0.0,1.0
821,Titleist Pro V1 High Numbers Personalized Gol,2016-01-26,3.01,3,1,1,100.0,100.0,100.0,0.0,1.0
822,Titleist Pro V1x High Numbers Golf Balls,2015-11-20,3.04,3,1,0,,,,,
822,Titleist Pro V1x High Numbers Golf Balls,2015-11-25,4.0,4,1,0,,,,,
822,Titleist Pro V1x High Numbers Golf Balls,2015-11-26,4.05,4,1,0,,,,,
822,Titleist Pro V1x High Numbers Golf Balls,2015-12-05,1.0,1,1,0,,,,,
822,Titleist Pro V1x High Numbers Golf Balls,2015-12-10,4.0,4,1,0,,,,,
822,Titleist Pro V1x High Numbers Golf Balls,2015-12-11,7.0,7,2,0,,,,,
822,Titleist Pro V1x High Numbers Golf Balls,2015-12-14,4.99,5,1,0,,,,,
822,Titleist Pro V1x High Numbers Golf Balls,2015-12-15,1.0,1,1,0,,,,,
822,Titleist Pro V1x High Numbers Golf Balls,2015-12-16,2.97,3,1,0,,,,,
822,Titleist Pro V1x High Numbers Golf Balls,2015-12-23,5.02,5,1,0,,,,,
822,Titleist Pro V1x High Numbers Golf Balls,2015-12-27,4.01,4,1,0,,,,,
822,Titleist Pro V1x High Numbers Golf Balls,2015-12-30,4.04,4,1,0,,,,,
822,Titleist Pro V1x High Numbers Golf Balls,2016-01-10,1.0,1,1,0,,,,,
822,Titleist Pro V1x High Numbers Golf Balls,2016-01-26,9.02,9,2,0,,,,,
822,Titleist Pro V1x High Numbers Golf Balls,2016-01-28,4.0,4,1,0,,,,,
822,Titleist Pro V1x High Numbers Golf Balls,2016-01-30,2.99,3,1,0,,,,,
823,Titleist Pro V1x High Numbers Personalized Go,2015-11-16,3.01,3,1,0,,,,,
823,Titleist Pro V1x High Numbers Personalized Go,2015-11-17,2.03,2,1,0,,,,,
823,Titleist Pro V1x High Numbers Personalized Go,2015-11-21,3.99,4,1,0,,,,,
823,Titleist Pro V1x High Numbers Personalized Go,2015-11-22,3.99,4,1,0,,,,,
823,Titleist Pro V1x High Numbers Personalized Go,2015-11-29,2.0,2,1,0,,,,,
823,Titleist Pro V1x High Numbers Personalized Go,2015-11-30,2.99,3,1,0,,,,,
823,Titleist Pro V1x High Numbers Personalized Go,2015-12-03,8.01,8,2,0,,,,,
823,Titleist Pro V1x High Numbers Personalized Go,2015-12-06,4.0,4,1,0,,,,,
823,Titleist Pro V1x High Numbers Personalized Go,2015-12-09,1.0,1,1,0,,,,,
823,Titleist Pro V1x High Numbers Personalized Go,2015-12-10,2.0,2,1,0,,,,,
823,Titleist Pro V1x High Numbers Personalized Go,2015-12-13,1.0,1,1,0,,,,,
823,Titleist Pro V1x High Numbers Personalized Go,2015-12-18,0.99,1,1,0,,,,,
823,Titleist Pro V1x High Numbers Personalized Go,2015-12-22,0.99,1,1,0,,,,,
823,Titleist Pro V1x High Numbers Personalized Go,2015-12-23,8.0,8,2,0,,,,,
823,Titleist Pro V1x High Numbers Personalized Go,2015-12-24,0.99,1,1,0,,,,,
823,Titleist Pro V1x High Numbers Personalized Go,2015-12-27,1.99,2,1,0,,,,,
823,Titleist Pro V1x High Numbers Personalized Go,2015-12-28,2.0,2,1,0,,,,,
823,Titleist Pro V1x High Numbers Personalized Go,2015-12-29,4.99,5,1,0,,,,,
823,Titleist Pro V1x High Numbers Personalized Go,2016-01-01,6.01,6,2,0,,,,,
823,Titleist Pro V1x High Numbers Personalized Go,2016-01-04,3.01,3,1,0,,,,,
823,Titleist Pro V1x High Numbers Personalized Go,2016-01-05,4.01,4,1,0,,,,,
823,Titleist Pro V1x High Numbers Personalized Go,2016-01-08,1.0,1,1,0,,,,,
823,Titleist Pro V1x High Numbers Personalized Go,2016-01-09,5.01,5,2,0,,,,,
823,Titleist Pro V1x High Numbers Personalized Go,2016-01-13,1.99,2,1,0,,,,,
823,Titleist Pro V1x High Numbers Personalized Go,2016-01-16,4.01,4,1,0,,,,,
823,Titleist Pro V1x High Numbers Personalized Go,2016-01-17,1.0,1,1,0,,,,,
823,Titleist Pro V1x High Numbers Personalized Go,2016-01-23,4.98,5,1,0,,,,,
823,Titleist Pro V1x High Numbers Personalized Go,2016-01-26,0.99,1,1,0,,,,,
823,Titleist Pro V1x High Numbers Personalized Go,2016-01-30,1.0,1,1,0,,,,,
823,Titleist Pro V1x High Numbers Personalized Go,2016-01-31,2.0,2,1,0,,,,,
825,Bridgestone e6 Straight Distance NFL Tennesse,2015-11-18,1.0,1,1,0,,,,,
825,Bridgestone e6 Straight Distance NFL Tennesse,2015-11-19,9.01,9,2,0,,,,,
825,Bridgestone e6 Straight Distance NFL Tennesse,2015-11-21,2.99,3,1,0,,,,,
825,Bridgestone e6 Straight Distance NFL Tennesse,2015-11-23,3.0,3,1,0,,,,,
825,Bridgestone e6 Straight Distance NFL Tennesse,2015-12-01,11.0,11,3,0,,,,,
825,Bridgestone e6 Straight Distance NFL Tennesse,2015-12-03,4.01,4,1,0,,,,,
825,Bridgestone e6 Straight Distance NFL Tennesse,2015-12-05,4.0,4,1,0,,,,,
825,Bridgestone e6 Straight Distance NFL Tennesse,2015-12-08,4.0,4,1,0,,,,,
825,Bridgestone e6 Straight Distance NFL Tennesse,2015-12-10,5.0,5,1,0,,,,,
825,Bridgestone e6 Straight Distance NFL Tennesse,2015-12-11,2.0,2,1,0,,,,,
825,Bridgestone e6 Straight Distance NFL Tennesse,2015-12-18,2.03,2,1,0,,,,,
825,Bridgestone e6 Straight Distance NFL Tennesse,2015-12-21,4.01,4,1,0,,,,,
825,Bridgestone e6 Straight Distance NFL Tennesse,2015-12-28,5.0,5,1,0,,,,,
825,Bridgestone e6 Straight Distance NFL Tennesse,2015-12-29,1.0,1,1,0,,,,,
825,Bridgestone e6 Straight Distance NFL Tennesse,2015-12-30,2.01,2,1,0,,,,,
825,Bridgestone e6 Straight Distance NFL Tennesse,2016-01-01,4.01,4,1,0,,,,,
825,Bridgestone e6 Straight Distance NFL Tennesse,2016-01-02,1.0,1,1,0,,,,,
825,Bridgestone e6 Straight Distance NFL Tennesse,2016-01-05,4.0,4,1,0,,,,,
825,Bridgestone e6 Straight Distance NFL Tennesse,2016-01-11,3.0,3,1,0,,,,,
825,Bridgestone e6 Straight Distance NFL Tennesse,2016-01-12,10.01,10,3,0,,,,,
825,Bridgestone e6 Straight Distance NFL Tennesse,2016-01-19,4.0,4,1,0,,,,,
825,Bridgestone e6 Straight Distance NFL Tennesse,2016-01-26,3.0,3,1,0,,,,,
825,Bridgestone e6 Straight Distance NFL Tennesse,2016-01-30,2.01,2,1,0,,,,,
825,Bridgestone e6 Straight Distance NFL Tennesse,2016-02-01,5.0,5,1,0,,,,,
828,Bridgestone e6 Straight Distance NFL San Dieg,2015-11-21,11.05,11,4,0,,,,,
828,Bridgestone e6 Straight Distance NFL San Dieg,2015-11-23,1.0,1,1,0,,,,,
828,Bridgestone e6 Straight Distance NFL San Dieg,2015-11-26,1.99,2,1,0,,,,,
828,Bridgestone e6 Straight Distance NFL San Dieg,2015-11-27,2.01,2,1,0,,,,,
828,Bridgestone e6 Straight Distance NFL San Dieg,2015-11-29,2.0,2,1,0,,,,,
828,Bridgestone e6 Straight Distance NFL San Dieg,2015-12-02,5.0,5,3,0,,,,,
828,Bridgestone e6 Straight Distance NFL San Dieg,2015-12-05,3.0,3,2,0,,,,,
828,Bridgestone e6 Straight Distance NFL San Dieg,2015-12-15,10.02,10,3,0,,,,,
828,Bridgestone e6 Straight Distance NFL San Dieg,2015-12-18,5.0,5,1,0,,,,,
828,Bridgestone e6 Straight Distance NFL San Dieg,2015-12-23,1.97,2,1,0,,,,,
828,Bridgestone e6 Straight Distance NFL San Dieg,2015-12-29,1.99,2,1,0,,,,,
828,Bridgestone e6 Straight Distance NFL San Dieg,2015-12-30,2.0,2,1,0,,,,,
828,Bridgestone e6 Straight Distance NFL San Dieg,2016-01-01,1.01,1,1,0,,,,,
828,Bridgestone e6 Straight Distance NFL San Dieg,2016-01-03,2.99,3,1,0,,,,,
828,Bridgestone e6 Straight Distance NFL San Dieg,2016-01-05,1.0,1,1,0,,,,,
828,Bridgestone e6 Straight Distance NFL San Dieg,2016-01-08,1.0,1,1,0,,,,,
828,Bridgestone e6 Straight Distance NFL San Dieg,2016-01-09,4.0,4,1,0,,,,,
828,Bridgestone e6 Straight Distance NFL San Dieg,2016-01-10,3.01,3,1,0,,,,,
828,Bridgestone e6 Straight Distance NFL San Dieg,2016-01-13,2.99,3,1,0,,,,,
828,Bridgestone e6 Straight Distance NFL San Dieg,2016-01-16,3.0,3,1,0,,,,,
828,Bridgestone e6 Straight Distance NFL San Dieg,2016-01-18,4.01,4,1,0,,,,,
828,Bridgestone e6 Straight Distance NFL San Dieg,2016-01-20,7.01,7,2,0,,,,,
828,Bridgestone e6 Straight Distance NFL San Dieg,2016-01-21,4.01,4,1,0,,,,,
828,Bridgestone e6 Straight Distance NFL San Dieg,2016-01-22,4.0,4,1,0,,,,,
828,Bridgestone e6 Straight Distance NFL San Dieg,2016-01-24,4.01,4,1,0,,,,,
828,Bridgestone e6 Straight Distance NFL San Dieg,2016-01-25,3.0,3,1,0,,,,,
828,Bridgestone e6 Straight Distance NFL San Dieg,2016-01-28,6.0,6,2,0,,,,,
828,Bridgestone e6 Straight Distance NFL San Dieg,2016-01-29,3.01,3,1,0,,,,,
828,Bridgestone e6 Straight Distance NFL San Dieg,2016-01-31,3.99,4,1,0,,,,,
835,Bridgestone e6 Straight Distance NFL Carolina,2015-11-17,5.0,5,1,0,,,,,
835,Bridgestone e6 Straight Distance NFL Carolina,2015-11-26,5.0,5,1,0,,,,,
835,Bridgestone e6 Straight Distance NFL Carolina,2015-11-30,3.0,3,1,0,,,,,
835,Bridgestone e6 Straight Distance NFL Carolina,2015-12-01,5.01,5,2,0,,,,,
835,Bridgestone e6 Straight Distance NFL Carolina,2015-12-03,3.0,3,1,0,,,,,
835,Bridgestone e6 Straight Distance NFL Carolina,2015-12-05,2.99,3,1,0,,,,,
835,Bridgestone e6 Straight Distance NFL Carolina,2015-12-11,2.0,2,1,0,,,,,
835,Bridgestone e6 Straight Distance NFL Carolina,2015-12-14,5.0,5,1,0,,,,,
835,Bridgestone e6 Straight Distance NFL Carolina,2015-12-16,3.0,3,1,0,,,,,
835,Bridgestone e6 Straight Distance NFL Carolina,2015-12-17,5.01,5,1,0,,,,,
835,Bridgestone e6 Straight Distance NFL Carolina,2015-12-19,4.0,4,2,0,,,,,
835,Bridgestone e6 Straight Distance NFL Carolina,2015-12-22,2.98,3,1,0,,,,,
835,Bridgestone e6 Straight Distance NFL Carolina,2015-12-24,1.0,1,1,0,,,,,
835,Bridgestone e6 Straight Distance NFL Carolina,2015-12-30,1.0,1,1,0,,,,,
835,Bridgestone e6 Straight Distance NFL Carolina,2016-01-02,4.0,4,1,0,,,,,
835,Bridgestone e6 Straight Distance NFL Carolina,2016-01-11,1.0,1,1,0,,,,,
835,Bridgestone e6 Straight Distance NFL Carolina,2016-01-18,4.99,5,1,0,,,,,
835,Bridgestone e6 Straight Distance NFL Carolina,2016-01-20,1.0,1,1,0,,,,,
835,Bridgestone e6 Straight Distance NFL Carolina,2016-01-26,1.0,1,1,0,,,,,
835,Bridgestone e6 Straight Distance NFL Carolina,2016-01-28,5.0,5,1,0,,,,,
885,Team Golf St. Louis Cardinals Putter Grip,2015-11-15,2.99,3,1,0,,,,,
885,Team Golf St. Louis Cardinals Putter Grip,2015-11-19,4.0,4,1,0,,,,,
885,Team Golf St. Louis Cardinals Putter Grip,2015-11-20,1.0,1,1,0,,,,,
885,Team Golf St. Louis Cardinals Putter Grip,2015-11-24,2.0,2,1,0,,,,,
885,Team Golf St. Louis Cardinals Putter Grip,2015-11-25,4.01,4,1,0,,,,,
885,Team Golf St. Louis Cardinals Putter Grip,2015-11-27,2.02,2,1,0,,,,,
885,Team Golf St. Louis Cardinals Putter Grip,2015-11-29,3.99,4,1,0,,,,,
885,Team Golf St. Louis Cardinals Putter Grip,2015-12-02,3.0,3,1,0,,,,,
885,Team Golf St. Louis Cardinals Putter Grip,2015-12-03,3.99,4,1,0,,,,,
885,Team Golf St. Louis Cardinals Putter Grip,2015-12-10,1.01,1,1,0,,,,,
885,Team Golf St. Louis Cardinals Putter Grip,2015-12-16,1.0,1,1,0,,,,,
885,Team Golf St. Louis Cardinals Putter Grip,2015-12-19,4.01,4,1,0,,,,,
885,Team Golf St. Louis Cardinals Putter Grip,2015-12-21,6.01,6,2,0,,,,,
885,Team Golf St. Louis Cardinals Putter Grip,2015-12-23,2.0,2,1,0,,,,,
885,Team Golf St. Louis Cardinals Putter Grip,2015-12-26,8.01,8,3,0,,,,,
885,Team Golf St. Louis Cardinals Putter Grip,2015-12-28,3.01,3,1,0,,,,,
885,Team Golf St. Louis Cardinals Putter Grip,2015-12-29,10.0,10,2,0,,,,,
885,Team Golf St. Louis Cardinals Putter Grip,2016-01-01,4.0,4,1,0,,,,,
885,Team Golf St. Louis Cardinals Putter Grip,2016-01-02,5.0,5,2,0,,,,,
885,Team Golf St. Louis Cardinals Putter Grip,2016-01-04,1.05,1,1,0,,,,,
885,Team Golf St. Louis Cardinals Putter Grip,2016-01-08,5.0,5,1,0,,,,,
885,Team Golf St. Louis Cardinals Putter Grip,2016-01-10,1.04,1,1,0,,,,,
885,Team Golf St. Louis Cardinals Putter Grip,2016-01-14,5.01,5,2,0,,,,,
885,Team Golf St. Louis Cardinals Putter Grip,2016-01-16,0.99,1,1,0,,,,,
885,Team Golf St. Louis Cardinals Putter Grip,2016-01-21,3.99,4,1,0,,,,,
885,Team Golf St. Louis Cardinals Putter Grip,2016-01-26,6.0,6,2,0,,,,,
885,Team Golf St. Louis Cardinals Putter Grip,2016-01-28,4.0,4,1,0,,,,,
886,Team Golf San Francisco Giants Putter Grip,2015-11-19,2.99,3,1,0,,,,,
886,Team Golf San Francisco Giants Putter Grip,2015-11-20,5.0,5,2,0,,,,,
886,Team Golf San Francisco Giants Putter Grip,2015-11-22,2.99,3,1,0,,,,,
886,Team Golf San Francisco Giants Putter Grip,2015-11-25,2.0,2,1,0,,,,,
886,Team Golf San Francisco Giants Putter Grip,2015-11-26,8.01,8,2,0,,,,,
886,Team Golf San Francisco Giants Putter Grip,2015-11-27,1.0,1,1,0,,,,,
886,Team Golf San Francisco Giants Putter Grip,2015-11-28,2.0,2,1,0,,,,,
886,Team Golf San Francisco Giants Putter Grip,2015-11-29,12.01,12,3,0,,,,,
886,Team Golf San Francisco Giants Putter Grip,2015-12-02,4.01,4,1,0,,,,,
886,Team Golf San Francisco Giants Putter Grip,2015-12-09,3.0,3,1,0,,,,,
886,Team Golf San Francisco Giants Putter Grip,2015-12-16,4.01,4,1,0,,,,,
886,Team Golf San Francisco Giants Putter Grip,2015-12-20,8.01,8,2,0,,,,,
886,Team Golf San Francisco Giants Putter Grip,2015-12-27,5.0,5,1,0,,,,,
886,Team Golf San Francisco Giants Putter Grip,2015-12-31,5.02,5,2,0,,,,,
886,Team Golf San Francisco Giants Putter Grip,2016-01-10,10.99,11,3,0,,,,,
886,Team Golf San Francisco Giants Putter Grip,2016-01-12,3.99,4,1,0,,,,,
886,Team Golf San Francisco Giants Putter Grip,2016-01-15,4.0,4,1,0,,,,,
886,Team Golf San Francisco Giants Putter Grip,2016-01-17,2.0,2,1,0,,,,,
886,Team Golf San Francisco Giants Putter Grip,2016-01-18,5.99,6,2,0,,,,,
886,Team Golf San Francisco Giants Putter Grip,2016-01-19,1.0,1,1,0,,,,,
886,Team Golf San Francisco Giants Putter Grip,2016-01-22,6.03,6,2,0,,,,,
886,Team Golf San Francisco Giants Putter Grip,2016-01-25,1.0,1,1,0,,,,,
886,Team Golf San Francisco Giants Putter Grip,2016-01-28,3.0,3,1,0,,,,,
886,Team Golf San Francisco Giants Putter Grip,2016-01-30,2.0,2,1,0,,,,,
893,Team Golf Pittsburgh Steelers Putter Grip,2015-11-16,1.01,1,1,0,,,,,
893,Team Golf Pittsburgh Steelers Putter Grip,2015-11-20,1.0,1,1,0,,,,,
893,Team Golf Pittsburgh Steelers Putter Grip,2015-11-21,1.0,1,1,0,,,,,
893,Team Golf Pittsburgh Steelers Putter Grip,2015-11-26,3.0,3,1,0,,,,,
893,Team Golf Pittsburgh Steelers Putter Grip,2015-11-28,2.0,2,1,0,,,,,
893,Team Golf Pittsburgh Steelers Putter Grip,2015-11-29,2.99,3,1,0,,,,,
893,Team Golf Pittsburgh Steelers Putter Grip,2015-12-09,2.0,2,1,0,,,,,
893,Team Golf Pittsburgh Steelers Putter Grip,2015-12-16,5.99,6,2,0,,,,,
893,Team Golf Pittsburgh Steelers Putter Grip,2015-12-17,4.0,4,1,0,,,,,
893,Team Golf Pittsburgh Steelers Putter Grip,2015-12-20,4.0,4,1,0,,,,,
893,Team Golf Pittsburgh Steelers Putter Grip,2015-12-21,5.0,5,1,0,,,,,
893,Team Golf Pittsburgh Steelers Putter Grip,2015-12-28,3.0,3,1,0,,,,,
893,Team Golf Pittsburgh Steelers Putter Grip,2016-01-07,1.07,1,1,0,,,,,
893,Team Golf Pittsburgh Steelers Putter Grip,2016-01-10,6.0600000000000005,6,2,0,,,,,
893,Team Golf Pittsburgh Steelers Putter Grip,2016-01-12,2.0,2,1,0,,,,,
893,Team Golf Pittsburgh Steelers Putter Grip,2016-01-28,5.0,5,1,0,,,,,
893,Team Golf Pittsburgh Steelers Putter Grip,2016-01-29,3.0,3,1,0,,,,,
897,Team Golf New England Patriots Putter Grip,2015-11-16,5.0,5,2,0,,,,,
897,Team Golf New England Patriots Putter Grip,2015-11-20,0.99,1,1,0,,,,,
897,Team Golf New England Patriots Putter Grip,2015-11-23,1.01,1,1,0,,,,,
897,Team Golf New England Patriots Putter Grip,2015-11-26,1.0,1,1,0,,,,,
897,Team Golf New England Patriots Putter Grip,2015-11-29,1.99,2,1,0,,,,,
897,Team Golf New England Patriots Putter Grip,2015-12-06,3.0,3,2,0,,,,,
897,Team Golf New England Patriots Putter Grip,2015-12-22,4.0,4,1,0,,,,,
897,Team Golf New England Patriots Putter Grip,2015-12-24,1.0,1,1,0,,,,,
897,Team Golf New England Patriots Putter Grip,2015-12-25,3.0,3,1,0,,,,,
897,Team Golf New England Patriots Putter Grip,2015-12-30,2.0,2,1,0,,,,,
897,Team Golf New England Patriots Putter Grip,2016-01-01,6.0,6,2,0,,,,,
897,Team Golf New England Patriots Putter Grip,2016-01-03,4.0,4,1,0,,,,,
897,Team Golf New England Patriots Putter Grip,2016-01-04,1.05,1,1,0,,,,,
897,Team Golf New England Patriots Putter Grip,2016-01-05,4.0,4,1,0,,,,,
897,Team Golf New England Patriots Putter Grip,2016-01-07,8.0,8,2,0,,,,,
897,Team Golf New England Patriots Putter Grip,2016-01-11,1.0,1,1,0,,,,,
897,Team Golf New England Patriots Putter Grip,2016-01-13,5.0,5,1,0,,,,,
897,Team Golf New England Patriots Putter Grip,2016-01-22,4.01,4,1,0,,,,,
897,Team Golf New England Patriots Putter Grip,2016-01-25,1.0,1,1,0,,,,,
897,Team Golf New England Patriots Putter Grip,2016-01-28,5.0,5,1,0,,,,,
905,Team Golf Texas Longhorns Putter Grip,2015-11-16,3.01,3,1,0,,,,,
905,Team Golf Texas Longhorns Putter Grip,2015-11-18,1.0,1,1,0,,,,,
905,Team Golf Texas Longhorns Putter Grip,2015-11-19,3.0,3,1,0,,,,,
905,Team Golf Texas Longhorns Putter Grip,2015-11-25,3.0,3,1,0,,,,,
905,Team Golf Texas Longhorns Putter Grip,2015-11-27,2.0,2,1,0,,,,,
905,Team Golf Texas Longhorns Putter Grip,2015-11-29,2.0,2,1,0,,,,,
905,Team Golf Texas Longhorns Putter Grip,2015-11-30,2.0,2,2,0,,,,,
905,Team Golf Texas Longhorns Putter Grip,2015-12-02,3.0,3,1,0,,,,,
905,Team Golf Texas Longhorns Putter Grip,2015-12-03,3.0,3,1,0,,,,,
905,Team Golf Texas Longhorns Putter Grip,2015-12-06,9.02,9,3,0,,,,,
905,Team Golf Texas Longhorns Putter Grip,2015-12-09,2.01,2,1,0,,,,,
905,Team Golf Texas Longhorns Putter Grip,2015-12-14,4.01,4,1,0,,,,,
905,Team Golf Texas Longhorns Putter Grip,2015-12-17,1.0,1,1,0,,,,,
905,Team Golf Texas Longhorns Putter Grip,2015-12-20,5.0,5,1,0,,,,,
905,Team Golf Texas Longhorns Putter Grip,2015-12-21,5.01,5,2,0,,,,,
905,Team Golf Texas Longhorns Putter Grip,2015-12-29,3.01,3,1,0,,,,,
905,Team Golf Texas Longhorns Putter Grip,2015-12-31,2.99,3,1,0,,,,,
905,Team Golf Texas Longhorns Putter Grip,2016-01-06,1.05,1,1,0,,,,,
905,Team Golf Texas Longhorns Putter Grip,2016-01-07,3.0,3,1,0,,,,,
905,Team Golf Texas Longhorns Putter Grip,2016-01-09,5.0,5,1,0,,,,,
905,Team Golf Texas Longhorns Putter Grip,2016-01-11,2.0,2,2,0,,,,,
905,Team Golf Texas Longhorns Putter Grip,2016-01-12,1.0,1,1,0,,,,,
905,Team Golf Texas Longhorns Putter Grip,2016-01-14,4.01,4,1,0,,,,,
905,Team Golf Texas Longhorns Putter Grip,2016-01-15,5.0,5,1,0,,,,,
905,Team Golf Texas Longhorns Putter Grip,2016-01-18,4.0,4,1,0,,,,,
905,Team Golf Texas Longhorns Putter Grip,2016-01-26,2.01,2,1,0,,,,,
905,Team Golf Texas Longhorns Putter Grip,2016-01-27,3.0,3,1,0,,,,,
906,Team Golf Tennessee Volunteers Putter Grip,2015-11-17,5.0,5,1,0,,,,,
906,Team Golf Tennessee Volunteers Putter Grip,2015-11-22,5.0,5,1,0,,,,,
906,Team Golf Tennessee Volunteers Putter Grip,2015-11-30,1.0,1,1,0,,,,,
906,Team Golf Tennessee Volunteers Putter Grip,2015-12-03,5.0,5,1,0,,,,,
906,Team Golf Tennessee Volunteers Putter Grip,2015-12-07,5.0,5,1,0,,,,,
906,Team Golf Tennessee Volunteers Putter Grip,2015-12-08,1.0,1,1,0,,,,,
906,Team Golf Tennessee Volunteers Putter Grip,2015-12-11,4.0,4,1,0,,,,,
906,Team Golf Tennessee Volunteers Putter Grip,2015-12-15,5.0,5,2,0,,,,,
906,Team Golf Tennessee Volunteers Putter Grip,2015-12-16,2.0,2,1,0,,,,,
906,Team Golf Tennessee Volunteers Putter Grip,2015-12-19,1.99,2,1,0,,,,,
906,Team Golf Tennessee Volunteers Putter Grip,2015-12-26,5.0,5,1,0,,,,,
906,Team Golf Tennessee Volunteers Putter Grip,2015-12-27,9.99,10,2,0,,,,,
906,Team Golf Tennessee Volunteers Putter Grip,2015-12-29,1.01,1,1,0,,,,,
906,Team Golf Tennessee Volunteers Putter Grip,2016-01-05,1.04,1,1,0,,,,,
906,Team Golf Tennessee Volunteers Putter Grip,2016-01-09,4.0,4,1,0,,,,,
906,Team Golf Tennessee Volunteers Putter Grip,2016-01-16,4.0,4,1,0,,,,,
906,Team Golf Tennessee Volunteers Putter Grip,2016-01-19,4.0,4,1,0,,,,,
906,Team Golf Tennessee Volunteers Putter Grip,2016-01-21,1.0,1,1,0,,,,,
906,Team Golf Tennessee Volunteers Putter Grip,2016-01-25,2.0,2,1,0,,,,,
906,Team Golf Tennessee Volunteers Putter Grip,2016-01-29,9.0,9,2,0,,,,,
917,Glove It Women's Mod Oval 3-Zip Carry All Gol,2015-11-15,1.0,1,1,0,,,,,
917,Glove It Women's Mod Oval 3-Zip Carry All Gol,2015-11-17,5.02,5,1,0,,,,,
917,Glove It Women's Mod Oval 3-Zip Carry All Gol,2015-11-18,4.99,5,1,0,,,,,
917,Glove It Women's Mod Oval 3-Zip Carry All Gol,2015-11-21,1.02,1,1,0,,,,,
917,Glove It Women's Mod Oval 3-Zip Carry All Gol,2015-11-23,5.02,5,1,0,,,,,
917,Glove It Women's Mod Oval 3-Zip Carry All Gol,2015-11-26,9.99,10,3,0,,,,,
917,Glove It Women's Mod Oval 3-Zip Carry All Gol,2015-11-29,4.01,4,1,0,,,,,
917,Glove It Women's Mod Oval 3-Zip Carry All Gol,2015-12-07,0.99,1,1,0,,,,,
917,Glove It Women's Mod Oval 3-Zip Carry All Gol,2015-12-09,0.99,1,1,0,,,,,
917,Glove It Women's Mod Oval 3-Zip Carry All Gol,2015-12-10,2.0,2,1,0,,,,,
917,Glove It Women's Mod Oval 3-Zip Carry All Gol,2015-12-12,3.01,3,1,0,,,,,
917,Glove It Women's Mod Oval 3-Zip Carry All Gol,2015-12-16,3.99,4,2,0,,,,,
917,Glove It Women's Mod Oval 3-Zip Carry All Gol,2015-12-20,1.0,1,1,0,,,,,
917,Glove It Women's Mod Oval 3-Zip Carry All Gol,2015-12-21,5.01,5,1,0,,,,,
917,Glove It Women's Mod Oval 3-Zip Carry All Gol,2016-01-01,1.99,2,1,0,,,,,
917,Glove It Women's Mod Oval 3-Zip Carry All Gol,2016-01-04,1.03,1,1,0,,,,,
917,Glove It Women's Mod Oval 3-Zip Carry All Gol,2016-01-05,1.02,1,1,0,,,,,
917,Glove It Women's Mod Oval 3-Zip Carry All Gol,2016-01-12,3.99,4,1,0,,,,,
917,Glove It Women's Mod Oval 3-Zip Carry All Gol,2016-01-13,1.01,1,1,0,,,,,
917,Glove It Women's Mod Oval 3-Zip Carry All Gol,2016-01-14,0.99,1,1,0,,,,,
917,Glove It Women's Mod Oval 3-Zip Carry All Gol,2016-01-17,3.98,4,1,0,,,,,
917,Glove It Women's Mod Oval 3-Zip Carry All Gol,2016-01-18,1.0,1,1,0,,,,,
917,Glove It Women's Mod Oval 3-Zip Carry All Gol,2016-01-20,5.01,5,2,0,,,,,
917,Glove It Women's Mod Oval 3-Zip Carry All Gol,2016-01-22,4.03,4,1,0,,,,,
917,Glove It Women's Mod Oval 3-Zip Carry All Gol,2016-01-24,4.04,4,1,0,,,,,
917,Glove It Women's Mod Oval 3-Zip Carry All Gol,2016-01-26,4.99,5,1,0,,,,,
917,Glove It Women's Mod Oval 3-Zip Carry All Gol,2016-01-28,3.0,3,1,0,,,,,
917,Glove It Women's Mod Oval 3-Zip Carry All Gol,2016-01-31,3.0,3,1,0,,,,,
924,Glove It Urban Brick Golf Towel,2015-11-15,1.0,1,1,0,,,,,
924,Glove It Urban Brick Golf Towel,2015-11-20,4.01,4,1,0,,,,,
924,Glove It Urban Brick Golf Towel,2015-11-21,2.02,2,1,0,,,,,
924,Glove It Urban Brick Golf Towel,2015-11-22,2.98,3,1,0,,,,,
924,Glove It Urban Brick Golf Towel,2015-11-25,2.97,3,1,0,,,,,
924,Glove It Urban Brick Golf Towel,2015-11-26,4.01,4,1,0,,,,,
924,Glove It Urban Brick Golf Towel,2015-12-01,6.98,7,2,0,,,,,
924,Glove It Urban Brick Golf Towel,2015-12-02,3.0,3,1,0,,,,,
924,Glove It Urban Brick Golf Towel,2015-12-05,2.99,3,1,0,,,,,
924,Glove It Urban Brick Golf Towel,2015-12-06,3.99,4,1,0,,,,,
924,Glove It Urban Brick Golf Towel,2015-12-07,2.99,3,1,0,,,,,
924,Glove It Urban Brick Golf Towel,2015-12-10,2.01,2,1,0,,,,,
924,Glove It Urban Brick Golf Towel,2015-12-12,7.039999999999999,7,2,0,,,,,
924,Glove It Urban Brick Golf Towel,2015-12-16,2.0,2,1,0,,,,,
924,Glove It Urban Brick Golf Towel,2015-12-19,1.01,1,1,0,,,,,
924,Glove It Urban Brick Golf Towel,2015-12-20,5.01,5,1,0,,,,,
924,Glove It Urban Brick Golf Towel,2015-12-21,6.99,7,2,0,,,,,
924,Glove It Urban Brick Golf Towel,2015-12-22,2.98,3,2,0,,,,,
924,Glove It Urban Brick Golf Towel,2015-12-25,2.99,3,1,0,,,,,
924,Glove It Urban Brick Golf Towel,2015-12-29,5.99,6,2,0,,,,,
924,Glove It Urban Brick Golf Towel,2016-01-09,1.07,1,1,0,,,,,
924,Glove It Urban Brick Golf Towel,2016-01-12,1.0,1,1,0,,,,,
924,Glove It Urban Brick Golf Towel,2016-01-23,4.98,5,2,0,,,,,
924,Glove It Urban Brick Golf Towel,2016-01-24,6.0,6,2,0,,,,,
924,Glove It Urban Brick Golf Towel,2016-01-25,7.0,7,2,0,,,,,
924,Glove It Urban Brick Golf Towel,2016-01-29,4.98,5,1,0,,,,,
924,Glove It Urban Brick Golf Towel,2016-02-01,1.0,1,1,0,,,,,
926,Glove It Imperial Golf Towel,2015-11-19,4.98,5,2,1,5.54,5.54,5.54,94.46,1.0
926,Glove It Imperial Golf Towel,2015-11-21,7.01,7,2,1,5.54,5.54,5.54,94.46,1.0
926,Glove It Imperial Golf Towel,2015-11-25,6.029999999999999,6,2,1,5.54,5.54,5.54,94.46,1.0
926,Glove It Imperial Golf Towel,2015-11-27,4.01,4,1,1,5.54,5.54,5.54,94.46,1.0
926,Glove It Imperial Golf Towel,2015-11-28,2.01,2,1,1,5.54,5.54,5.54,94.46,1.0
926,Glove It Imperial Golf Towel,2015-11-30,5.0,5,1,1,5.54,5.54,5.54,94.46,1.0
926,Glove It Imperial Golf Towel,2015-12-01,2.99,3,1,1,5.54,5.54,5.54,94.46,1.0
926,Glove It Imperial Golf Towel,2015-12-06,1.0,1,1,1,5.54,5.54,5.54,94.46,1.0
926,Glove It Imperial Golf Towel,2015-12-12,4.92,5,2,1,5.54,5.54,5.54,94.46,1.0
926,Glove It Imperial Golf Towel,2015-12-13,4.93,5,2,1,5.54,5.54,5.54,94.46,1.0
926,Glove It Imperial Golf Towel,2015-12-14,1.01,1,1,1,5.54,5.54,5.54,94.46,1.0
926,Glove It Imperial Golf Towel,2015-12-17,5.0,5,1,1,5.54,5.54,5.54,94.46,1.0
926,Glove It Imperial Golf Towel,2015-12-18,1.01,1,1,1,5.54,5.54,5.54,94.46,1.0
926,Glove It Imperial Golf Towel,2015-12-22,3.95,4,1,1,5.54,5.54,5.54,94.46,1.0
926,Glove It Imperial Golf Towel,2015-12-25,2.01,2,1,1,5.54,5.54,5.54,94.46,1.0
926,Glove It Imperial Golf Towel,2015-12-27,2.01,2,1,1,5.54,5.54,5.54,94.46,1.0
926,Glove It Imperial Golf Towel,2015-12-31,1.0,1,1,1,5.54,5.54,5.54,94.46,1.0
926,Glove It Imperial Golf Towel,2016-01-01,4.0,4,1,1,5.54,5.54,5.54,94.46,1.0
926,Glove It Imperial Golf Towel,2016-01-08,4.99,5,1,1,5.54,5.54,5.54,94.46,1.0
926,Glove It Imperial Golf Towel,2016-01-16,1.0,1,1,1,5.54,5.54,5.54,94.46,1.0
926,Glove It Imperial Golf Towel,2016-01-18,1.0,1,1,1,5.54,5.54,5.54,94.46,1.0
926,Glove It Imperial Golf Towel,2016-01-22,2.0,2,1,1,5.54,5.54,5.54,94.46,1.0
926,Glove It Imperial Golf Towel,2016-01-23,5.98,6,2,1,5.54,5.54,5.54,94.46,1.0
926,Glove It Imperial Golf Towel,2016-01-26,2.98,3,1,1,5.54,5.54,5.54,94.46,1.0
926,Glove It Imperial Golf Towel,2016-01-27,4.99,5,1,1,5.54,5.54,5.54,94.46,1.0
926,Glove It Imperial Golf Towel,2016-01-28,3.98,4,1,1,5.54,5.54,5.54,94.46,1.0
926,Glove It Imperial Golf Towel,2016-02-01,1.99,2,1,1,5.54,5.54,5.54,94.46,1.0
957,Diamondback Women's Serene Classic Comfort Bi,2015-11-14,2.0,2,2,1,67.81,3.43,100.0,32.19,3.0
957,Diamondback Women's Serene Classic Comfort Bi,2015-11-15,13.0,13,13,1,67.81,3.43,100.0,32.19,3.0
957,Diamondback Women's Serene Classic Comfort Bi,2015-11-16,13.0,13,13,1,67.81,3.43,100.0,32.19,3.0
957,Diamondback Women's Serene Classic Comfort Bi,2015-11-17,13.0,13,13,1,67.81,3.43,100.0,32.19,3.0
957,Diamondback Women's Serene Classic Comfort Bi,2015-11-18,15.0,15,15,1,67.81,3.43,100.0,32.19,3.0
957,Diamondback Women's Serene Classic Comfort Bi,2015-11-19,11.0,11,11,1,67.81,3.43,100.0,32.19,3.0
957,Diamondback Women's Serene Classic Comfort Bi,2015-11-20,13.0,13,13,1,67.81,3.43,100.0,32.19,3.0
957,Diamondback Women's Serene Classic Comfort Bi,2015-11-21,17.0,17,17,1,67.81,3.43,100.0,32.19,3.0
957,Diamondback Women's Serene Classic Comfort Bi,2015-11-22,12.0,12,12,1,67.81,3.43,100.0,32.19,3.0
957,Diamondback Women's Serene Classic Comfort Bi,2015-11-23,18.0,18,18,1,67.81,3.43,100.0,32.19,3.0
957,Diamondback Women's Serene Classic Comfort Bi,2015-11-24,19.0,19,19,1,67.81,3.43,100.0,32.19,3.0
957,Diamondback Women's Serene Classic Comfort Bi,2015-11-25,13.0,13,13,1,67.81,3.43,100.0,32.19,3.0
957,Diamondback Women's Serene Classic Comfort Bi,2015-11-26,18.0,18,18,1,67.81,3.43,100.0,32.19,3.0
957,Diamondback Women's Serene Classic Comfort Bi,2015-11-27,13.0,13,13,1,67.81,3.43,100.0,32.19,3.0
957,Diamondback Women's Serene Classic Comfort Bi,2015-11-28,9.0,9,9,1,67.81,3.43,100.0,32.19,3.0
957,Diamondback Women's Serene Classic Comfort Bi,2015-11-29,15.0,15,15,1,67.81,3.43,100.0,32.19,3.0
957,Diamondback Women's Serene Classic Comfort Bi,2015-11-30,11.0,11,11,1,67.81,3.43,100.0,32.19,3.0
957,Diamondback Women's Serene Classic Comfort Bi,2015-12-01,17.0,17,17,1,67.81,3.43,100.0,32.19,3.0
957,Diamondback Women's Serene Classic Comfort Bi,2015-12-02,6.0,6,6,1,67.81,3.43,100.0,32.19,3.0
957,Diamondback Women's Serene Classic Comfort Bi,2015-12-03,9.0,9,9,1,67.81,3.43,100.0,32.19,3.0
957,Diamondback Women's Serene Classic Comfort Bi,2015-12-04,9.0,9,9,1,67.81,3.43,100.0,32.19,3.0
957,Diamondback Women's Serene Classic Comfort Bi,2015-12-05,12.0,12,12,1,67.81,3.43,100.0,32.19,3.0
957,Diamondback Women's Serene Classic Comfort Bi,2015-12-06,13.0,13,13,1,67.81,3.43,100.0,32.19,3.0
957,Diamondback Women's Serene Classic Comfort Bi,2015-12-07,14.0,14,14,1,67.81,3.43,100.0,32.19,3.0
957,Diamondback Women's Serene Classic Comfort Bi,2015-12-08,11.0,11,11,1,67.81,3.43,100.0,32.19,3.0
957,Diamondback Women's Serene Classic Comfort Bi,2015-12-09,18.0,18,18,1,67.81,3.43,100.0,32.19,3.0
957,Diamondback Women's Serene Classic Comfort Bi,2015-12-10,13.0,13,13,1,67.81,3.43,100.0,32.19,3.0
957,Diamondback Women's Serene Classic Comfort Bi,2015-12-11,13.0,13,13,1,67.81,3.43,100.0,32.19,3.0
957,Diamondback Women's Serene Classic Comfort Bi,2015-12-12,12.0,12,12,1,67.81,3.43,100.0,32.19,3.0
957,Diamondback Women's Serene Classic Comfort Bi,2015-12-13,15.0,15,15,1,67.81,3.43,100.0,32.19,3.0
957,Diamondback Women's Serene Classic Comfort Bi,2015-12-14,17.0,17,17,1,67.81,3.43,100.0,32.19,3.0
957,Diamondback Women's Serene Classic Comfort Bi,2015-12-15,14.0,14,14,1,67.81,3.43,100.0,32.19,3.0
957,Diamondback Women's Serene Classic Comfort Bi,2015-12-16,11.0,11,11,1,67.81,3.43,100.0,32.19,3.0
957,Diamondback Women's Serene Classic Comfort Bi,2015-12-17,11.0,11,11,1,67.81,3.43,100.0,32.19,3.0
957,Diamondback Women's Serene Classic Comfort Bi,2015-12-18,10.0,10,10,1,67.81,3.43,100.0,32.19,3.0
957,Diamondback Women's Serene Classic Comfort Bi,2015-12-19,12.0,12,12,1,67.81,3.43,100.0,32.19,3.0
957,Diamondback Women's Serene Classic Comfort Bi,2015-12-20,9.0,9,9,1,67.81,3.43,100.0,32.19,3.0
957,Diamondback Women's Serene Classic Comfort Bi,2015-12-21,7.0,7,7,1,67.81,3.43,100.0,32.19,3.0
957,Diamondback Women's Serene Classic Comfort Bi,2015-12-22,4.0,4,4,1,67.81,3.43,100.0,32.19,3.0
957,Diamondback Women's Serene Classic Comfort Bi,2015-12-23,14.0,14,14,1,67.81,3.43,100.0,32.19,3.0
957,Diamondback Women's Serene Classic Comfort Bi,2015-12-24,11.0,11,11,1,67.81,3.43,100.0,32.19,3.0
957,Diamondback Women's Serene Classic Comfort Bi,2015-12-25,17.0,17,17,1,67.81,3.43,100.0,32.19,3.0
957,Diamondback Women's Serene Classic Comfort Bi,2015-12-26,11.0,11,11,1,67.81,3.43,100.0,32.19,3.0
957,Diamondback Women's Serene Classic Comfort Bi,2015-12-27,18.0,18,18,1,67.81,3.43,100.0,32.19,3.0
957,Diamondback Women's Serene Classic Comfort Bi,2015-12-28,13.0,13,13,1,67.81,3.43,100.0,32.19,3.0
957,Diamondback Women's Serene Classic Comfort Bi,2015-12-29,15.0,15,15,1,67.81,3.43,100.0,32.19,3.0
957,Diamondback Women's Serene Classic Comfort Bi,2015-12-30,18.0,18,18,1,67.81,3.43,100.0,32.19,3.0
957,Diamondback Women's Serene Classic Comfort Bi,2015-12-31,15.0,15,15,1,67.81,3.43,100.0,32.19,3.0
957,Diamondback Women's Serene Classic Comfort Bi,2016-01-01,18.0,18,18,1,67.81,3.43,100.0,32.19,3.0
957,Diamondback Women's Serene Classic Comfort Bi,2016-01-02,15.0,15,15,1,67.81,3.43,100.0,32.19,3.0
957,Diamondback Women's Serene Classic Comfort Bi,2016-01-03,14.0,14,14,1,67.81,3.43,100.0,32.19,3.0
957,Diamondback Women's Serene Classic Comfort Bi,2016-01-04,12.0,12,12,1,67.81,3.43,100.0,32.19,3.0
957,Diamondback Women's Serene Classic Comfort Bi,2016-01-05,7.0,7,7,1,67.81,3.43,100.0,32.19,3.0
957,Diamondback Women's Serene Classic Comfort Bi,2016-01-06,12.0,12,12,1,67.81,3.43,100.0,32.19,3.0
957,Diamondback Women's Serene Classic Comfort Bi,2016-01-07,10.0,10,10,1,67.81,3.43,100.0,32.19,3.0
957,Diamondback Women's Serene Classic Comfort Bi,2016-01-08,14.0,14,14,1,67.81,3.43,100.0,32.19,3.0
957,Diamondback Women's Serene Classic Comfort Bi,2016-01-09,15.0,15,15,1,67.81,3.43,100.0,32.19,3.0
957,Diamondback Women's Serene Classic Comfort Bi,2016-01-10,12.0,12,12,1,67.81,3.43,100.0,32.19,3.0
957,Diamondback Women's Serene Classic Comfort Bi,2016-01-11,20.0,20,20,1,67.81,3.43,100.0,32.19,3.0
957,Diamondback Women's Serene Classic Comfort Bi,2016-01-12,11.0,11,11,1,67.81,3.43,100.0,32.19,3.0
957,Diamondback Women's Serene Classic Comfort Bi,2016-01-13,13.0,13,13,1,67.81,3.43,100.0,32.19,3.0
957,Diamondback Women's Serene Classic Comfort Bi,2016-01-14,16.0,16,16,1,67.81,3.43,100.0,32.19,3.0
957,Diamondback Women's Serene Classic Comfort Bi,2016-01-15,12.0,12,12,1,67.81,3.43,100.0,32.19,3.0
957,Diamondback Women's Serene Classic Comfort Bi,2016-01-16,12.0,12,12,1,67.81,3.43,100.0,32.19,3.0
957,Diamondback Women's Serene Classic Comfort Bi,2016-01-17,17.0,17,17,1,67.81,3.43,100.0,32.19,3.0
957,Diamondback Women's Serene Classic Comfort Bi,2016-01-18,15.0,15,15,1,67.81,3.43,100.0,32.19,3.0
957,Diamondback Women's Serene Classic Comfort Bi,2016-01-19,14.0,14,14,1,67.81,3.43,100.0,32.19,3.0
957,Diamondback Women's Serene Classic Comfort Bi,2016-01-20,12.0,12,12,1,67.81,3.43,100.0,32.19,3.0
957,Diamondback Women's Serene Classic Comfort Bi,2016-01-21,12.0,12,12,1,67.81,3.43,100.0,32.19,3.0
957,Diamondback Women's Serene Classic Comfort Bi,2016-01-22,17.0,17,17,1,67.81,3.43,100.0,32.19,3.0
957,Diamondback Women's Serene Classic Comfort Bi,2016-01-23,14.0,14,14,1,67.81,3.43,100.0,32.19,3.0
957,Diamondback Women's Serene Classic Comfort Bi,2016-01-24,11.0,11,11,1,67.81,3.43,100.0,32.19,3.0
957,Diamondback Women's Serene Classic Comfort Bi,2016-01-25,12.0,12,12,1,67.81,3.43,100.0,32.19,3.0
957,Diamondback Women's Serene Classic Comfort Bi,2016-01-26,10.0,10,10,1,67.81,3.43,100.0,32.19,3.0
957,Diamondback Women's Serene Classic Comfort Bi,2016-01-27,17.0,17,17,1,67.81,3.43,100.0,32.19,3.0
957,Diamondback Women's Serene Classic Comfort Bi,2016-01-28,8.0,8,8,1,67.81,3.43,100.0,32.19,3.0
957,Diamondback Women's Serene Classic Comfort Bi,2016-01-29,10.0,10,10,1,67.81,3.43,100.0,32.19,3.0
957,Diamondback Women's Serene Classic Comfort Bi,2016-01-30,18.0,18,18,1,67.81,3.43,100.0,32.19,3.0
957,Diamondback Women's Serene Classic Comfort Bi,2016-01-31,16.0,16,16,1,67.81,3.43,100.0,32.19,3.0
957,Diamondback Women's Serene Classic Comfort Bi,2016-02-01,5.0,5,5,1,67.81,3.43,100.0,32.19,3.0
977,ENO Atlas Hammock Straps,2015-11-15,2.99,3,1,0,,,,,
977,ENO Atlas Hammock Straps,2015-11-16,4.99,5,1,0,,,,,
977,ENO Atlas Hammock Straps,2015-11-19,2.99,3,1,0,,,,,
977,ENO Atlas Hammock Straps,2015-11-21,4.99,5,1,0,,,,,
977,ENO Atlas Hammock Straps,2015-11-26,2.0,2,2,0,,,,,
977,ENO Atlas Hammock Straps,2015-11-28,1.0,1,1,0,,,,,
977,ENO Atlas Hammock Straps,2015-11-30,2.99,3,1,0,,,,,
977,ENO Atlas Hammock Straps,2015-12-02,5.0,5,1,0,,,,,
977,ENO Atlas Hammock Straps,2015-12-07,2.99,3,1,0,,,,,
977,ENO Atlas Hammock Straps,2015-12-09,4.01,4,1,0,,,,,
977,ENO Atlas Hammock Straps,2015-12-15,8.02,8,2,0,,,,,
977,ENO Atlas Hammock Straps,2015-12-28,2.01,2,1,0,,,,,
977,ENO Atlas Hammock Straps,2015-12-30,4.99,5,1,0,,,,,
977,ENO Atlas Hammock Straps,2016-01-01,1.99,2,1,0,,,,,
977,ENO Atlas Hammock Straps,2016-01-10,3.01,3,1,0,,,,,
977,ENO Atlas Hammock Straps,2016-01-11,5.0,5,1,0,,,,,
977,ENO Atlas Hammock Straps,2016-01-12,1.99,2,1,0,,,,,
977,ENO Atlas Hammock Straps,2016-01-15,2.99,3,1,0,,,,,
977,ENO Atlas Hammock Straps,2016-01-16,3.98,4,1,0,,,,,
977,ENO Atlas Hammock Straps,2016-01-21,5.0,5,1,0,,,,,
977,ENO Atlas Hammock Straps,2016-01-23,2.0,2,1,0,,,,,
977,ENO Atlas Hammock Straps,2016-01-27,5.0,5,1,0,,,,,
1004,Field & Stream Sportsman 16 Gun Fire Safe,2015-11-14,3.0,3,3,1,28.92875,3.75,100.0,71.07125,16.0
1004,Field & Stream Sportsman 16 Gun Fire Safe,2015-11-15,23.0,23,23,1,28.92875,3.75,100.0,71.07125,16.0
1004,Field & Stream Sportsman 16 Gun Fire Safe,2015-11-16,12.0,12,12,1,28.92875,3.75,100.0,71.07125,16.0
1004,Field & Stream Sportsman 16 Gun Fire Safe,2015-11-17,18.0,18,18,1,28.92875,3.75,100.0,71.07125,16.0
1004,Field & Stream Sportsman 16 Gun Fire Safe,2015-11-18,17.0,17,17,1,28.92875,3.75,100.0,71.07125,16.0
1004,Field & Stream Sportsman 16 Gun Fire Safe,2015-11-19,18.0,18,18,1,28.92875,3.75,100.0,71.07125,16.0
1004,Field & Stream Sportsman 16 Gun Fire Safe,2015-11-20,27.0,27,27,1,28.92875,3.75,100.0,71.07125,16.0
1004,Field & Stream Sportsman 16 Gun Fire Safe,2015-11-21,16.0,16,16,1,28.92875,3.75,100.0,71.07125,16.0
1004,Field & Stream Sportsman 16 Gun Fire Safe,2015-11-22,16.0,16,16,1,28.92875,3.75,100.0,71.07125,16.0
1004,Field & Stream Sportsman 16 Gun Fire Safe,2015-11-23,15.0,15,15,1,28.92875,3.75,100.0,71.07125,16.0
1004,Field & Stream Sportsman 16 Gun Fire Safe,2015-11-24,12.0,12,12,1,28.92875,3.75,100.0,71.07125,16.0
1004,Field & Stream Sportsman 16 Gun Fire Safe,2015-11-25,15.0,15,15,1,28.92875,3.75,100.0,71.07125,16.0
1004,Field & Stream Sportsman 16 Gun Fire Safe,2015-11-26,18.0,18,18,1,28.92875,3.75,100.0,71.07125,16.0
1004,Field & Stream Sportsman 16 Gun Fire Safe,2015-11-27,23.0,23,23,1,28.92875,3.75,100.0,71.07125,16.0
1004,Field & Stream Sportsman 16 Gun Fire Safe,2015-11-28,17.0,17,17,1,28.92875,3.75,100.0,71.07125,16.0
1004,Field & Stream Sportsman 16 Gun Fire Safe,2015-11-29,15.0,15,15,1,28.92875,3.75,100.0,71.07125,16.0
1004,Field & Stream Sportsman 16 Gun Fire Safe,2015-11-30,24.0,24,24,1,28.92875,3.75,100.0,71.07125,16.0
1004,Field & Stream Sportsman 16 Gun Fire Safe,2015-12-01,13.0,13,13,1,28.92875,3.75,100.0,71.07125,16.0
1004,Field & Stream Sportsman 16 Gun Fire Safe,2015-12-02,20.0,20,20,1,28.92875,3.75,100.0,71.07125,16.0
1004,Field & Stream Sportsman 16 Gun Fire Safe,2015-12-03,23.0,23,23,1,28.92875,3.75,100.0,71.07125,16.0
1004,Field & Stream Sportsman 16 Gun Fire Safe,2015-12-04,16.0,16,16,1,28.92875,3.75,100.0,71.07125,16.0
1004,Field & Stream Sportsman 16 Gun Fire Safe,2015-12-05,23.0,23,23,1,28.92875,3.75,100.0,71.07125,16.0
1004,Field & Stream Sportsman 16 Gun Fire Safe,2015-12-06,16.0,16,16,1,28.92875,3.75,100.0,71.07125,16.0
1004,Field & Stream Sportsman 16 Gun Fire Safe,2015-12-07,13.0,13,13,1,28.92875,3.75,100.0,71.07125,16.0
1004,Field & Stream Sportsman 16 Gun Fire Safe,2015-12-08,19.0,19,19,1,28.92875,3.75,100.0,71.07125,16.0
1004,Field & Stream Sportsman 16 Gun Fire Safe,2015-12-09,17.0,17,17,1,28.92875,3.75,100.0,71.07125,16.0
1004,Field & Stream Sportsman 16 Gun Fire Safe,2015-12-10,17.0,17,17,1,28.92875,3.75,100.0,71.07125,16.0
1004,Field & Stream Sportsman 16 Gun Fire Safe,2015-12-11,16.0,16,16,1,28.92875,3.75,100.0,71.07125,16.0
1004,Field & Stream Sportsman 16 Gun Fire Safe,2015-12-12,18.0,18,18,1,28.92875,3.75,100.0,71.07125,16.0
1004,Field & Stream Sportsman 16 Gun Fire Safe,2015-12-13,18.0,18,18,1,28.92875,3.75,100.0,71.07125,16.0
1004,Field & Stream Sportsman 16 Gun Fire Safe,2015-12-14,18.0,18,18,1,28.92875,3.75,100.0,71.07125,16.0
1004,Field & Stream Sportsman 16 Gun Fire Safe,2015-12-15,17.0,17,17,1,28.92875,3.75,100.0,71.07125,16.0
1004,Field & Stream Sportsman 16 Gun Fire Safe,2015-12-16,20.0,20,20,1,28.92875,3.75,100.0,71.07125,16.0
1004,Field & Stream Sportsman 16 Gun Fire Safe,2015-12-17,15.0,15,15,1,28.92875,3.75,100.0,71.07125,16.0
1004,Field & Stream Sportsman 16 Gun Fire Safe,2015-12-18,22.0,22,22,1,28.92875,3.75,100.0,71.07125,16.0
1004,Field & Stream Sportsman 16 Gun Fire Safe,2015-12-19,23.0,23,23,1,28.92875,3.75,100.0,71.07125,16.0
1004,Field & Stream Sportsman 16 Gun Fire Safe,2015-12-20,15.0,15,15,1,28.92875,3.75,100.0,71.07125,16.0
1004,Field & Stream Sportsman 16 Gun Fire Safe,2015-12-21,27.0,27,27,1,28.92875,3.75,100.0,71.07125,16.0
1004,Field & Stream Sportsman 16 Gun Fire Safe,2015-12-22,14.0,14,14,1,28.92875,3.75,100.0,71.07125,16.0
1004,Field & Stream Sportsman 16 Gun Fire Safe,2015-12-23,16.0,16,16,1,28.92875,3.75,100.0,71.07125,16.0
1004,Field & Stream Sportsman 16 Gun Fire Safe,2015-12-24,22.0,22,22,1,28.92875,3.75,100.0,71.07125,16.0
1004,Field & Stream Sportsman 16 Gun Fire Safe,2015-12-25,22.0,22,22,1,28.92875,3.75,100.0,71.07125,16.0
1004,Field & Stream Sportsman 16 Gun Fire Safe,2015-12-26,22.0,22,22,1,28.92875,3.75,100.0,71.07125,16.0
1004,Field & Stream Sportsman 16 Gun Fire Safe,2015-12-27,18.0,18,18,1,28.92875,3.75,100.0,71.07125,16.0
1004,Field & Stream Sportsman 16 Gun Fire Safe,2015-12-28,11.0,11,11,1,28.92875,3.75,100.0,71.07125,16.0
1004,Field & Stream Sportsman 16 Gun Fire Safe,2015-12-29,16.0,16,16,1,28.92875,3.75,100.0,71.07125,16.0
1004,Field & Stream Sportsman 16 Gun Fire Safe,2015-12-30,15.0,15,15,1,28.92875,3.75,100.0,71.07125,16.0
1004,Field & Stream Sportsman 16 Gun Fire Safe,2015-12-31,18.0,18,18,1,28.92875,3.75,100.0,71.07125,16.0
1004,Field & Stream Sportsman 16 Gun Fire Safe,2016-01-01,13.0,13,13,1,28.92875,3.75,100.0,71.07125,16.0
1004,Field & Stream Sportsman 16 Gun Fire Safe,2016-01-02,19.0,19,19,1,28.92875,3.75,100.0,71.07125,16.0
1004,Field & Stream Sportsman 16 Gun Fire Safe,2016-01-03,18.0,18,18,1,28.92875,3.75,100.0,71.07125,16.0
1004,Field & Stream Sportsman 16 Gun Fire Safe,2016-01-04,14.0,14,14,1,28.92875,3.75,100.0,71.07125,16.0
1004,Field & Stream Sportsman 16 Gun Fire Safe,2016-01-05,13.0,13,13,1,28.92875,3.75,100.0,71.07125,16.0
1004,Field & Stream Sportsman 16 Gun Fire Safe,2016-01-06,19.0,19,19,1,28.92875,3.75,100.0,71.07125,16.0
1004,Field & Stream Sportsman 16 Gun Fire Safe,2016-01-07,28.0,28,28,1,28.92875,3.75,100.0,71.07125,16.0
1004,Field & Stream Sportsman 16 Gun Fire Safe,2016-01-08,19.0,19,19,1,28.92875,3.75,100.0,71.07125,16.0
1004,Field & Stream Sportsman 16 Gun Fire Safe,2016-01-09,19.0,19,19,1,28.92875,3.75,100.0,71.07125,16.0
1004,Field & Stream Sportsman 16 Gun Fire Safe,2016-01-10,12.0,12,12,1,28.92875,3.75,100.0,71.07125,16.0
1004,Field & Stream Sportsman 16 Gun Fire Safe,2016-01-11,17.0,17,17,1,28.92875,3.75,100.0,71.07125,16.0
1004,Field & Stream Sportsman 16 Gun Fire Safe,2016-01-12,23.0,23,23,1,28.92875,3.75,100.0,71.07125,16.0
1004,Field & Stream Sportsman 16 Gun Fire Safe,2016-01-13,18.0,18,18,1,28.92875,3.75,100.0,71.07125,16.0
1004,Field & Stream Sportsman 16 Gun Fire Safe,2016-01-14,15.0,15,15,1,28.92875,3.75,100.0,71.07125,16.0
1004,Field & Stream Sportsman 16 Gun Fire Safe,2016-01-15,24.0,24,24,1,28.92875,3.75,100.0,71.07125,16.0
1004,Field & Stream Sportsman 16 Gun Fire Safe,2016-01-16,23.0,23,23,1,28.92875,3.75,100.0,71.07125,16.0
1004,Field & Stream Sportsman 16 Gun Fire Safe,2016-01-17,14.0,14,14,1,28.92875,3.75,100.0,71.07125,16.0
1004,Field & Stream Sportsman 16 Gun Fire Safe,2016-01-18,15.0,15,15,1,28.92875,3.75,100.0,71.07125,16.0
1004,Field & Stream Sportsman 16 Gun Fire Safe,2016-01-19,15.0,15,15,1,28.92875,3.75,100.0,71.07125,16.0
1004,Field & Stream Sportsman 16 Gun Fire Safe,2016-01-20,13.0,13,13,1,28.92875,3.75,100.0,71.07125,16.0
1004,Field & Stream Sportsman 16 Gun Fire Safe,2016-01-21,20.0,20,20,1,28.92875,3.75,100.0,71.07125,16.0
1004,Field & Stream Sportsman 16 Gun Fire Safe,2016-01-22,21.0,21,21,1,28.92875,3.75,100.0,71.07125,16.0
1004,Field & Stream Sportsman 16 Gun Fire Safe,2016-01-23,17.0,17,17,1,28.92875,3.75,100.0,71.07125,16.0
1004,Field & Stream Sportsman 16 Gun Fire Safe,2016-01-24,25.0,25,25,1,28.92875,3.75,100.0,71.07125,16.0
1004,Field & Stream Sportsman 16 Gun Fire Safe,2016-01-25,19.0,19,19,1,28.92875,3.75,100.0,71.07125,16.0
1004,Field & Stream Sportsman 16 Gun Fire Safe,2016-01-26,26.0,26,26,1,28.92875,3.75,100.0,71.07125,16.0
1004,Field & Stream Sportsman 16 Gun Fire Safe,2016-01-27,15.0,15,15,1,28.92875,3.75,100.0,71.07125,16.0
1004,Field & Stream Sportsman 16 Gun Fire Safe,2016-01-28,16.0,16,16,1,28.92875,3.75,100.0,71.07125,16.0
1004,Field & Stream Sportsman 16 Gun Fire Safe,2016-01-29,13.0,13,13,1,28.92875,3.75,100.0,71.07125,16.0
1004,Field & Stream Sportsman 16 Gun Fire Safe,2016-01-30,19.0,19,19,1,28.92875,3.75,100.0,71.07125,16.0
1004,Field & Stream Sportsman 16 Gun Fire Safe,2016-01-31,11.0,11,11,1,28.92875,3.75,100.0,71.07125,16.0
1004,Field & Stream Sportsman 16 Gun Fire Safe,2016-02-01,12.0,12,12,1,28.92875,3.75,100.0,71.07125,16.0
1014,O'Brien Men's Neoprene Life Vest,2015-11-14,37.0,37,13,1,32.392857142857146,4.55,100.0,67.60714285714286,7.0
1014,O'Brien Men's Neoprene Life Vest,2015-11-15,45.0,45,17,1,32.392857142857146,4.55,100.0,67.60714285714286,7.0
1014,O'Brien Men's Neoprene Life Vest,2015-11-16,56.0,56,19,1,32.392857142857146,4.55,100.0,67.60714285714286,7.0
1014,O'Brien Men's Neoprene Life Vest,2015-11-17,68.0,68,24,1,32.392857142857146,4.55,100.0,67.60714285714286,7.0
1014,O'Brien Men's Neoprene Life Vest,2015-11-18,36.0,36,13,1,32.392857142857146,4.55,100.0,67.60714285714286,7.0
1014,O'Brien Men's Neoprene Life Vest,2015-11-19,67.0,67,21,1,32.392857142857146,4.55,100.0,67.60714285714286,7.0
1014,O'Brien Men's Neoprene Life Vest,2015-11-20,65.0,65,23,1,32.392857142857146,4.55,100.0,67.60714285714286,7.0
1014,O'Brien Men's Neoprene Life Vest,2015-11-21,62.0,62,22,1,32.392857142857146,4.55,100.0,67.60714285714286,7.0
1014,O'Brien Men's Neoprene Life Vest,2015-11-22,56.0,56,20,1,32.392857142857146,4.55,100.0,67.60714285714286,7.0
1014,O'Brien Men's Neoprene Life Vest,2015-11-23,80.0,80,23,1,32.392857142857146,4.55,100.0,67.60714285714286,7.0
1014,O'Brien Men's Neoprene Life Vest,2015-11-24,47.0,47,19,1,32.392857142857146,4.55,100.0,67.60714285714286,7.0
1014,O'Brien Men's Neoprene Life Vest,2015-11-25,54.0,54,16,1,32.392857142857146,4.55,100.0,67.60714285714286,7.0
1014,O'Brien Men's Neoprene Life Vest,2015-11-26,72.0,72,24,1,32.392857142857146,4.55,100.0,67.60714285714286,7.0
1014,O'Brien Men's Neoprene Life Vest,2015-11-27,66.01,66,26,1,32.392857142857146,4.55,100.0,67.60714285714286,7.0
1014,O'Brien Men's Neoprene Life Vest,2015-11-28,55.01,55,20,1,32.392857142857146,4.55,100.0,67.60714285714286,7.0
1014,O'Brien Men's Neoprene Life Vest,2015-11-29,41.0,41,12,1,32.392857142857146,4.55,100.0,67.60714285714286,7.0
1014,O'Brien Men's Neoprene Life Vest,2015-11-30,31.0,31,10,1,32.392857142857146,4.55,100.0,67.60714285714286,7.0
1014,O'Brien Men's Neoprene Life Vest,2015-12-01,60.01,60,21,1,32.392857142857146,4.55,100.0,67.60714285714286,7.0
1014,O'Brien Men's Neoprene Life Vest,2015-12-02,73.01,73,24,1,32.392857142857146,4.55,100.0,67.60714285714286,7.0
1014,O'Brien Men's Neoprene Life Vest,2015-12-03,53.0,53,19,1,32.392857142857146,4.55,100.0,67.60714285714286,7.0
1014,O'Brien Men's Neoprene Life Vest,2015-12-04,40.0,40,15,1,32.392857142857146,4.55,100.0,67.60714285714286,7.0
1014,O'Brien Men's Neoprene Life Vest,2015-12-05,35.0,35,15,1,32.392857142857146,4.55,100.0,67.60714285714286,7.0
1014,O'Brien Men's Neoprene Life Vest,2015-12-06,50.0,50,16,1,32.392857142857146,4.55,100.0,67.60714285714286,7.0
1014,O'Brien Men's Neoprene Life Vest,2015-12-07,62.0,62,22,1,32.392857142857146,4.55,100.0,67.60714285714286,7.0
1014,O'Brien Men's Neoprene Life Vest,2015-12-08,52.0,52,19,1,32.392857142857146,4.55,100.0,67.60714285714286,7.0
1014,O'Brien Men's Neoprene Life Vest,2015-12-09,53.0,53,20,1,32.392857142857146,4.55,100.0,67.60714285714286,7.0
1014,O'Brien Men's Neoprene Life Vest,2015-12-10,54.0,54,18,1,32.392857142857146,4.55,100.0,67.60714285714286,7.0
1014,O'Brien Men's Neoprene Life Vest,2015-12-11,60.0,60,19,1,32.392857142857146,4.55,100.0,67.60714285714286,7.0
1014,O'Brien Men's Neoprene Life Vest,2015-12-12,55.0,55,17,1,32.392857142857146,4.55,100.0,67.60714285714286,7.0
1014,O'Brien Men's Neoprene Life Vest,2015-12-13,44.0,44,16,1,32.392857142857146,4.55,100.0,67.60714285714286,7.0
1014,O'Brien Men's Neoprene Life Vest,2015-12-14,42.0,42,16,1,32.392857142857146,4.55,100.0,67.60714285714286,7.0
1014,O'Brien Men's Neoprene Life Vest,2015-12-15,85.0,85,27,1,32.392857142857146,4.55,100.0,67.60714285714286,7.0
1014,O'Brien Men's Neoprene Life Vest,2015-12-16,77.01,77,30,1,32.392857142857146,4.55,100.0,67.60714285714286,7.0
1014,O'Brien Men's Neoprene Life Vest,2015-12-17,45.0,45,13,1,32.392857142857146,4.55,100.0,67.60714285714286,7.0
1014,O'Brien Men's Neoprene Life Vest,2015-12-18,61.0,61,23,1,32.392857142857146,4.55,100.0,67.60714285714286,7.0
1014,O'Brien Men's Neoprene Life Vest,2015-12-19,88.01,88,27,1,32.392857142857146,4.55,100.0,67.60714285714286,7.0
1014,O'Brien Men's Neoprene Life Vest,2015-12-20,64.01,64,19,1,32.392857142857146,4.55,100.0,67.60714285714286,7.0
1014,O'Brien Men's Neoprene Life Vest,2015-12-21,44.0,44,16,1,32.392857142857146,4.55,100.0,67.60714285714286,7.0
1014,O'Brien Men's Neoprene Life Vest,2015-12-22,47.0,47,14,1,32.392857142857146,4.55,100.0,67.60714285714286,7.0
1014,O'Brien Men's Neoprene Life Vest,2015-12-23,73.0,73,26,1,32.392857142857146,4.55,100.0,67.60714285714286,7.0
1014,O'Brien Men's Neoprene Life Vest,2015-12-24,88.01,88,27,1,32.392857142857146,4.55,100.0,67.60714285714286,7.0
1014,O'Brien Men's Neoprene Life Vest,2015-12-25,95.0,95,29,1,32.392857142857146,4.55,100.0,67.60714285714286,7.0
1014,O'Brien Men's Neoprene Life Vest,2015-12-26,44.0,44,16,1,32.392857142857146,4.55,100.0,67.60714285714286,7.0
1014,O'Brien Men's Neoprene Life Vest,2015-12-27,58.01,58,23,1,32.392857142857146,4.55,100.0,67.60714285714286,7.0
1014,O'Brien Men's Neoprene Life Vest,2015-12-28,77.0,77,22,1,32.392857142857146,4.55,100.0,67.60714285714286,7.0
1014,O'Brien Men's Neoprene Life Vest,2015-12-29,54.0,54,19,1,32.392857142857146,4.55,100.0,67.60714285714286,7.0
1014,O'Brien Men's Neoprene Life Vest,2015-12-30,78.0,78,24,1,32.392857142857146,4.55,100.0,67.60714285714286,7.0
1014,O'Brien Men's Neoprene Life Vest,2015-12-31,45.01,45,16,1,32.392857142857146,4.55,100.0,67.60714285714286,7.0
1014,O'Brien Men's Neoprene Life Vest,2016-01-01,38.0,38,19,1,32.392857142857146,4.55,100.0,67.60714285714286,7.0
1014,O'Brien Men's Neoprene Life Vest,2016-01-02,83.0,83,24,1,32.392857142857146,4.55,100.0,67.60714285714286,7.0
1014,O'Brien Men's Neoprene Life Vest,2016-01-03,51.0,51,19,1,32.392857142857146,4.55,100.0,67.60714285714286,7.0
1014,O'Brien Men's Neoprene Life Vest,2016-01-04,30.0,30,11,1,32.392857142857146,4.55,100.0,67.60714285714286,7.0
1014,O'Brien Men's Neoprene Life Vest,2016-01-05,56.0,56,17,1,32.392857142857146,4.55,100.0,67.60714285714286,7.0
1014,O'Brien Men's Neoprene Life Vest,2016-01-06,46.0,46,17,1,32.392857142857146,4.55,100.0,67.60714285714286,7.0
1014,O'Brien Men's Neoprene Life Vest,2016-01-07,64.0,64,22,1,32.392857142857146,4.55,100.0,67.60714285714286,7.0
1014,O'Brien Men's Neoprene Life Vest,2016-01-08,77.0,77,23,1,32.392857142857146,4.55,100.0,67.60714285714286,7.0
1014,O'Brien Men's Neoprene Life Vest,2016-01-09,39.0,39,11,1,32.392857142857146,4.55,100.0,67.60714285714286,7.0
1014,O'Brien Men's Neoprene Life Vest,2016-01-10,70.0,70,20,1,32.392857142857146,4.55,100.0,67.60714285714286,7.0
1014,O'Brien Men's Neoprene Life Vest,2016-01-11,72.0,72,24,1,32.392857142857146,4.55,100.0,67.60714285714286,7.0
1014,O'Brien Men's Neoprene Life Vest,2016-01-12,59.0,59,19,1,32.392857142857146,4.55,100.0,67.60714285714286,7.0
1014,O'Brien Men's Neoprene Life Vest,2016-01-13,48.0,48,17,1,32.392857142857146,4.55,100.0,67.60714285714286,7.0
1014,O'Brien Men's Neoprene Life Vest,2016-01-14,54.0,54,17,1,32.392857142857146,4.55,100.0,67.60714285714286,7.0
1014,O'Brien Men's Neoprene Life Vest,2016-01-15,59.0,59,23,1,32.392857142857146,4.55,100.0,67.60714285714286,7.0
1014,O'Brien Men's Neoprene Life Vest,2016-01-16,66.0,66,21,1,32.392857142857146,4.55,100.0,67.60714285714286,7.0
1014,O'Brien Men's Neoprene Life Vest,2016-01-17,67.0,67,19,1,32.392857142857146,4.55,100.0,67.60714285714286,7.0
1014,O'Brien Men's Neoprene Life Vest,2016-01-18,55.0,55,18,1,32.392857142857146,4.55,100.0,67.60714285714286,7.0
1014,O'Brien Men's Neoprene Life Vest,2016-01-19,64.0,64,21,1,32.392857142857146,4.55,100.0,67.60714285714286,7.0
1014,O'Brien Men's Neoprene Life Vest,2016-01-20,43.0,43,17,1,32.392857142857146,4.55,100.0,67.60714285714286,7.0
1014,O'Brien Men's Neoprene Life Vest,2016-01-21,61.0,61,23,1,32.392857142857146,4.55,100.0,67.60714285714286,7.0
1014,O'Brien Men's Neoprene Life Vest,2016-01-22,50.0,50,15,1,32.392857142857146,4.55,100.0,67.60714285714286,7.0
1014,O'Brien Men's Neoprene Life Vest,2016-01-23,60.0,60,22,1,32.392857142857146,4.55,100.0,67.60714285714286,7.0
1014,O'Brien Men's Neoprene Life Vest,2016-01-24,60.0,60,20,1,32.392857142857146,4.55,100.0,67.60714285714286,7.0
1014,O'Brien Men's Neoprene Life Vest,2016-01-25,77.0,77,24,1,32.392857142857146,4.55,100.0,67.60714285714286,7.0
1014,O'Brien Men's Neoprene Life Vest,2016-01-26,75.0,75,23,1,32.392857142857146,4.55,100.0,67.60714285714286,7.0
1014,O'Brien Men's Neoprene Life Vest,2016-01-27,62.0,62,22,1,32.392857142857146,4.55,100.0,67.60714285714286,7.0
1014,O'Brien Men's Neoprene Life Vest,2016-01-28,56.0,56,15,1,32.392857142857146,4.55,100.0,67.60714285714286,7.0
1014,O'Brien Men's Neoprene Life Vest,2016-01-29,59.0,59,18,1,32.392857142857146,4.55,100.0,67.60714285714286,7.0
1014,O'Brien Men's Neoprene Life Vest,2016-01-30,70.0,70,26,1,32.392857142857146,4.55,100.0,67.60714285714286,7.0
1014,O'Brien Men's Neoprene Life Vest,2016-01-31,59.0,59,20,1,32.392857142857146,4.55,100.0,67.60714285714286,7.0
1014,O'Brien Men's Neoprene Life Vest,2016-02-01,15.01,15,7,1,32.392857142857146,4.55,100.0,67.60714285714286,7.0
1073,Pelican Sunstream 100 Kayak,2015-11-14,8.0,8,8,1,42.893,3.0,100.0,57.10699999999999,10.0
1073,Pelican Sunstream 100 Kayak,2015-11-15,14.0,14,14,1,42.893,3.0,100.0,57.10699999999999,10.0
1073,Pelican Sunstream 100 Kayak,2015-11-16,21.0,21,21,1,42.893,3.0,100.0,57.10699999999999,10.0
1073,Pelican Sunstream 100 Kayak,2015-11-17,13.0,13,13,1,42.893,3.0,100.0,57.10699999999999,10.0
1073,Pelican Sunstream 100 Kayak,2015-11-18,20.0,20,20,1,42.893,3.0,100.0,57.10699999999999,10.0
1073,Pelican Sunstream 100 Kayak,2015-11-19,18.0,18,18,1,42.893,3.0,100.0,57.10699999999999,10.0
1073,Pelican Sunstream 100 Kayak,2015-11-20,10.0,10,10,1,42.893,3.0,100.0,57.10699999999999,10.0
1073,Pelican Sunstream 100 Kayak,2015-11-21,20.0,20,20,1,42.893,3.0,100.0,57.10699999999999,10.0
1073,Pelican Sunstream 100 Kayak,2015-11-22,14.0,14,14,1,42.893,3.0,100.0,57.10699999999999,10.0
1073,Pelican Sunstream 100 Kayak,2015-11-23,20.0,20,20,1,42.893,3.0,100.0,57.10699999999999,10.0
1073,Pelican Sunstream 100 Kayak,2015-11-24,14.0,14,14,1,42.893,3.0,100.0,57.10699999999999,10.0
1073,Pelican Sunstream 100 Kayak,2015-11-25,13.0,13,13,1,42.893,3.0,100.0,57.10699999999999,10.0
1073,Pelican Sunstream 100 Kayak,2015-11-26,16.0,16,16,1,42.893,3.0,100.0,57.10699999999999,10.0
1073,Pelican Sunstream 100 Kayak,2015-11-27,19.0,19,19,1,42.893,3.0,100.0,57.10699999999999,10.0
1073,Pelican Sunstream 100 Kayak,2015-11-28,12.0,12,12,1,42.893,3.0,100.0,57.10699999999999,10.0
1073,Pelican Sunstream 100 Kayak,2015-11-29,19.0,19,19,1,42.893,3.0,100.0,57.10699999999999,10.0
1073,Pelican Sunstream 100 Kayak,2015-11-30,18.0,18,18,1,42.893,3.0,100.0,57.10699999999999,10.0
1073,Pelican Sunstream 100 Kayak,2015-12-01,16.0,16,16,1,42.893,3.0,100.0,57.10699999999999,10.0
1073,Pelican Sunstream 100 Kayak,2015-12-02,19.0,19,19,1,42.893,3.0,100.0,57.10699999999999,10.0
1073,Pelican Sunstream 100 Kayak,2015-12-03,19.0,19,19,1,42.893,3.0,100.0,57.10699999999999,10.0
1073,Pelican Sunstream 100 Kayak,2015-12-04,14.0,14,14,1,42.893,3.0,100.0,57.10699999999999,10.0
1073,Pelican Sunstream 100 Kayak,2015-12-05,23.0,23,23,1,42.893,3.0,100.0,57.10699999999999,10.0
1073,Pelican Sunstream 100 Kayak,2015-12-06,21.0,21,21,1,42.893,3.0,100.0,57.10699999999999,10.0
1073,Pelican Sunstream 100 Kayak,2015-12-07,16.0,16,16,1,42.893,3.0,100.0,57.10699999999999,10.0
1073,Pelican Sunstream 100 Kayak,2015-12-08,12.0,12,12,1,42.893,3.0,100.0,57.10699999999999,10.0
1073,Pelican Sunstream 100 Kayak,2015-12-09,10.0,10,10,1,42.893,3.0,100.0,57.10699999999999,10.0
1073,Pelican Sunstream 100 Kayak,2015-12-10,23.0,23,23,1,42.893,3.0,100.0,57.10699999999999,10.0
1073,Pelican Sunstream 100 Kayak,2015-12-11,22.0,22,22,1,42.893,3.0,100.0,57.10699999999999,10.0
1073,Pelican Sunstream 100 Kayak,2015-12-12,23.0,23,23,1,42.893,3.0,100.0,57.10699999999999,10.0
1073,Pelican Sunstream 100 Kayak,2015-12-13,10.0,10,10,1,42.893,3.0,100.0,57.10699999999999,10.0
1073,Pelican Sunstream 100 Kayak,2015-12-14,24.0,24,24,1,42.893,3.0,100.0,57.10699999999999,10.0
1073,Pelican Sunstream 100 Kayak,2015-12-15,14.0,14,14,1,42.893,3.0,100.0,57.10699999999999,10.0
1073,Pelican Sunstream 100 Kayak,2015-12-16,9.0,9,9,1,42.893,3.0,100.0,57.10699999999999,10.0
1073,Pelican Sunstream 100 Kayak,2015-12-17,10.0,10,10,1,42.893,3.0,100.0,57.10699999999999,10.0
1073,Pelican Sunstream 100 Kayak,2015-12-18,15.0,15,15,1,42.893,3.0,100.0,57.10699999999999,10.0
1073,Pelican Sunstream 100 Kayak,2015-12-19,14.0,14,14,1,42.893,3.0,100.0,57.10699999999999,10.0
1073,Pelican Sunstream 100 Kayak,2015-12-20,18.0,18,18,1,42.893,3.0,100.0,57.10699999999999,10.0
1073,Pelican Sunstream 100 Kayak,2015-12-21,17.0,17,17,1,42.893,3.0,100.0,57.10699999999999,10.0
1073,Pelican Sunstream 100 Kayak,2015-12-22,13.0,13,13,1,42.893,3.0,100.0,57.10699999999999,10.0
1073,Pelican Sunstream 100 Kayak,2015-12-23,15.0,15,15,1,42.893,3.0,100.0,57.10699999999999,10.0
1073,Pelican Sunstream 100 Kayak,2015-12-24,14.0,14,14,1,42.893,3.0,100.0,57.10699999999999,10.0
1073,Pelican Sunstream 100 Kayak,2015-12-25,18.0,18,18,1,42.893,3.0,100.0,57.10699999999999,10.0
1073,Pelican Sunstream 100 Kayak,2015-12-26,14.0,14,14,1,42.893,3.0,100.0,57.10699999999999,10.0
1073,Pelican Sunstream 100 Kayak,2015-12-27,17.0,17,17,1,42.893,3.0,100.0,57.10699999999999,10.0
1073,Pelican Sunstream 100 Kayak,2015-12-28,16.0,16,16,1,42.893,3.0,100.0,57.10699999999999,10.0
1073,Pelican Sunstream 100 Kayak,2015-12-29,16.0,16,16,1,42.893,3.0,100.0,57.10699999999999,10.0
1073,Pelican Sunstream 100 Kayak,2015-12-30,14.0,14,14,1,42.893,3.0,100.0,57.10699999999999,10.0
1073,Pelican Sunstream 100 Kayak,2015-12-31,12.0,12,12,1,42.893,3.0,100.0,57.10699999999999,10.0
1073,Pelican Sunstream 100 Kayak,2016-01-01,15.0,15,15,1,42.893,3.0,100.0,57.10699999999999,10.0
1073,Pelican Sunstream 100 Kayak,2016-01-02,14.0,14,14,1,42.893,3.0,100.0,57.10699999999999,10.0
1073,Pelican Sunstream 100 Kayak,2016-01-03,15.0,15,15,1,42.893,3.0,100.0,57.10699999999999,10.0
1073,Pelican Sunstream 100 Kayak,2016-01-04,13.0,13,13,1,42.893,3.0,100.0,57.10699999999999,10.0
1073,Pelican Sunstream 100 Kayak,2016-01-05,9.01,9,9,1,42.893,3.0,100.0,57.10699999999999,10.0
1073,Pelican Sunstream 100 Kayak,2016-01-06,14.01,14,14,1,42.893,3.0,100.0,57.10699999999999,10.0
1073,Pelican Sunstream 100 Kayak,2016-01-07,19.01,19,19,1,42.893,3.0,100.0,57.10699999999999,10.0
1073,Pelican Sunstream 100 Kayak,2016-01-08,14.01,14,14,1,42.893,3.0,100.0,57.10699999999999,10.0
1073,Pelican Sunstream 100 Kayak,2016-01-09,10.0,10,10,1,42.893,3.0,100.0,57.10699999999999,10.0
1073,Pelican Sunstream 100 Kayak,2016-01-10,12.01,12,12,1,42.893,3.0,100.0,57.10699999999999,10.0
1073,Pelican Sunstream 100 Kayak,2016-01-11,19.0,19,19,1,42.893,3.0,100.0,57.10699999999999,10.0
1073,Pelican Sunstream 100 Kayak,2016-01-12,8.0,8,8,1,42.893,3.0,100.0,57.10699999999999,10.0
1073,Pelican Sunstream 100 Kayak,2016-01-13,16.0,16,16,1,42.893,3.0,100.0,57.10699999999999,10.0
1073,Pelican Sunstream 100 Kayak,2016-01-14,12.0,12,12,1,42.893,3.0,100.0,57.10699999999999,10.0
1073,Pelican Sunstream 100 Kayak,2016-01-15,14.0,14,14,1,42.893,3.0,100.0,57.10699999999999,10.0
1073,Pelican Sunstream 100 Kayak,2016-01-16,22.0,22,22,1,42.893,3.0,100.0,57.10699999999999,10.0
1073,Pelican Sunstream 100 Kayak,2016-01-17,16.0,16,16,1,42.893,3.0,100.0,57.10699999999999,10.0
1073,Pelican Sunstream 100 Kayak,2016-01-18,15.0,15,15,1,42.893,3.0,100.0,57.10699999999999,10.0
1073,Pelican Sunstream 100 Kayak,2016-01-19,12.0,12,12,1,42.893,3.0,100.0,57.10699999999999,10.0
1073,Pelican Sunstream 100 Kayak,2016-01-20,18.0,18,18,1,42.893,3.0,100.0,57.10699999999999,10.0
1073,Pelican Sunstream 100 Kayak,2016-01-21,12.0,12,12,1,42.893,3.0,100.0,57.10699999999999,10.0
1073,Pelican Sunstream 100 Kayak,2016-01-22,11.0,11,11,1,42.893,3.0,100.0,57.10699999999999,10.0
1073,Pelican Sunstream 100 Kayak,2016-01-23,5.0,5,5,1,42.893,3.0,100.0,57.10699999999999,10.0
1073,Pelican Sunstream 100 Kayak,2016-01-24,15.0,15,15,1,42.893,3.0,100.0,57.10699999999999,10.0
1073,Pelican Sunstream 100 Kayak,2016-01-25,14.0,14,14,1,42.893,3.0,100.0,57.10699999999999,10.0
1073,Pelican Sunstream 100 Kayak,2016-01-26,17.0,17,17,1,42.893,3.0,100.0,57.10699999999999,10.0
1073,Pelican Sunstream 100 Kayak,2016-01-27,18.0,18,18,1,42.893,3.0,100.0,57.10699999999999,10.0
1073,Pelican Sunstream 100 Kayak,2016-01-28,11.0,11,11,1,42.893,3.0,100.0,57.10699999999999,10.0
1073,Pelican Sunstream 100 Kayak,2016-01-29,19.0,19,19,1,42.893,3.0,100.0,57.10699999999999,10.0
1073,Pelican Sunstream 100 Kayak,2016-01-30,24.0,24,24,1,42.893,3.0,100.0,57.10699999999999,10.0
1073,Pelican Sunstream 100 Kayak,2016-01-31,21.0,21,21,1,42.893,3.0,100.0,57.10699999999999,10.0
1073,Pelican Sunstream 100 Kayak,2016-02-01,7.0,7,7,1,42.893,3.0,100.0,57.10699999999999,10.0
